date,pilgrims_raw,tonsures_raw,hundi_raw,laddu_raw,annaprasadam_raw,medical_raw,waiting_compartments_raw,waiting_time_raw,source_url,scrape_status,year,month,day,day_of_week,day_name,week_number,quarter,day_of_year,is_weekend,is_saturday,is_sunday,is_month_start,is_month_end,dow_sin,dow_cos,doy_sin,doy_cos,is_public_holiday,is_ap_holiday,is_telangana_holiday,is_tamilnadu_holiday,is_karnataka_holiday,is_kerala_holiday,is_any_source_state_holiday,holiday_name,is_long_weekend,is_bridge_day,days_to_nearest_holiday,tithi_number,paksha,is_ekadashi,is_pournami,is_amavasya,is_purattasi_saturday,is_karthika_masam,is_shravana_masam,is_margashirsha_masam,is_vaikunta_ekadashi,is_rathasapthami,is_teppotsavam,is_brahmotsavam,is_garuda_seva,is_pushpayagam,is_summer_vacation,is_dasara_vacation,is_christmas_vacation,is_sankranti_vacation,season,is_winter,is_summer,is_monsoon,is_post_monsoon,is_exam_season,is_festive_season,pilgrims_lag_1d,pilgrims_lag_7d,pilgrims_lag_14d,pilgrims_roll7_mean,pilgrims_roll28_mean,pilgrims_same_dow_lag_1w
2023-01-01,,,,,,,,,,not_found,2023,1,1,6,Sunday,52,1,1,1,0,1,1,0,-0.7818314824680299,0.6234898018587334,0.0172015754182605,0.9998520419557736,0,0,0,0,0,0,0,,0,0,25,10,shukla,0,0,0,0,0,0,1,0,0,0,0,0,0,0,0,0,0,winter,1,0,0,0,0,1,,,,,,
2023-01-02,,,,,,,,,,not_found,2023,1,2,0,Monday,1,1,2,0,0,0,0,0,0.0,1.0,0.034398060613608,0.9994082116062598,0,0,0,0,0,0,0,,0,0,24,11,shukla,1,0,0,0,0,0,1,1,0,0,0,0,0,0,0,0,0,winter,1,0,0,0,0,1,,,,,,
2023-01-03,,,,,,,,,,not_found,2023,1,3,1,Tuesday,1,1,3,0,0,0,0,0,0.7818314824680298,0.6234898018587336,0.0515843668694083,0.9986686402879996,0,0,0,0,0,0,0,,0,0,23,12,shukla,0,0,0,0,0,0,1,0,0,0,0,0,0,0,0,0,0,winter,1,0,0,0,0,1,,,,,,
2023-01-04,,,,,,,,,,not_found,2023,1,4,2,Wednesday,1,1,4,0,0,0,0,0,0.9749279121818236,-0.2225209339563143,0.0687554084811394,0.9976335468520452,0,0,0,0,0,0,0,,0,0,22,13,shukla,0,0,0,0,0,0,1,0,0,0,0,0,0,0,0,0,0,winter,1,0,0,0,0,1,,,,,,
2023-01-05,,,,,,,,,,not_found,2023,1,5,3,Thursday,1,1,5,0,0,0,0,0,0.4338837391175582,-0.900968867902419,0.0859061042613327,0.9963032375991964,0,0,0,0,0,0,0,,0,0,21,14,shukla,0,0,0,0,0,0,1,0,0,0,0,0,0,0,0,0,0,winter,1,0,0,0,0,1,,,,,,
2023-01-06,,,,,,,,,,not_found,2023,1,6,4,Friday,1,1,6,0,0,0,0,0,-0.433883739117558,-0.9009688679024191,0.1030313790431787,0.9946781061893646,0,0,0,0,0,0,0,,0,0,20,15,shukla,0,1,0,0,0,0,1,0,0,0,0,0,0,0,0,0,0,winter,1,0,0,0,0,1,,,,,,
2023-01-07,,,,,,,,,,not_found,2023,1,7,5,Saturday,1,1,7,1,1,0,0,0,-0.9749279121818236,-0.2225209339563146,0.1201261651823505,0.9927586335250792,0,0,0,0,0,0,0,,0,0,19,16,krishna,0,0,0,0,0,0,1,0,0,0,0,0,0,0,0,0,0,winter,1,0,0,0,0,1,,,,,,
2023-01-08,,,,,,,,,,not_found,2023,1,8,6,Sunday,1,1,8,1,0,1,0,0,-0.7818314824680299,0.6234898018587334,0.1371854040566005,0.9905453876091832,0,0,0,0,0,0,0,,0,0,18,16,krishna,0,0,0,0,0,0,1,0,0,0,0,0,0,0,0,0,0,winter,1,0,0,0,0,1,,,,,,
2023-01-09,,,,,,,,,,not_found,2023,1,9,0,Monday,2,1,9,0,0,0,0,0,0.0,1.0,0.1542040475626894,0.988039023376751,0,0,0,0,0,0,0,,0,0,17,17,krishna,0,0,0,0,0,0,1,0,0,0,0,0,0,0,0,0,0,winter,1,0,0,0,0,1,,,,,,
2023-01-10,,,,,,,,,,not_found,2023,1,10,1,Tuesday,2,1,10,0,0,0,0,0,0.7818314824680298,0.6234898018587336,0.1711770596101998,0.985240282501282,0,0,0,0,0,0,0,,0,0,16,18,krishna,0,0,0,0,0,0,1,0,0,0,0,0,0,0,0,0,0,winter,1,0,0,0,0,1,,,,,,
2023-01-11,,,,,,,,,,not_found,2023,1,11,2,Wednesday,2,1,11,0,0,0,0,0,0.9749279121818236,-0.2225209339563143,0.1880994176117975,0.9821499931752292,0,0,0,0,0,0,0,,0,0,15,19,krishna,0,0,0,0,0,0,1,0,0,0,0,0,0,0,0,0,0,winter,1,0,0,0,0,1,,,,,,
2023-01-12,,,,,,,,,,not_found,2023,1,12,3,Thursday,2,1,12,0,0,0,0,0,0.4338837391175582,-0.900968867902419,0.2049661139694953,0.9787690698649216,0,0,0,0,0,0,0,,0,0,14,20,krishna,0,0,0,0,0,0,1,0,0,0,0,0,0,0,0,0,1,winter,1,0,0,0,0,1,,,,,,
2023-01-13,,,,,,,,,,not_found,2023,1,13,4,Friday,2,1,13,0,0,0,0,0,-0.433883739117558,-0.9009688679024191,0.2217721575564818,0.975098513039961,0,0,0,0,0,0,0,,0,0,13,21,krishna,0,0,0,0,0,0,1,0,0,0,0,0,0,0,0,0,1,winter,1,0,0,0,0,1,,,,,,
2023-01-14,,,,,,,,,,not_found,2023,1,14,5,Saturday,2,1,14,1,1,0,0,0,-0.9749279121818236,-0.2225209339563146,0.2385125751940764,0.9711394088771652,0,0,0,0,0,0,0,,0,0,12,22,krishna,0,0,0,0,0,0,1,0,0,0,0,0,0,0,0,0,1,winter,1,0,0,0,0,1,,,,,,
2023-01-15,"76,307","29,573",3.41,,,,24,18,https://news.tirumala.org/total-pilgrims-who-had-darshan-on-15-01-2023-76307/,ok,2023,1,15,6,Sunday,2,1,15,1,0,1,0,0,-0.7818314824680299,0.6234898018587334,0.2551824131233728,0.966892928939152,0,0,0,1,0,0,1,,0,0,11,23,krishna,0,0,0,0,0,0,0,0,0,0,0,0,0,0,0,0,1,winter,1,0,0,0,0,1,,,,,,
2023-01-16,"69,804","29,615",3.54,,,,26,16,https://news.tirumala.org/total-pilgrims-who-had-darshan-on-16-01-2023-69804/,ok,2023,1,16,0,Monday,3,1,16,0,0,0,0,0,0.0,1.0,0.2717767384711357,0.9623603298276544,0,0,0,1,0,0,1,,0,0,10,24,krishna,0,0,0,0,0,0,0,0,0,0,0,0,0,0,0,0,1,winter,1,0,0,0,0,1,76307.0,,,,,
2023-01-17,"74,236","27,269",4.19,,,,09,16,https://news.tirumala.org/total-pilgrims-who-had-darshan-on-17-01-2023-74236/,ok,2023,1,17,1,Tuesday,3,1,17,0,0,0,0,0,0.7818314824680298,0.6234898018587336,0.2882906407095177,0.957542952811672,0,0,0,1,0,0,1,,0,0,9,25,krishna,0,0,0,0,0,0,0,0,0,0,0,0,0,0,0,0,0,winter,1,0,0,0,0,1,69804.0,,,,,
2023-01-18,"76,229","31,381",3.46,,,,17,24,https://news.tirumala.org/total-pilgrims-who-had-darshan-on-18-01-2023-76229/,ok,2023,1,18,2,Wednesday,3,1,18,0,0,0,0,0,0.9749279121818236,-0.2225209339563143,0.3047192331091634,0.9524422234305676,0,0,0,0,0,0,0,,0,0,8,26,krishna,1,0,0,0,0,0,0,0,0,0,0,0,0,0,0,0,0,winter,1,0,0,0,0,1,74236.0,,,73449.0,,
2023-01-19,"67,511","26,948",4.33,,,,24,16,https://news.tirumala.org/total-pilgrims-who-had-darshan-on-19-01-2023-67511/,ok,2023,1,19,3,Thursday,3,1,19,0,0,0,0,0,0.4338837391175582,-0.900968867902419,0.321057654185271,0.9470596510722284,0,0,0,0,0,0,0,,0,0,7,27,krishna,0,0,0,0,0,0,0,0,0,0,0,0,0,0,0,0,0,winter,1,0,0,0,0,1,76229.0,,,74144.0,,
2023-01-20,,,,,,,,,,not_found,2023,1,20,4,Friday,3,1,20,0,0,0,0,0,-0.433883739117558,-0.9009688679024191,0.3373010691361842,0.9413968285264122,0,0,0,0,0,0,0,,0,0,6,28,krishna,0,0,0,0,0,0,0,0,0,0,0,0,0,0,0,0,0,winter,1,0,0,0,0,1,67511.0,,,72817.4,,
2023-01-21,"78,158","27,090",3.73,,,,12,18,https://news.tirumala.org/total-pilgrims-who-had-darshan-on-21-01-2023-67511/,ok,2023,1,21,5,Saturday,3,1,21,1,1,0,0,0,-0.9749279121818236,-0.2225209339563146,0.3534446712740877,0.9354554315134164,0,0,0,0,0,0,0,,0,0,5,30,krishna,0,0,1,0,0,0,0,0,0,0,0,0,0,0,0,0,0,winter,1,0,0,0,0,1,,,,72817.4,,
2023-01-22,"72,998","24,852",4.51,,,,02,12,https://news.tirumala.org/total-pilgrims-who-had-darshan-on-22-01-2023-72998/,ok,2023,1,22,6,Sunday,3,1,22,1,0,1,0,0,-0.7818314824680299,0.6234898018587334,0.3694836834473831,0.9292372181882051,0,0,0,0,0,0,0,,0,0,4,1,shukla,0,0,0,0,0,0,0,0,0,0,0,0,0,0,0,0,0,winter,1,0,0,0,0,1,78158.0,76307.0,,73707.5,,76307.0
2023-01-23,"70,413","32,206",3.37,,,,10,18,https://news.tirumala.org/total-pilgrims-who-had-darshan-on-23-01-2023-70413/,ok,2023,1,23,0,Monday,4,1,23,0,0,0,0,0,0.0,1.0,0.3854133594543256,0.9227440286201428,0,0,0,0,0,0,0,,0,0,3,2,shukla,0,0,0,0,0,0,0,0,0,0,0,0,0,0,0,0,0,winter,1,0,0,0,0,1,72998.0,69804.0,,73156.0,73606.14285714286,69804.0
2023-01-24,"69,221","24,409",5.45,,,,02,12,https://news.tirumala.org/total-pilgrims-who-had-darshan-on-24-01-2023-69221/,ok,2023,1,24,1,Tuesday,4,1,24,0,0,0,0,0,0.7818314824680298,0.6234898018587336,0.4012289854475009,0.9159777842484876,0,0,0,0,0,0,0,,0,0,2,3,shukla,0,0,0,0,0,0,0,0,0,0,0,0,0,0,0,0,0,winter,1,0,0,0,0,1,70413.0,74236.0,,73257.5,73207.0,74236.0
2023-01-25,"67,493","24,958",4.82,,,,03,15,https://news.tirumala.org/total-pilgrims-who-had-darshan-on-25-01-2023-67493/,ok,2023,1,25,2,Wednesday,4,1,25,0,0,0,0,0,0.9749279121818236,-0.2225209339563143,0.4169258813287287,0.908940487313808,0,0,0,0,0,0,0,,0,0,1,4,shukla,0,0,0,0,0,0,0,0,0,0,0,0,0,0,0,0,0,winter,1,0,0,0,0,1,69221.0,76229.0,,72421.66666666667,72764.11111111111,76229.0
2023-01-26,"58,379","28,950",3.73,,,,Outside Line at ATGH,36,https://news.tirumala.org/total-pilgrims-who-had-darshan-on-26-01-2023-58379/,ok,2023,1,26,3,Thursday,4,1,26,0,0,0,0,0,0.4338837391175582,-0.900968867902419,0.4324994021339788,0.901634220265486,1,1,1,1,1,1,1,Republic Day,0,0,0,5,shukla,0,0,0,0,0,0,0,0,0,0,0,0,0,0,0,0,0,winter,1,0,0,0,0,1,67493.0,67511.0,,70965.66666666667,72237.0,67511.0
2023-01-27,,,,,,,,,,not_found,2023,1,27,4,Friday,4,1,27,0,0,0,0,0,-0.433883739117558,-0.9009688679024191,0.4479449394078911,0.8940611451454876,0,0,0,0,0,0,0,,0,1,-1,6,shukla,0,0,0,0,0,0,0,0,0,0,0,0,0,0,0,0,0,winter,1,0,0,0,0,1,58379.0,,,69443.66666666667,70977.18181818182,
2023-01-28,"80,094","32,219",3.15,,,,Out side Line at MBC,20,https://news.tirumala.org/total-pilgrims-who-had-darshan-on-28-01-2023-80094/,ok,2023,1,28,5,Saturday,4,1,28,1,1,0,0,0,-0.9749279121818236,-0.2225209339563146,0.4632579225674917,0.88622350294858,0,0,0,0,0,0,0,,0,0,-2,7,shukla,0,0,0,0,0,0,0,0,0,0,0,0,0,0,0,0,0,winter,1,0,0,0,0,1,,78158.0,,69443.66666666667,70977.18181818182,78158.0
2023-01-29,"78,639","25,131",4.16,,,,16,20,https://news.tirumala.org/total-pilgrims-who-had-darshan-on-29-01-2023-78639/,ok,2023,1,29,6,Sunday,4,1,29,1,0,1,0,0,-0.7818314824680299,0.6234898018587334,0.4784338202547012,0.8781236129591848,0,0,0,0,0,0,0,,0,0,-3,8,shukla,0,0,0,0,0,0,0,0,0,0,0,0,0,0,0,0,0,winter,1,0,0,0,0,1,80094.0,72998.0,76307.0,69766.33333333333,71736.91666666667,72998.0
2023-01-30,"74,242","25,862",4.08,,,,02,8,https://news.tirumala.org/total-pilgrims-who-had-darshan-on-30-01-2023-74242/,ok,2023,1,30,0,Monday,5,1,30,0,0,0,0,0,0.0,1.0,0.4934681416772373,0.8697638720650646,0,0,0,0,0,0,0,,0,0,-4,9,shukla,0,0,0,0,0,0,0,0,0,0,0,0,0,0,0,0,0,winter,1,0,0,0,0,1,78639.0,70413.0,69804.0,70706.5,72267.84615384616,70413.0
2023-01-31,"60,939","20,203",5.17,,,,02,8,https://news.tirumala.org/total-pilgrims-who-had-darshan-on-31-01-2023-60939/,ok,2023,1,31,1,Tuesday,5,1,31,0,0,0,0,1,0.7818314824680298,0.6234898018587336,0.5083564379375122,0.8611467540480452,0,0,0,0,0,0,0,,0,0,-5,10,shukla,0,0,0,0,0,0,0,0,0,0,0,0,0,0,0,0,0,winter,1,0,0,0,0,1,74242.0,69221.0,74236.0,71344.66666666667,72408.85714285714,69221.0
2023-02-01,"61,368","25,578",3.96,,,,07,12,https://news.tirumala.org/total-pilgrims-who-had-darshan-on-01-02-2023-61368/,ok,2023,2,1,2,Wednesday,5,1,32,0,0,0,1,0,0.9749279121818236,-0.2225209339563143,0.5230943033491326,0.8522748088519838,0,0,0,0,0,0,0,,0,0,-6,11,shukla,1,0,0,0,0,0,0,0,0,0,0,0,0,0,0,0,0,winter,1,0,0,0,1,0,60939.0,67493.0,76229.0,69964.33333333333,71644.2,67493.0
2023-02-02,"60,609","23,394",3.13,,,,14,12,https://news.tirumala.org/total-pilgrims-who-had-darshan-on-02-02-2023-60609/,ok,2023,2,2,3,Thursday,5,1,33,0,0,0,0,0,0.4338837391175582,-0.900968867902419,0.5376773767406141,0.8431506618282,0,0,0,0,0,0,0,,0,0,-7,12,shukla,0,0,0,0,0,0,0,0,0,0,0,0,0,0,0,0,0,winter,1,0,0,0,1,0,61368.0,58379.0,67511.0,68943.5,71001.9375,58379.0
2023-02-03,"57,147","26,094",3.78,,,,18,14,https://news.tirumala.org/total-pilgrims-who-had-darshan-on-03-02-2023-57147/,ok,2023,2,3,4,Friday,5,1,34,0,0,0,0,0,-0.433883739117558,-0.9009688679024191,0.5521013427459208,0.8337770129585915,0,0,0,0,0,0,0,,0,0,-8,13,shukla,0,0,0,0,0,0,0,0,0,0,0,0,0,0,0,0,0,winter,1,0,0,0,1,0,60609.0,,,69315.16666666667,70390.58823529411,
2023-02-04,"72,226","30,877",4.74,,,,Outside Line at Gokulam guest house circle.,30,https://news.tirumala.org/total-pilgrims-who-had-darshan-on-04-02-2023-72226/,ok,2023,2,4,5,Saturday,5,1,35,1,1,0,0,0,-0.9749279121818236,-0.2225209339563146,0.5663619330814524,0.8241566360566663,0,0,0,0,0,0,0,,0,0,-9,14,shukla,0,0,0,0,0,0,0,0,0,0,0,0,0,0,0,0,0,winter,1,0,0,0,1,0,57147.0,80094.0,78158.0,67576.85714285714,69654.83333333333,80094.0
2023-02-05,"78,340","27,063",4.3,,,,10,24,https://news.tirumala.org/total-pilgrims-who-had-darshan-on-05-02-2023-78340/,ok,2023,2,5,6,Sunday,5,1,36,1,0,1,0,0,-0.7818314824680299,0.6234898018587334,0.580454927809098,0.8142923779467267,0,0,0,0,0,0,0,,0,0,-10,15,shukla,0,1,0,0,0,0,0,0,0,0,0,0,0,0,0,0,0,winter,1,0,0,0,1,0,72226.0,78639.0,72998.0,66452.85714285714,69790.15789473684,78639.0
2023-02-06,"71,496","26,908",5.33,,,,02,8,https://news.tirumala.org/total-pilgrims-who-had-darshan-on-06-02-2023-71496/,ok,2023,2,6,0,Monday,6,1,37,0,0,0,0,0,0.0,1.0,0.5943761565849831,0.804187157621448,0,0,0,0,0,0,0,,0,0,-11,16,krishna,0,0,0,0,0,0,0,0,0,0,0,0,0,0,0,0,0,winter,1,0,0,0,1,0,78340.0,74242.0,70413.0,66410.14285714286,70217.65,74242.0
2023-02-07,"65,297","23,975",3.87,,,,02,8,https://news.tirumala.org/total-pilgrims-who-had-darshan-on-07-02-2023-65297/,ok,2023,2,7,1,Tuesday,6,1,38,0,0,0,0,0,0.7818314824680298,0.6234898018587336,0.6081214998935418,0.7938439653781019,0,0,0,0,0,0,0,,0,0,-12,17,krishna,0,0,0,0,0,0,0,0,0,0,0,0,0,0,0,0,0,winter,1,0,0,0,1,0,71496.0,60939.0,69221.0,66017.85714285714,70278.52380952382,60939.0
2023-02-08,"63,315","25,259",5.07,,,,05,14,https://news.tirumala.org/total-pilgrims-who-had-darshan-on-08-02-2023-63315/,ok,2023,2,8,2,Wednesday,6,1,39,0,0,0,0,0,0.9749279121818236,-0.2225209339563143,0.6216868902665479,0.7832658619336791,0,0,0,0,0,0,0,,0,0,-13,18,krishna,0,0,0,0,0,0,0,0,0,0,0,0,0,0,0,0,0,winter,1,0,0,0,1,0,65297.0,61368.0,67493.0,66640.42857142857,70052.09090909091,61368.0
2023-02-09,"59,090","22,593",4.03,,,,10,14,https://news.tirumala.org/total-pilgrims-who-had-darshan-on-09-02-2023-59090/,ok,2023,2,9,3,Thursday,6,1,40,0,0,0,0,0,0.4338837391175582,-0.900968867902419,0.6350683134867438,0.7724559775191742,0,0,0,0,0,0,0,,0,0,-14,19,krishna,0,0,0,0,0,0,0,0,0,0,0,0,0,0,0,0,0,winter,1,0,0,0,1,0,63315.0,60609.0,58379.0,66918.57142857143,69759.17391304347,60609.0
2023-02-10,,,,,,,,,,not_found,2023,2,10,4,Friday,6,1,41,0,0,0,0,0,-0.433883739117558,-0.9009688679024191,0.6482618097757122,0.7614175109532997,0,0,0,0,0,0,0,,0,0,-15,19,krishna,0,0,0,0,0,0,0,0,0,0,0,0,0,0,0,0,0,winter,1,0,0,0,1,0,59090.0,57147.0,,66701.57142857143,69314.625,57147.0
2023-02-11,"75,728","38,092",4.15,,,,Out side Line at TBC,30,https://news.tirumala.org/total-pilgrims-who-had-darshan-on-11-02-2023-75728/,ok,2023,2,11,5,Saturday,6,1,42,1,1,0,0,0,-0.9749279121818236,-0.2225209339563146,0.6612634749656386,0.7501537286959042,0,0,0,0,0,0,0,,0,0,-16,20,krishna,0,0,0,0,0,0,0,0,0,0,0,0,0,0,0,0,0,winter,1,0,0,0,1,0,,72226.0,80094.0,68294.0,69314.625,72226.0
2023-02-12,"80,969","26,777",4.18,,,,15,14,https://news.tirumala.org/total-pilgrims-who-had-darshan-on-12-02-2023-80969/,ok,2023,2,12,6,Sunday,6,1,43,1,0,1,0,0,-0.7818314824680299,0.6234898018587334,0.6740694616546161,0.7386679638813748,0,0,0,0,0,0,0,,0,0,-17,21,krishna,0,0,0,0,0,0,0,0,0,0,0,0,0,0,0,0,0,winter,1,0,0,0,1,0,75728.0,78340.0,78639.0,68877.66666666667,69571.16,78340.0
2023-02-13,"71,434","24,212",3.78,,,,15,14,https://news.tirumala.org/total-pilgrims-who-had-darshan-on-13-02-2023-71434/,ok,2023,2,13,0,Monday,7,1,44,0,0,0,0,0,0.0,1.0,0.6866759803451553,0.726963615332308,0,0,0,0,0,0,0,,0,0,-18,22,krishna,0,0,0,0,0,0,0,0,0,0,0,0,0,0,0,0,0,winter,1,0,0,0,1,0,80969.0,71496.0,74242.0,69315.83333333333,69757.64,71496.0
2023-02-14,"70,789","21,215",4.13,,,,10,24,https://news.tirumala.org/total-pilgrims-who-had-darshan-on-14-02-2023-70789/,ok,2023,2,14,1,Tuesday,7,1,45,0,0,0,0,0,0.7818314824680298,0.6234898018587336,0.6990793005655562,0.7150441465537444,0,0,0,0,0,0,0,,0,0,-19,23,krishna,0,0,0,0,0,0,0,0,0,0,0,0,0,0,0,0,0,winter,1,0,0,0,1,0,71434.0,65297.0,60939.0,69305.5,69822.84,65297.0
2023-02-15,"66,033","25,688",4.33,,,,12,24,https://news.tirumala.org/total-pilgrims-who-had-darshan-on-15-02-2023-66033/,ok,2023,2,15,2,Wednesday,7,1,46,0,0,0,0,0,0.9749279121818236,-0.2225209339563143,0.7112757519738152,0.7029130847082615,0,0,0,0,0,0,0,,0,0,-20,24,krishna,0,0,0,0,0,0,0,0,0,0,0,0,0,0,0,0,0,winter,1,0,0,0,1,0,70789.0,63315.0,61368.0,70220.83333333333,69684.96,63315.0
2023-02-16,"54,469","25,484",3.85,,,,31,30,https://news.tirumala.org/total-pilgrims-who-had-darshan-on-16-02-2023-54469/,ok,2023,2,16,3,Thursday,7,1,47,0,0,0,0,0,0.4338837391175582,-0.900968867902419,0.7232617254437388,0.6905740195722293,0,0,0,0,0,0,0,,0,0,20,26,krishna,1,0,0,0,0,0,0,0,0,0,0,0,0,0,0,0,0,winter,1,0,0,0,1,0,66033.0,59090.0,60609.0,70673.83333333333,69277.12,59090.0
2023-02-17,"65,633","23,352",3.68,,,,14,19,https://news.tirumala.org/total-pilgrims-who-had-darshan-on-17-02-2023-65633/,ok,2023,2,17,4,Friday,7,1,48,0,0,0,0,0,-0.433883739117558,-0.9009688679024191,0.7350336741329413,0.6780306024735382,0,0,0,0,0,0,0,,0,0,19,27,krishna,0,0,0,0,0,0,0,0,0,0,0,0,0,0,0,0,0,winter,1,0,0,0,1,0,54469.0,,57147.0,69903.66666666667,68755.44,
2023-02-18,"71,350","28,912",3.47,,,,24,22,https://news.tirumala.org/total-pilgrims-who-had-darshan-on-18-02-2023-71350/,ok,2023,2,18,5,Saturday,7,1,49,1,1,0,0,0,-0.9749279121818236,-0.2225209339563146,0.746588114532413,0.6652865452111116,0,0,0,0,0,0,0,,0,0,18,28,krishna,0,0,0,0,0,0,0,0,0,0,0,0,0,0,0,0,0,winter,1,0,0,0,1,0,65633.0,75728.0,72226.0,69293.57142857143,68635.34615384616,75728.0
2023-02-19,"79,555","21,504",4.44,,,,01,06,https://news.tirumala.org/total-pilgrims-who-had-darshan-on-19-02-2023-79555/,ok,2023,2,19,6,Sunday,7,1,50,1,0,1,0,0,-0.7818314824680299,0.6234898018587334,0.7579216274973472,0.6523456189565257,0,0,0,0,0,0,0,,0,0,17,29,krishna,0,0,0,0,0,0,0,0,0,0,0,0,0,0,0,0,0,winter,1,0,0,0,1,0,71350.0,80969.0,78340.0,68668.14285714286,68373.5,80969.0
2023-02-20,"61,374","19,691",4.2,,,,01,14,https://news.tirumala.org/total-pilgrims-who-had-darshan-on-20-02-2023-61374/,ok,2023,2,20,0,Monday,8,1,51,0,0,0,0,0,0.0,1.0,0.7690308592589181,0.6392116531380588,0,0,0,0,0,0,0,,0,0,16,30,krishna,0,0,1,0,0,0,0,0,0,0,0,0,0,0,0,0,0,winter,1,0,0,0,1,0,79555.0,71434.0,71496.0,68466.14285714286,68625.69230769231,71434.0
2023-02-21,"53,755","18,267",4.74,,,,Present Direct line,14,https://news.tirumala.org/total-pilgrims-who-had-darshan-on-21-02-2023-53755/,ok,2023,2,21,1,Tuesday,8,1,52,0,0,0,0,0,0.7818314824680298,0.6234898018587336,0.7799125224167177,0.6258885343075018,0,0,0,0,0,0,0,,0,0,15,1,shukla,0,0,0,0,0,0,0,0,0,0,0,0,0,0,0,0,0,winter,1,0,0,0,1,0,61374.0,70789.0,65297.0,67029.0,68278.03846153847,70789.0
2023-02-22,"62,101","25,896",3.37,,,,04,8,https://news.tirumala.org/total-pilgrims-who-had-darshan-on-22-02-2023-62101/,ok,2023,2,22,2,Wednesday,8,1,53,0,0,0,0,0,0.9749279121818236,-0.2225209339563143,0.7905633969115482,0.612380204990065,0,0,0,0,0,0,0,,0,0,14,3,shukla,0,0,0,0,0,0,0,0,0,0,0,0,0,0,0,0,0,winter,1,0,0,0,1,0,53755.0,66033.0,63315.0,64595.57142857143,67683.19230769231,66033.0
2023-02-23,"57,737","24,090",3.28,,,,22,24,https://news.tirumala.org/total-pilgrims-who-had-darshan-on-23-02-2023-57737/,ok,2023,2,23,3,Thursday,8,1,54,0,0,0,0,0,0.4338837391175582,-0.900968867902419,0.8009803309782905,0.5986906625177214,0,0,0,0,0,0,0,,0,0,13,4,shukla,0,0,0,0,0,0,0,0,0,0,0,0,0,0,0,0,0,winter,1,0,0,0,1,0,62101.0,54469.0,59090.0,64033.857142857145,67475.80769230769,54469.0
2023-02-24,"61,265","27,078",3.33,,,,18,18,https://news.tirumala.org/total-pilgrims-who-had-darshan-on-24-02-2023-61265/,ok,2023,2,24,4,Friday,8,1,55,0,0,0,0,0,-0.433883739117558,-0.9009688679024191,0.8111602420785621,0.5848239578463322,0,0,0,0,0,0,0,,0,0,12,5,shukla,0,0,0,0,0,0,0,0,0,0,0,0,0,0,0,0,0,winter,1,0,0,0,1,0,57737.0,65633.0,,64500.71428571428,67451.11538461539,65633.0
2023-02-25,"76,736","34,132",3.63,,,,22,24,https://news.tirumala.org/total-pilgrims-who-had-darshan-on-25-02-2023-76736/,ok,2023,2,25,5,Saturday,8,1,56,1,1,0,0,0,-0.9749279121818236,-0.2225209339563146,0.8211001178128892,0.5707841943569036,0,0,0,0,0,0,0,,0,0,11,6,shukla,0,0,0,0,0,0,0,0,0,0,0,0,0,0,0,0,0,winter,1,0,0,0,1,0,61265.0,71350.0,75728.0,63876.71428571428,67222.0,71350.0
2023-02-26,"81,170","27,236",4.23,,,,10,24,https://news.tirumala.org/total-pilgrims-who-had-darshan-on-26-02-2023-81170/,ok,2023,2,26,6,Sunday,8,1,57,1,0,1,0,0,-0.7818314824680299,0.6234898018587334,0.8307970168121247,0.5565755266413303,0,0,0,0,0,0,0,,0,0,10,7,shukla,0,0,0,0,0,0,0,0,1,0,0,0,0,0,0,0,0,winter,1,0,0,0,1,0,76736.0,79555.0,80969.0,64646.142857142855,67097.62962962964,79555.0
2023-02-27,"71,387","24,701",5.71,,,,Present Direct line,18,https://news.tirumala.org/total-pilgrims-who-had-darshan-on-27-02-2023-71387/,ok,2023,2,27,0,Monday,9,1,58,0,0,0,0,0,0.0,1.0,0.8402480696078469,0.5422021592729844,0,0,0,0,0,0,0,,0,0,9,8,shukla,0,0,0,0,0,0,0,0,0,0,0,0,0,0,0,0,0,winter,1,0,0,0,1,0,81170.0,61374.0,71434.0,64876.857142857145,67191.37037037036,61374.0
2023-02-28,"59,392","20,714",4.14,,,,Present Direct line,12,https://news.tirumala.org/total-pilgrims-who-had-darshan-on-28-02-2023-59392/,ok,2023,2,28,1,Tuesday,9,1,59,0,0,0,0,1,0.7818314824680298,0.6234898018587336,0.8494504794814806,0.527668345562516,0,0,0,0,0,0,0,,0,0,8,9,shukla,0,0,0,0,0,0,0,0,0,0,0,0,0,0,0,0,0,winter,1,0,0,0,1,0,71387.0,53755.0,70789.0,66307.28571428571,67085.62962962964,53755.0
2023-03-01,"60,931","24,038",3.67,,,,Present Direct line,16,https://news.tirumala.org/total-pilgrims-who-had-darshan-on-01-03-2023-60931/,ok,2023,3,1,2,Wednesday,9,1,60,0,0,0,1,0,0.9749279121818236,-0.2225209339563143,0.8584015232918917,0.512978386299228,0,0,0,0,0,0,0,,0,0,7,10,shukla,0,0,0,0,0,0,0,0,0,0,0,0,0,0,0,0,0,summer,0,1,0,0,1,0,59392.0,62101.0,66033.0,67112.57142857143,67028.33333333333,62101.0
2026-07-20,"80,214","36,994",4.81,4.18,2.25,"3,156",Outside line at Silathoranam.,24,https://news.tirumala.org/total-pilgrims-who-had-darshan-on-20-07-2026-80214/,ok,2026,7,20,0,Monday,30,3,201,0,0,0,0,0,0.0,1.0,-0.3108569682435036,-0.9504567035349152,0,0,0,0,0,0,0,,0,0,-24,7,shukla,0,0,0,0,0,0,0,0,0,0,0,0,0,0,0,0,0,monsoon,0,0,1,0,0,0,90956.0,75836.0,81692.0,78889.85714285714,80537.46428571429,75836.0
2026-07-21,"82,105","34,484",5.18,4.17,2.6,"3,790",Outside line at Silathoranam.,15 – 18,https://news.tirumala.org/total-pilgrims-who-had-darshan-on-21-07-2026-82105/,ok,2026,7,21,1,Tuesday,30,3,202,0,0,0,0,0,0.7818314824680298,0.6234898018587336,-0.3271603271220951,-0.9449688462364056,0,0,0,0,0,0,0,,0,0,-25,8,shukla,0,0,0,0,0,0,0,0,0,0,0,0,0,0,0,0,0,monsoon,0,0,1,0,0,0,80214.0,75485.0,80706.0,79515.28571428571,80330.07142857143,75485.0
2026-07-22,"77,874","35,302",4.92,4.16,2.63,"3,245",Outside line at Silathoranam.,20-24,https://news.tirumala.org/total-pilgrims-who-had-darshan-on-22-07-2026-77874/,ok,2026,7,22,2,Wednesday,30,3,203,0,0,0,0,0,0.9749279121818236,-0.2225209339563143,-0.343366873996388,-0.939201357453208,0,0,0,0,0,0,0,,0,0,-26,9,shukla,0,0,0,0,0,0,0,0,0,0,0,0,0,0,0,0,0,monsoon,0,0,1,0,0,0,82105.0,82255.0,82172.0,80461.0,80254.0,82255.0
2026-07-23,"70,216","27,606",4.77,4.08,2.78,"3,673",Outside line at Silathoranam.,18,https://news.tirumala.org/total-pilgrims-who-had-darshan-on-23-07-2026-70216/,ok,2026,7,23,3,Thursday,30,3,204,0,0,0,0,0,0.4338837391175582,-0.900968867902419,-0.3594718130884232,-0.9331559438780432,0,0,0,0,0,0,0,,0,0,-27,9,shukla,0,0,0,0,0,0,0,0,0,0,0,0,0,0,0,0,0,monsoon,0,0,1,0,0,0,77874.0,63556.0,70141.0,79835.14285714286,80530.25,63556.0
2023-03-02,"60,682","24,291",3.32,,,,10,14,https://news.tirumala.org/total-pilgrims-who-had-darshan-on-02-03-2023-60682/,ok,2023,3,2,3,Thursday,9,1,61,0,0,0,0,0,0.4338837391175582,-0.900968867902419,0.8670985522812081,0.4981366284784055,0,0,0,0,0,0,0,,0,0,6,10,shukla,0,0,0,0,0,0,0,0,0,0,0,0,0,0,0,0,0,summer,0,1,0,0,1,0,60931.0,57737.0,54469.0,66945.42857142857,67012.14814814815,57737.0
2023-03-03,"58,137","26,805",3.3,,,,11,12,https://news.tirumala.org/total-pilgrims-who-had-darshan-on-03-03-2023-58137/,ok,2023,3,3,4,Friday,9,1,62,0,0,0,0,0,-0.433883739117558,-0.9009688679024191,0.8755389928586302,0.4831474640149687,0,0,0,0,0,0,0,,0,0,5,11,shukla,1,0,0,0,0,0,0,0,0,0,0,0,0,0,0,0,0,summer,0,1,0,0,1,0,60682.0,61265.0,65633.0,67366.14285714286,67014.85185185185,61265.0
2023-03-04,"77,522","32,390",3.66,,,,14,24,https://news.tirumala.org/total-pilgrims-who-had-darshan-on-04-03-2023-77522/,ok,2023,3,4,5,Saturday,9,1,63,1,1,0,0,0,-0.9749279121818236,-0.2225209339563146,0.8837203473619977,0.4680153284438345,0,0,0,0,0,0,0,,0,0,4,12,shukla,0,0,0,0,0,0,0,0,0,0,0,0,0,0,0,0,0,summer,0,1,0,0,1,0,58137.0,76736.0,71350.0,66919.28571428571,67051.51851851853,76736.0
2023-03-05,"74,994","25,799",3.59,,,,Present Direct line,14,https://news.tirumala.org/total-pilgrims-who-had-darshan-on-05-03-2023-74994/,ok,2023,3,5,6,Sunday,9,1,64,1,0,1,0,0,-0.7818314824680299,0.6234898018587334,0.8916401947968874,0.452744699607371,0,0,0,0,0,0,0,,0,0,3,13,shukla,0,0,0,0,0,0,0,0,0,0,0,0,0,0,0,0,0,summer,0,1,0,0,1,0,77522.0,81170.0,79555.0,67031.57142857143,67247.66666666667,81170.0
2023-03-06,,,,,,,,,,not_found,2023,3,6,0,Monday,10,1,65,0,0,0,0,0,0.0,1.0,0.8992961915530253,0.4373400963303323,0,0,0,0,0,0,0,,0,0,2,14,shukla,0,0,0,0,0,0,0,0,0,0,0,0,0,0,0,0,0,summer,0,1,0,0,1,0,74994.0,71387.0,61374.0,66149.28571428571,67123.74074074074,71387.0
2023-03-07,"59,751","20,177",3.8,,,,Present Direct Line,12,https://news.tirumala.org/total-pilgrims-who-had-darshan-on-07-03-2023-59751/,ok,2023,3,7,1,Tuesday,10,1,66,0,0,0,0,0,0.7818314824680298,0.6234898018587336,0.9066860720977984,0.4218060770826634,0,0,0,0,0,0,0,,0,0,1,15,shukla,0,1,0,0,0,0,0,0,0,0,0,0,0,0,0,0,0,summer,0,1,0,0,1,0,,59392.0,53755.0,65276.333333333336,66955.57692307692,59392.0
2023-03-08,"61,921","23,141",3.68,,,,07,16,https://news.tirumala.org/total-pilgrims-who-had-darshan-on-08-03-2023-61921/,ok,2023,3,8,2,Wednesday,10,1,67,0,0,0,0,0,0.9749279121818236,-0.2225209339563143,0.9138076496466616,0.4061472386305789,1,1,1,1,1,1,1,Holi,0,0,0,16,krishna,0,0,0,0,0,0,0,0,0,0,0,0,0,0,0,0,0,summer,0,1,0,0,1,0,59751.0,60931.0,62101.0,65336.16666666666,66742.26923076923,60931.0
2023-03-09,"58,494","24,025",3.91,,,,24,24,https://news.tirumala.org/total-pilgrims-who-had-darshan-on-09-03-2023-58494/,ok,2023,3,9,3,Thursday,10,1,68,0,0,0,0,0,0.4338837391175582,-0.900968867902419,0.9206588168102428,0.3903682146763026,0,0,0,0,0,0,0,,0,0,-1,17,krishna,0,0,0,0,0,0,0,0,0,0,0,0,0,0,0,0,0,summer,0,1,0,0,1,0,61921.0,60682.0,57737.0,65501.16666666666,66688.65384615384,60682.0
2023-03-10,"63,443","26,741",3.8,,,,15,24,https://news.tirumala.org/total-pilgrims-who-had-darshan-on-10-03-2023-63443/,ok,2023,3,10,4,Friday,10,1,69,0,0,0,0,0,-0.433883739117558,-0.9009688679024191,0.9272375462179536,0.374473674486883,0,0,0,0,0,0,0,,0,0,-2,18,krishna,0,0,0,0,0,0,0,0,0,0,0,0,0,0,0,0,0,summer,0,1,0,0,1,0,58494.0,58137.0,61265.0,65136.5,66665.73076923077,58137.0
2023-03-11,"79,561","36,784",3.82,,,,20,24,https://news.tirumala.org/total-pilgrims-who-had-darshan-on-11-03-2023-79561/,ok,2023,3,11,5,Saturday,10,1,70,1,1,0,0,0,-0.9749279121818236,-0.2225209339563146,0.9335418911179212,0.3584683215124808,0,0,0,0,0,0,0,,0,0,-3,19,krishna,0,0,0,0,0,0,0,0,0,0,0,0,0,0,0,0,0,summer,0,1,0,0,1,0,63443.0,77522.0,76736.0,66020.83333333333,66546.37037037036,77522.0
2023-03-12,"81,458",,,,,,,,https://news.tirumala.org/total-pilgrims-who-had-darshan-on-12-03-2023-81458/,ok,2023,3,12,6,Sunday,10,1,71,1,0,1,0,0,-0.7818314824680299,0.6234898018587334,0.9395699859530622,0.342356891994542,0,0,0,0,0,0,0,,0,0,-4,20,krishna,0,0,0,0,0,0,0,0,0,0,0,0,0,0,0,0,0,summer,0,1,0,0,1,0,79561.0,74994.0,81170.0,66360.66666666667,66688.33333333333,74994.0
2023-03-13,"68,365","27,818",5.65,,,,05,24,https://news.tirumala.org/total-pilgrims-who-had-darshan-on-13-03-2023-68365/,ok,2023,3,13,0,Monday,11,1,72,0,0,0,0,0,0.0,1.0,0.945320046913132,0.3261441535642696,0,0,0,0,0,0,0,,0,0,-5,21,krishna,0,0,0,0,0,0,0,0,0,0,0,0,0,0,0,0,0,summer,0,1,0,0,1,0,81458.0,,71387.0,67438.0,66706.44444444444,
2023-03-14,"63,285","22,487",3.6,,,,Present Direct Line,8,https://news.tirumala.org/total-pilgrims-who-had-darshan-on-14-03-202363285/,ok,2023,3,14,1,Tuesday,11,1,73,0,0,0,0,0,0.7818314824680298,0.6234898018587336,0.9507903724625832,0.3098349038318025,0,0,0,0,0,0,0,,0,0,-6,22,krishna,0,0,0,0,0,0,0,0,0,0,0,0,0,0,0,0,0,summer,0,1,0,0,1,0,68365.0,59751.0,59392.0,67570.42857142857,66592.77777777778,59751.0
2023-03-15,"63,535","24,349",3.96,,,,Present Direct Line,8,https://news.tirumala.org/total-pilgrims-who-had-darshan-on-15-03-2023-63535/,ok,2023,3,15,2,Wednesday,11,1,74,0,0,0,0,0,0.9749279121818236,-0.2225209339563143,0.9559793438440766,0.2934339689665273,0,0,0,0,0,0,0,,0,0,-7,23,krishna,0,0,0,0,0,0,0,0,0,0,0,0,0,0,0,0,0,summer,0,1,0,0,1,0,63285.0,61921.0,60931.0,68075.28571428571,66314.85185185185,61921.0
2023-03-16,"59,776","25,773",3.72,,,,19,24,https://news.tirumala.org/total-pilgrims-who-had-darshan-on-16-03-2023-59776/,ok,2023,3,16,3,Thursday,11,1,75,0,0,0,0,0,0.4338837391175582,-0.900968867902419,0.9608854255574976,0.2769462022689364,0,0,0,0,0,0,0,,0,0,-8,24,krishna,0,0,0,0,0,0,0,0,0,0,0,0,0,0,0,0,0,summer,0,1,0,0,1,0,63535.0,58494.0,60682.0,68305.85714285714,66222.33333333333,58494.0
2023-03-17,"62,938","30,751",3.24,,,,18,24,https://news.tirumala.org/total-pilgrims-who-had-darshan-on-17-03-2023-62938/,ok,2023,3,17,4,Friday,11,1,76,0,0,0,0,0,-0.433883739117558,-0.9009688679024191,0.9655071658143364,0.2603764827344581,0,0,0,0,0,0,0,,0,0,-9,25,krishna,0,0,0,0,0,0,0,0,0,0,0,0,0,0,0,0,0,summer,0,1,0,0,1,0,59776.0,63443.0,58137.0,68489.0,66418.88888888889,63443.0
2023-03-18,"75,452","39,262",4.05,,,,Out side Line at TBC,36,https://news.tirumala.org/total-pilgrims-who-had-darshan-on-18-03-2023-75452/,ok,2023,3,18,5,Saturday,11,1,77,1,1,0,0,0,-0.9749279121818236,-0.2225209339563146,0.969843196967294,0.2437297136096838,0,0,0,0,0,0,0,,0,0,-10,26,krishna,1,0,0,0,0,0,0,0,0,0,0,0,0,0,0,0,0,summer,0,1,0,0,1,0,62938.0,79561.0,77522.0,68416.85714285714,66319.07407407407,79561.0
2023-03-19,"81,700","27,982",4.2,,,,7,24,https://news.tirumala.org/total-pilgrims-who-had-darshan-on-19-03-2023-81700/,ok,2023,3,19,6,Sunday,11,1,78,1,0,1,0,0,-0.7818314824680299,0.6234898018587334,0.9738922359149924,0.2270108209414184,0,0,0,0,0,0,0,,0,0,-11,27,krishna,0,0,0,0,0,0,0,0,0,0,0,0,0,0,0,0,0,summer,0,1,0,0,1,0,75452.0,81458.0,74994.0,67829.85714285714,66471.0,81458.0
2023-03-20,"62,824","21,718",4.96,,,,4,15,https://news.tirumala.org/total-pilgrims-who-had-darshan-on-20-03-2023-62824/,ok,2023,3,20,0,Monday,12,1,79,0,0,0,0,0,0.0,1.0,0.977653084481664,0.2102247521189836,0,0,0,0,0,0,0,,0,0,10,29,krishna,0,0,0,0,0,0,0,0,0,0,0,0,0,0,0,0,0,summer,0,1,0,0,1,0,81700.0,68365.0,,67864.42857142857,66550.44444444444,68365.0
2023-03-21,"57,559","18,150",4.26,,,,02,12,https://news.tirumala.org/total-pilgrims-who-had-darshan-on-21-03-2023-57559/,ok,2023,3,21,1,Tuesday,12,1,80,0,0,0,0,0,0.7818314824680298,0.6234898018587336,0.981124629771712,0.1933764744102058,0,0,0,0,0,0,0,,0,0,9,30,krishna,0,0,1,0,0,0,0,0,0,0,0,0,0,0,0,0,0,summer,0,1,0,0,1,0,62824.0,63285.0,59751.0,67072.85714285714,66604.14814814815,63285.0
2023-03-22,"53,146","18,655",3.0,,,,02,24,https://news.tirumala.org/total-pilgrims-who-had-darshan-on-22-03-2023-53146/,ok,2023,3,22,2,Wednesday,12,1,81,0,0,0,0,0,0.9749279121818236,-0.2225209339563143,0.984305844499033,0.1764709734915216,0,1,1,0,1,0,1,Ugadi,0,0,8,1,shukla,0,0,0,0,0,0,0,0,0,0,0,0,0,0,0,0,0,summer,0,1,0,0,1,0,57559.0,63535.0,61921.0,66254.85714285714,66745.03703703704,63535.0
2023-03-23,"58,955","25,113",2.5,,,,22,20,https://news.tirumala.org/total-pilgrims-who-had-darshan-on-23-03-2023-58955/,ok,2023,3,23,3,Thursday,12,1,82,0,0,0,0,0,0.4338837391175582,-0.900968867902419,0.9871957872910084,0.1595132519726365,0,0,0,0,0,0,0,,0,0,7,2,shukla,0,0,0,0,0,0,0,0,0,0,0,0,0,0,0,0,0,summer,0,1,0,0,1,0,53146.0,59776.0,58494.0,64770.71428571428,66413.37037037036,59776.0
2023-03-24,"63,507","29,205",3.72,,,,12,10,https://news.tirumala.org/total-pilgrims-who-had-darshan-on-24-03-2023-63507/,ok,2023,3,24,4,Friday,12,1,83,0,0,0,0,0,-0.433883739117558,-0.9009688679024191,0.9897936029670716,0.1425083279161708,0,0,0,0,0,0,0,,0,0,6,3,shukla,0,0,0,0,0,0,0,0,0,0,0,0,0,0,0,0,0,summer,0,1,0,0,1,0,58955.0,62938.0,63443.0,64653.42857142857,66458.48148148147,62938.0
2023-03-25,"77,856","35,783",3.94,,,,26,24,https://news.tirumala.org/total-pilgrims-who-had-darshan-on-25-03-2023-77856/,ok,2023,3,25,5,Saturday,12,1,84,1,1,0,0,0,-0.9749279121818236,-0.2225209339563146,0.992098522791769,0.1254612333527364,0,0,0,0,0,0,0,,0,0,5,4,shukla,0,0,0,0,0,0,0,0,0,0,0,0,0,0,0,0,0,summer,0,1,0,0,1,0,63507.0,75452.0,79561.0,64734.71428571428,66541.51851851853,75452.0
2023-03-26,"79,415","28,454",3.86,,,,05,12,https://news.tirumala.org/total-pilgrims-who-had-darshan-on-26-03-2023-79415/,ok,2023,3,26,6,Sunday,12,1,85,1,0,1,0,0,-0.7818314824680299,0.6234898018587334,0.9941098647022418,0.108377012791876,0,0,0,0,0,0,0,,0,0,4,5,shukla,0,0,0,0,0,0,0,0,0,0,0,0,0,0,0,0,0,summer,0,1,0,0,1,0,77856.0,81700.0,81458.0,65078.142857142855,66583.0,81700.0
2023-03-27,"67,886","29,107",4.56,,,,13,18,https://news.tirumala.org/total-pilgrims-who-had-darshan-on-27-03-2023-67886/,ok,2023,3,27,0,Monday,13,1,86,0,0,0,0,0,0.0,1.0,0.9958270335100596,0.0912607217293118,0,0,0,0,0,0,0,,0,0,3,6,shukla,0,0,0,0,0,0,0,0,0,0,0,0,0,0,0,0,0,summer,0,1,0,0,1,0,79415.0,62824.0,68365.0,64751.71428571428,66518.0,62824.0
2023-03-28,"70,605","24,947",4.79,,,,Direct Line,14,https://news.tirumala.org/total-pilgrims-who-had-darshan-on-28-03-2023-70605/,ok,2023,3,28,1,Tuesday,13,1,87,0,0,0,0,0,0.7818314824680298,0.6234898018587336,0.9972495210773452,0.0741174251509443,0,0,0,0,0,0,0,,0,0,2,7,shukla,0,0,0,0,0,0,0,0,0,0,0,0,0,0,0,0,0,summer,0,1,0,0,1,0,67886.0,57559.0,63285.0,65474.857142857145,66388.33333333333,57559.0
2023-03-29,"64,754","24,144",4.76,,,,10,16,https://news.tirumala.org/total-pilgrims-who-had-darshan-on-29-03-2023-64754/,ok,2023,3,29,2,Wednesday,13,1,88,0,0,0,0,0,0.9749279121818236,-0.2225209339563143,0.998376906467142,0.0569521960340397,0,0,0,0,0,0,0,,0,0,1,8,shukla,0,0,0,0,0,0,0,0,0,0,0,0,0,0,0,0,0,summer,0,1,0,0,1,0,70605.0,53146.0,63535.0,67338.57142857143,66803.62962962964,53146.0
2023-03-30,"60,699","23,096",4.0,,,,13,18,https://news.tirumala.org/total-pilgrims-who-had-darshan-on-30-03-2023-60699/,ok,2023,3,30,3,Thursday,13,1,89,0,0,0,0,0,0.4338837391175582,-0.900968867902419,0.9992088560679752,0.0397701138460557,1,1,1,1,1,1,1,Ram Navami,0,0,0,9,shukla,0,0,0,0,0,0,0,0,0,0,0,0,0,0,0,0,0,summer,0,1,0,0,1,0,64754.0,58955.0,59776.0,68996.85714285714,66945.22222222222,58955.0
2023-03-31,"61,425","26,430",3.01,,,,7,14,https://news.tirumala.org/total-pilgrims-who-had-darshan-on-31-03-2023-61425/,ok,2023,3,31,4,Friday,13,1,90,0,0,0,0,1,-0.433883739117558,-0.9009688679024191,0.9997451236925734,0.0225762630415454,0,0,0,0,0,0,0,,0,1,-1,10,shukla,0,0,0,0,0,0,0,0,0,0,0,0,0,0,0,0,0,summer,0,1,0,0,1,0,60699.0,63507.0,62938.0,69246.0,66945.85185185185,63507.0
2023-04-01,"75,510","36,272",3.69,,,,21,30,https://news.tirumala.org/total-pilgrims-who-had-darshan-on-01-04-2023-75510/,ok,2023,4,1,5,Saturday,13,2,91,1,1,0,1,0,-0.9749279121818236,-0.2225209339563146,0.9999855506507186,0.0053757315575838,0,0,0,0,0,0,0,,0,0,-2,11,shukla,1,0,0,0,0,0,0,0,0,1,0,0,0,0,0,0,0,summer,0,1,0,0,1,0,61425.0,77856.0,75452.0,68948.57142857143,67067.62962962964,77856.0
2023-04-02,"82,398","30,076",4.4,,,,14,24,https://news.tirumala.org/total-pilgrims-who-had-darshan-on-02-04-2023-82398/,ok,2023,4,2,6,Sunday,13,2,92,1,0,1,0,0,-0.7818314824680299,0.6234898018587334,0.9999300657962056,-0.0118263906918325,0,0,0,0,0,0,0,,0,0,2,12,shukla,0,0,0,0,0,0,0,0,0,1,0,0,0,0,0,0,0,summer,0,1,0,0,1,0,75510.0,79415.0,81700.0,68613.42857142857,66993.11111111111,79415.0
2023-04-03,"70,086","28,832",4.17,,,,15,24,https://news.tirumala.org/total-pilgrims-who-had-darshan-on-03-04-2023-70086/,ok,2023,4,3,0,Monday,14,2,93,0,0,0,0,0,0.0,1.0,0.9995786855478958,-0.0290250133219752,0,0,0,0,0,0,0,,0,1,1,12,shukla,0,0,0,0,0,0,0,0,0,1,0,0,0,0,0,0,0,summer,0,1,0,0,1,0,82398.0,67886.0,62824.0,69039.57142857143,67267.33333333333,67886.0
2023-04-04,"70,497","26,985",4.56,,,,11,24,https://news.tirumala.org/total-pilgrims-who-had-darshan-on-04-04-2023-70497/,ok,2023,4,4,1,Tuesday,14,2,94,0,0,0,0,0,0.7818314824680298,0.6234898018587336,0.9989315138848576,-0.0462150469837083,1,1,1,1,1,1,1,Mahavira's Birthday,0,0,0,13,shukla,0,0,0,0,0,0,0,0,0,1,0,0,0,0,0,0,0,summer,0,1,0,0,1,0,70086.0,70605.0,57559.0,69353.85714285714,67368.0,70605.0
2023-04-05,"73,208","30,642",4.12,,,,19,24,https://news.tirumala.org/total-pilgrims-who-had-darshan-on-05-04-2023-73208/,ok,2023,4,5,2,Wednesday,14,2,95,0,0,0,0,0,0.9749279121818236,-0.2225209339563143,0.9979887423155984,-0.0633914048695103,0,0,0,0,0,0,0,,0,0,-1,14,shukla,0,0,0,0,0,0,0,0,0,1,0,0,0,0,0,0,0,summer,0,1,0,0,1,0,70497.0,64754.0,53146.0,69338.42857142857,67751.78571428571,64754.0
2023-04-06,"60,101","30,991",,,,,30,30,https://news.tirumala.org/total-pilgrims-who-had-darshan-on-06-04-2023-60101/,ok,2023,4,6,3,Thursday,14,2,96,0,0,0,0,0,0.4338837391175582,-0.900968867902419,0.9967506498213928,-0.0805490042187416,0,0,0,0,0,0,0,,0,0,1,15,shukla,0,1,0,0,0,0,0,0,0,1,0,0,0,0,0,0,0,summer,0,1,0,0,1,0,73208.0,60699.0,58955.0,70546.14285714286,68154.89285714286,60699.0
2023-04-07,"71,782","36,844",3.28,,,,28,36,https://news.tirumala.org/total-pilgrims-who-had-darshan-on-07-04-2023-71782/,ok,2023,4,7,4,Friday,14,2,97,0,0,0,0,0,-0.433883739117558,-0.9009688679024191,0.9952176027737294,-0.0976827678217159,1,1,1,1,1,1,1,Good Friday,1,0,0,16,krishna,0,0,0,0,0,0,0,0,0,0,0,0,0,0,0,0,0,summer,0,1,0,0,1,0,60101.0,61425.0,63507.0,70460.71428571429,68212.28571428571,61425.0
2023-04-08,"85,450","43,862",4.21,,,,Out side line at Alwar Tank Guest House.,24,https://news.tirumala.org/total-pilgrims-who-had-darshan-on-08-04-2023-85450/,ok,2023,4,8,5,Saturday,14,2,98,1,1,0,0,0,-0.9749279121818236,-0.2225209339563146,0.9933900548258936,-0.114787625522127,0,0,0,0,0,0,0,,1,0,-1,17,krishna,0,0,0,0,0,0,0,0,0,0,0,0,0,0,0,0,0,summer,0,1,0,0,1,0,71782.0,75510.0,77856.0,71940.28571428571,68510.10714285714,75510.0
2023-04-09,"86,129","28,094",4.86,,,,11,24,https://news.tirumala.org/total-pilgrims-who-had-darshan-on-09-04-2023-86129/,ok,2023,4,9,6,Sunday,14,2,99,1,0,1,0,0,-0.7818314824680299,0.6234898018587334,0.9912685467787256,-0.1318585157173911,0,0,0,0,0,0,0,,1,0,-2,18,krishna,0,0,0,0,0,0,0,0,0,0,0,0,0,0,0,0,0,summer,0,1,0,0,1,0,85450.0,82398.0,79415.0,73360.28571428571,68720.42857142857,82398.0
2023-04-10,"69,781","27,552",5.16,,,,05,20,https://news.tirumala.org/total-pilgrims-who-had-darshan-on-10-04-2023-69781/,ok,2023,4,10,0,Monday,15,2,100,0,0,0,0,0,0.0,1.0,0.9888537064205885,-0.1488903868564548,0,0,0,0,0,0,0,,0,0,-3,19,krishna,0,0,0,0,0,0,0,0,0,0,0,0,0,0,0,0,0,summer,0,1,0,0,1,0,86129.0,70086.0,67886.0,73893.28571428571,68887.25,70086.0
2023-04-11,"65,314","24,715",4.48,,,,PRESENT DIRECT LINE,18,https://news.tirumala.org/total-pilgrims-who-had-darshan-on-11-04-2023-65314/,ok,2023,4,11,1,Tuesday,15,2,101,0,0,0,0,0,0.7818314824680298,0.6234898018587336,0.986146248341595,-0.1658781989346314,0,0,0,0,0,0,0,,0,0,3,20,krishna,0,0,0,0,0,0,0,0,0,0,0,0,0,0,0,0,0,summer,0,1,0,0,1,0,69781.0,70497.0,70605.0,73849.71428571429,68937.82142857143,70497.0
2023-04-12,"63,244","27,054",3.31,,,,02,12,https://news.tirumala.org/total-pilgrims-who-had-darshan-on-12-04-2023-63244/,ok,2023,4,12,2,Wednesday,15,2,102,0,0,0,0,0,0.9749279121818236,-0.2225209339563143,0.98314697372215,-0.1828169249850199,0,0,0,0,0,0,0,,0,0,2,22,krishna,0,0,0,0,0,0,0,0,0,0,0,0,0,0,0,0,0,summer,0,1,0,0,1,0,65314.0,73208.0,64754.0,73109.28571428571,69010.28571428571,73208.0
2023-04-13,"67,687","25,090",3.95,,,,16,16,https://news.tirumala.org/total-pilgrims-who-had-darshan-on-13-04-2023-67687/,ok,2023,4,13,3,Thursday,15,2,103,0,0,0,0,0,0.4338837391175582,-0.900968867902419,0.9798567700958664,-0.1997015525660636,0,0,0,0,0,0,0,,0,0,1,23,krishna,0,0,0,0,0,0,0,0,0,0,0,0,0,0,0,0,0,summer,0,1,0,0,1,0,63244.0,60101.0,60699.0,71685.85714285714,68999.89285714286,60101.0
2023-04-14,"66,310","31,980",3.16,,,,,36,https://news.tirumala.org/total-pilgrims-who-had-darshan-on-14-04-2023-66310/,ok,2023,4,14,4,Friday,15,2,104,0,0,0,0,0,-0.433883739117558,-0.9009688679024191,0.976276611086932,-0.2165270852448143,1,1,1,1,1,1,1,Dr. B. R. Ambedkar's Birthday,1,0,0,24,krishna,0,0,0,0,0,0,0,0,0,0,0,0,0,0,0,0,0,summer,0,1,0,0,1,0,67687.0,71782.0,61425.0,72769.57142857143,69282.42857142857,71782.0
2023-04-15,"81,305","34,342",3.71,,,,13,24,https://news.tirumala.org/total-pilgrims-who-had-darshan-on-15-04-2023-81305/,ok,2023,4,15,5,Saturday,15,2,105,1,1,0,0,0,-0.9749279121818236,-0.2225209339563146,0.9724075561219968,-0.2332885440754551,0,0,0,0,0,0,0,,1,0,-1,25,krishna,0,0,0,0,0,0,0,0,0,0,0,0,0,0,0,0,0,summer,0,1,0,0,1,0,66310.0,85450.0,75510.0,71987.85714285714,69402.85714285714,85450.0
2023-04-16,"76,201","28,587",3.98,,,,Present Direct Line,12,https://news.tirumala.org/total-pilgrims-who-had-darshan-on-16-04-2023-76201/,ok,2023,4,16,6,Sunday,15,2,106,1,0,1,0,0,-0.7818314824680299,0.6234898018587334,0.9682507501166718,-0.2499809690726521,0,0,0,0,0,0,0,,1,0,-2,26,krishna,1,0,0,0,0,0,0,0,0,0,0,0,0,0,0,0,0,summer,0,1,0,0,1,0,81305.0,86129.0,82398.0,71395.71428571429,69611.89285714286,86129.0
2023-04-17,"67,828","28,621",5.14,,,,03,10,https://news.tirumala.org/total-pilgrims-who-had-darshan-on-17-04-2023-67828/,ok,2023,4,17,0,Monday,16,2,107,0,0,0,0,0,0.0,1.0,0.9638074231367308,-0.2665994206792935,0,0,0,0,0,0,0,,0,0,-3,27,krishna,0,0,0,0,0,0,0,0,0,0,0,0,0,0,0,0,0,summer,0,1,0,0,1,0,76201.0,69781.0,70086.0,69977.42857142857,69415.5,69781.0
2023-04-18,"66,476","25,338",3.45,,,,Present Direct Line,14,https://news.tirumala.org/total-pilgrims-who-had-darshan-on-18-04-2023-66476/,ok,2023,4,18,1,Tuesday,16,2,108,0,0,0,0,0,0.7818314824680298,0.6234898018587336,0.9590788900341132,-0.2831389812281835,0,0,0,0,0,0,0,,0,0,-4,28,krishna,0,0,0,0,0,0,0,0,0,0,0,0,0,0,0,0,0,summer,0,1,0,0,1,0,67828.0,65314.0,70497.0,69698.42857142857,69594.21428571429,65314.0
2023-04-19,"56,680","18,947",3.54,,,,06,10,https://news.tirumala.org/total-pilgrims-who-had-darshan-on-19-04-2023-56680/,ok,2023,4,19,2,Wednesday,16,2,109,0,0,0,0,0,0.9749279121818236,-0.2225209339563143,0.9540665500578388,-0.2995947563972602,0,0,0,0,0,0,0,,0,0,3,29,krishna,0,0,0,0,0,0,0,0,0,0,0,0,0,0,0,0,0,summer,0,1,0,0,1,0,66476.0,63244.0,73208.0,69864.42857142857,69912.67857142857,63244.0
2023-04-20,,,,,,,,,,not_found,2023,4,20,3,Thursday,16,2,110,0,0,0,0,0,0.4338837391175582,-0.900968867902419,0.9487718864399473,-0.3159618766579029,0,0,0,0,0,0,0,,0,0,2,30,krishna,0,0,1,0,0,0,0,0,0,0,0,0,0,0,0,0,0,summer,0,1,0,0,1,0,56680.0,67687.0,60101.0,68926.71428571429,70038.89285714286,67687.0
2023-04-21,"57,354","24,398",3.4,,,,06,24,https://news.tirumala.org/total-pilgrims-who-had-darshan-on-21-04-2023-57354/,ok,2023,4,21,4,Friday,16,2,111,0,0,0,0,0,-0.433883739117558,-0.9009688679024191,0.9431964659565866,-0.3322354987159043,0,0,0,0,0,0,0,,0,0,1,1,shukla,0,0,0,0,0,0,0,0,0,0,0,0,0,0,0,0,0,summer,0,1,0,0,1,0,,66310.0,71782.0,69133.33333333333,70449.4074074074,66310.0
2023-04-22,"72,631","38,529",2.85,,,,19,18,https://news.tirumala.org/total-pilgrims-who-had-darshan-on-22-04-2023-72631/,ok,2023,4,22,5,Saturday,16,2,112,1,1,0,0,0,-0.9749279121818236,-0.2225209339563146,0.9373419384643772,-0.3484108069446808,1,1,1,1,1,1,1,Eid al-Fitr,0,0,0,2,shukla,0,0,0,0,0,0,0,0,0,0,0,0,0,0,0,0,0,summer,0,1,0,0,1,0,57354.0,81305.0,85450.0,67640.66666666667,70221.51851851853,81305.0
2023-04-23,"74,873","27,997",3.34,,,,02,12,https://news.tirumala.org/total-pilgrims-who-had-darshan-on-23-04-2023-74873/,ok,2023,4,23,6,Sunday,16,2,113,1,0,1,0,0,-0.7818314824680299,0.6234898018587334,0.9312100364121948,-0.3644830148102912,0,0,0,0,0,0,0,,0,0,-1,3,shukla,0,0,0,0,0,0,0,0,0,0,0,0,0,0,0,0,0,summer,0,1,0,0,1,0,72631.0,76201.0,86129.0,66195.0,70028.0,76201.0
2023-04-24,"63,870","27,480",3.88,,,,01,12,https://news.tirumala.org/total-pilgrims-who-had-darshan-on-24-04-2023-63870/,ok,2023,4,24,0,Monday,17,2,114,0,0,0,0,0,0.0,1.0,0.9248025743285088,-0.3804473662878516,0,0,0,0,0,0,0,,0,0,-2,4,shukla,0,0,0,0,0,0,0,0,0,0,0,0,0,0,0,0,0,summer,0,1,0,0,1,0,74873.0,67828.0,69781.0,65973.66666666667,69859.77777777778,67828.0
2023-04-25,"62,971","25,534",3.39,,,,01,12,https://news.tirumala.org/total-pilgrims-who-had-darshan-on-25-04-2023-62971/,ok,2023,4,25,1,Tuesday,17,2,115,0,0,0,0,0,0.7818314824680298,0.6234898018587336,0.9181214482844364,-0.3962991372689181,0,0,0,0,0,0,0,,0,0,-3,5,shukla,0,0,0,0,0,0,0,0,0,0,0,0,0,0,0,0,0,summer,0,1,0,0,1,0,63870.0,66476.0,65314.0,65314.0,69711.03703703704,66476.0
2023-04-26,"63,382","27,478",3.25,,,,02,12,https://news.tirumala.org/total-pilgrims-who-had-darshan-on-26-04-2023-63382/,ok,2023,4,26,2,Wednesday,17,2,116,0,0,0,0,0,0.9749279121818236,-0.2225209339563143,0.9111686353326632,-0.4120336369594263,0,0,0,0,0,0,0,,0,0,-4,6,shukla,0,0,0,0,0,0,0,0,0,0,0,0,0,0,0,0,0,summer,0,1,0,0,1,0,62971.0,56680.0,63244.0,64729.833333333336,69428.29629629629,56680.0
2023-04-27,"65,910","27,838",2.8,,,,11,18,https://news.tirumala.org/total-pilgrims-who-had-darshan-on-27-04-2023-65910/,ok,2023,4,27,3,Thursday,17,2,117,0,0,0,0,0,0.4338837391175582,-0.900968867902419,0.9039461929224012,-0.4276462092677746,0,0,0,0,0,0,0,,0,0,-5,7,shukla,0,0,0,0,0,0,0,0,0,0,0,0,0,0,0,0,0,summer,0,1,0,0,1,0,63382.0,,67687.0,65846.83333333333,69377.48148148147,
2023-04-28,"59,071","27,651",4.12,,,,02,12,https://news.tirumala.org/total-pilgrims-who-had-darshan-on-28-04-2023-59071/,ok,2023,4,28,4,Friday,17,2,118,0,0,0,0,0,-0.433883739117558,-0.9009688679024191,0.8964562582905575,-0.4431322341826345,0,0,0,0,0,0,0,,0,0,-6,8,shukla,0,0,0,0,0,0,0,0,0,0,0,0,0,0,0,0,0,summer,0,1,0,0,1,0,65910.0,57354.0,66310.0,65855.85714285714,69570.48148148147,57354.0
2023-04-29,"75,652","37,027",3.21,,,,22,24,https://news.tirumala.org/total-pilgrims-who-had-darshan-on-29-04-2023-75652/,ok,2023,4,29,5,Saturday,17,2,119,1,1,0,0,0,-0.9749279121818236,-0.2225209339563146,0.8887010478292915,-0.4584871291400876,0,0,0,0,0,0,0,,0,0,6,9,shukla,0,0,0,0,0,0,0,0,0,0,0,0,0,0,0,0,0,summer,0,1,0,0,1,0,59071.0,72631.0,81305.0,66101.14285714286,69483.29629629629,72631.0
2023-04-30,"82,582","43,526",3.19,,,,Outside Line at A.T.G.H.,24,https://news.tirumala.org/total-pilgrims-who-had-darshan-on-30-04-2023-82582/,ok,2023,4,30,6,Sunday,17,2,120,1,0,1,0,1,-0.7818314824680299,0.6234898018587334,0.8806828564301475,-0.47370635037968,0,0,0,0,0,0,0,,0,0,5,10,shukla,0,0,0,0,0,0,0,0,0,0,0,0,0,0,0,0,0,summer,0,1,0,0,1,0,75652.0,74873.0,76201.0,66532.71428571429,69488.55555555556,74873.0
2023-05-01,"81,183","33,990",3.58,,,,20,18,https://news.tirumala.org/total-pilgrims-who-had-darshan-on-01-05-2023-81183/,ok,2023,5,1,0,Monday,18,2,121,0,0,0,1,0,0.0,1.0,0.8724040568049612,-0.4887853942889926,0,0,0,0,0,0,0,,0,0,4,11,shukla,1,0,0,0,0,0,0,0,0,0,0,0,0,1,0,0,0,summer,0,1,0,0,0,0,82582.0,63870.0,67828.0,67634.0,69495.37037037036,63870.0
2023-05-02,"75,789","27,684",4.35,,,,Present Direct Line,12,https://news.tirumala.org/total-pilgrims-who-had-darshan-on-02-05-2023-75789/,ok,2023,5,2,1,Tuesday,18,2,122,0,0,0,0,0,0.7818314824680298,0.6234898018587336,0.8638670987837349,-0.503719798736334,0,0,0,0,0,0,0,,0,0,3,12,shukla,0,0,0,0,0,0,0,0,0,0,0,0,0,1,0,0,0,summer,0,1,0,0,0,0,81183.0,62971.0,66476.0,70107.28571428571,69906.37037037036,62971.0
2023-05-03,"68,953","30,579",2.92,,,,02,12,https://news.tirumala.org/total-pilgrims-who-had-darshan-on-03-05-2023-68953/,ok,2023,5,3,2,Wednesday,18,2,123,0,0,0,0,0,0.9749279121818236,-0.2225209339563143,0.8550745085896932,-0.518505144391157,0,0,0,0,0,0,0,,0,0,2,13,shukla,0,0,0,0,0,0,0,0,0,0,0,0,0,1,0,0,0,summer,0,1,0,0,0,0,75789.0,63382.0,56680.0,71938.42857142857,70102.37037037036,63382.0
2023-05-04,"64,707","28,676",3.98,,,,13,18,https://news.tirumala.org/total-pilgrims-who-had-darshan-on-04-05-2023-64707/,ok,2023,5,4,3,Thursday,18,2,124,0,0,0,0,0,0.4338837391175582,-0.900968867902419,0.8460288880917339,-0.533137056031809,0,0,0,0,0,0,0,,0,0,1,14,shukla,0,0,0,0,0,0,0,0,0,0,0,0,0,1,0,0,0,summer,0,1,0,0,0,0,68953.0,65910.0,,72734.28571428571,69944.77777777778,65910.0
2023-05-05,"59,849","30,097",2.72,,,,10,10,https://news.tirumala.org/total-pilgrims-who-had-darshan-on-05-05-2023-59849/,ok,2023,5,5,4,Friday,18,2,125,0,0,0,0,0,-0.433883739117558,-0.9009688679024191,0.8367329140344921,-0.5476112038402312,1,1,1,1,1,1,1,Buddha Purnima,1,0,0,15,shukla,0,1,0,0,0,0,0,0,0,0,0,0,0,1,0,0,0,summer,0,1,0,0,0,0,64707.0,59071.0,57354.0,72562.42857142857,70115.37037037036,59071.0
2023-05-06,"76,392","36,248",2.83,,,,10,12,https://news.tirumala.org/total-pilgrims-who-had-darshan-on-06-05-2023-76392/,ok,2023,5,6,5,Saturday,18,2,126,1,1,0,0,0,-0.9749279121818236,-0.2225209339563146,0.8271893372462497,-0.5619233046832195,0,0,0,0,0,0,0,,1,0,-1,16,krishna,0,0,0,0,0,0,0,0,0,0,0,0,0,1,0,0,0,summer,0,1,0,0,0,0,59849.0,75652.0,72631.0,72673.57142857143,69673.4074074074,75652.0
2023-05-07,"74,876","30,695",3.56,,,,Present Direct Line,12,https://news.tirumala.org/total-pilgrims-who-had-darshan-on-07-05-2023-74876/,ok,2023,5,7,6,Sunday,18,2,127,1,0,1,0,0,-0.7818314824680299,0.6234898018587334,0.8174009818249189,-0.5760691233798758,0,0,0,0,0,0,0,,1,0,-2,17,krishna,0,0,0,0,0,0,0,0,0,0,0,0,0,1,0,0,0,summer,0,1,0,0,0,0,76392.0,82582.0,74873.0,72779.28571428571,69337.92592592593,82582.0
2023-05-08,"65,904","29,290",3.57,,,,Present Direct Line,10,https://news.tirumala.org/total-pilgrims-who-had-darshan-on-08-05-2023-65904/,ok,2023,5,8,0,Monday,19,2,128,0,0,0,0,0,0.0,1.0,0.8073707443023492,-0.5900444739548627,0,0,0,0,0,0,0,,0,0,-3,18,krishna,0,0,0,0,0,0,0,0,0,0,0,0,0,1,0,0,0,summer,0,1,0,0,0,0,74876.0,81183.0,63870.0,71678.42857142857,68921.14814814815,81183.0
2023-05-09,"65,237","22,926",3.5,,,,Present Direct Line,10,https://news.tirumala.org/total-pilgrims-who-had-darshan-on-09-05-2023-65237/,ok,2023,5,9,1,Tuesday,19,2,129,0,0,0,0,0,0.7818314824680298,0.6234898018587336,0.7971015927871943,-0.6038452208771035,0,0,0,0,0,0,0,,0,0,-4,19,krishna,0,0,0,0,0,0,0,0,0,0,0,0,0,1,0,0,0,summer,0,1,0,0,0,0,65904.0,75789.0,62971.0,69495.71428571429,68777.55555555556,75789.0
2023-05-10,"61,510","29,399",3.59,,,,12,18,https://news.tirumala.org/total-pilgrims-who-had-darshan-on-10-05-2023-61510/,ok,2023,5,10,2,Wednesday,19,2,130,0,0,0,0,0,0.9749279121818236,-0.2225209339563143,0.7865965660866021,-0.6174672802835514,0,0,0,0,0,0,0,,0,0,-5,20,krishna,0,0,0,0,0,0,0,0,0,0,0,0,0,1,0,0,0,summer,0,1,0,0,0,0,65237.0,68953.0,63382.0,67988.28571428571,68774.70370370371,68953.0
2023-05-11,"67,853","33,381",3.19,,,,Out side Line at TBC,24,https://news.tirumala.org/total-pilgrims-who-had-darshan-on-11-05-2023-67853/,ok,2023,5,11,3,Thursday,19,2,131,0,0,0,0,0,0.4338837391175582,-0.900968867902419,0.7758587728069828,-0.6309066211876704,0,0,0,0,0,0,0,,0,0,-6,21,krishna,0,0,0,0,0,0,0,0,0,0,0,0,0,1,0,0,0,summer,0,1,0,0,0,0,61510.0,64707.0,65910.0,66925.0,68710.48148148147,64707.0
2023-05-12,"71,763","35,399",3.19,,,,30,24,https://news.tirumala.org/total-pilgrims-who-had-darshan-on-12-05-2023-71763/,ok,2023,5,12,4,Friday,19,2,132,0,0,0,0,0,-0.433883739117558,-0.9009688679024191,0.7648913904341225,-0.6441592666722685,0,0,0,0,0,0,0,,0,0,-7,22,krishna,0,0,0,0,0,0,0,0,0,0,0,0,0,1,0,0,0,summer,0,1,0,0,0,0,67853.0,59849.0,59071.0,67374.42857142857,68716.62962962964,59849.0
2023-05-13,"87,007","43,022",3.08,,,,Outside Line at TBC,24,https://news.tirumala.org/total-pilgrims-who-had-darshan-on-13-05-2023-87007/,ok,2023,5,13,5,Saturday,19,2,133,1,1,0,0,0,-0.9749279121818236,-0.2225209339563146,0.753697664392914,-0.6572212950663319,0,0,0,0,0,0,0,,0,0,-8,23,krishna,0,0,0,0,0,0,0,0,0,0,0,0,0,1,0,0,0,summer,0,1,0,0,0,0,71763.0,76392.0,75652.0,69076.42857142857,68918.5925925926,76392.0
2023-05-14,"70,366","38,653",4.32,,,,Out side Line at Sila Thoranam,24,https://news.tirumala.org/total-pilgrims-who-had-darshan-on-14-05-2023-70366/,ok,2023,5,14,6,Sunday,19,2,134,1,0,1,0,0,-0.7818314824680299,0.6234898018587334,0.742280907086982,-0.6700888411055113,0,0,0,0,0,0,0,,0,0,-9,25,krishna,0,0,0,0,0,0,0,0,0,0,0,0,0,1,0,0,0,summer,0,1,0,0,0,0,87007.0,74876.0,82582.0,70592.85714285714,69129.77777777778,74876.0
2023-05-15,,,,,,,,,,not_found,2023,5,15,0,Monday,20,2,135,0,0,0,0,0,0.0,1.0,0.7306444969184916,-0.6827580970759147,0,0,0,0,0,0,0,,0,0,-10,26,krishna,1,0,0,0,0,0,0,0,0,0,0,0,0,1,0,0,0,summer,0,1,0,0,0,0,70366.0,65904.0,81183.0,69948.57142857143,68913.66666666667,65904.0
2023-05-16,"77,436","38,980",3.77,,,,Out side Line at Krishna Teja Guest House,24,https://news.tirumala.org/total-pilgrims-who-had-darshan-on-16-05-2023-77436/,ok,2023,5,16,1,Tuesday,20,2,136,0,0,0,0,0,0.7818314824680298,0.6234898018587336,0.7187918772884232,-0.6952253139408722,0,0,0,0,0,0,0,,0,0,-11,27,krishna,0,0,0,0,0,0,0,0,0,0,0,0,0,1,0,0,0,summer,0,1,0,0,0,0,,65237.0,75789.0,70622.66666666667,68955.42307692308,65237.0
2023-05-17,"79,207","41,427",3.19,,,,Outside Line at Bata Gangamma Temple,36,https://news.tirumala.org/total-pilgrims-who-had-darshan-on-17-05-2023-79207/,ok,2023,5,17,2,Wednesday,20,2,137,0,0,0,0,0,0.9749279121818236,-0.2225209339563143,0.7067265555776158,-0.7074868024503348,0,0,0,0,0,0,0,,0,0,-12,28,krishna,0,0,0,0,0,0,0,0,0,0,0,0,0,1,0,0,0,summer,0,1,0,0,0,0,77436.0,61510.0,68953.0,72655.83333333333,69376.96153846153,61510.0
2023-05-18,"66,820","36,905",3.29,,,,Out side Line at Sila Thoranam,30,https://news.tirumala.org/total-pilgrims-who-had-darshan-on-18-05-2023-66820/,ok,2023,5,18,3,Thursday,20,2,138,0,0,0,0,0,0.4338837391175582,-0.900968867902419,0.6944521021088763,-0.719538934232584,0,0,0,0,0,0,0,,0,0,-13,29,krishna,0,0,0,0,0,0,0,0,0,0,0,0,0,1,0,0,0,summer,0,1,0,0,0,0,79207.0,67853.0,64707.0,75605.33333333333,70243.38461538461,67853.0
2023-05-19,"85,297","37,392",3.71,,,,09,12,https://news.tirumala.org/total-pilgrims-who-had-darshan-on-19-05-2023-85297/,ok,2023,5,19,4,Friday,20,2,139,0,0,0,0,0,-0.433883739117558,-0.9009688679024191,0.6819721490904629,-0.7313781428679254,0,0,0,0,0,0,0,,0,0,-14,30,krishna,0,0,1,0,0,0,0,0,0,0,0,0,0,1,0,0,0,summer,0,1,0,0,0,0,66820.0,71763.0,59849.0,75433.16666666667,70116.5925925926,71763.0
2023-05-20,"84,539","39,812",3.72,,,,04,12,https://news.tirumala.org/total-pilgrims-who-had-darshan-on-20-05-2023-84539/,ok,2023,5,20,5,Saturday,20,2,140,1,1,0,0,0,-0.9749279121818236,-0.2225209339563146,0.6692903895412567,-0.7430009249440493,0,0,0,0,0,0,0,,0,0,-15,1,shukla,0,0,0,0,0,0,0,0,0,0,0,0,0,1,0,0,0,summer,0,1,0,0,0,0,85297.0,87007.0,76392.0,77688.83333333333,71151.51851851853,87007.0
2023-05-21,,,,,,,,,,not_found,2023,5,21,6,Sunday,20,2,141,1,0,1,0,0,-0.7818314824680299,0.6234898018587334,0.6564105761979381,-0.7544038410927472,0,0,0,0,0,0,0,,0,0,-16,2,shukla,0,0,0,0,0,0,0,0,0,0,0,0,0,1,0,0,0,summer,0,1,0,0,0,0,84539.0,70366.0,74876.0,77277.5,71592.55555555556,70366.0
2023-05-22,"78,349","39,634",4.56,,,,15,18,https://news.tirumala.org/total-pilgrims-who-had-darshan-on-22-05-2023-78349/,ok,2023,5,22,0,Monday,21,2,142,0,0,0,0,0,0.0,1.0,0.6433365204044917,-0.765583517007675,0,0,0,0,0,0,0,,0,0,-17,3,shukla,0,0,0,0,0,0,0,0,0,0,0,0,0,1,0,0,0,summer,0,1,0,0,0,0,,,65904.0,78659.8,71466.38461538461,
2023-05-23,"75,875","35,439",4.09,,,,20,15,https://news.tirumala.org/total-pilgrims-who-had-darshan-on-23-05-2023-75875/,ok,2023,5,23,1,Tuesday,21,2,143,0,0,0,0,0,0.7818314824680298,0.6234898018587336,0.6300720909843687,-0.7765366444428655,0,0,0,0,0,0,0,,0,0,-18,4,shukla,0,0,0,0,0,0,0,0,0,0,0,0,0,1,0,0,0,summer,0,1,0,0,0,0,78349.0,77436.0,65237.0,78608.0,72023.26923076923,77436.0
2023-05-24,"74,995","38,663",3.6,,,,29,24,https://news.tirumala.org/total-pilgrims-who-had-darshan-on-24-05-2023-74995/,ok,2023,5,24,2,Wednesday,21,2,144,0,0,0,0,0,0.9749279121818236,-0.2225209339563143,0.6166212130956382,-0.7872599821916922,0,0,0,0,0,0,0,,0,0,-19,5,shukla,0,0,0,0,0,0,0,0,0,0,0,0,0,1,0,0,0,summer,0,1,0,0,0,0,75875.0,79207.0,61510.0,78347.83333333333,72519.57692307692,79207.0
2023-05-25,"74,583","40,343",3.37,,,,Out side Line at Silathoranam,36,https://news.tirumala.org/total-pilgrims-who-had-darshan-on-25-05-2023-74583/,ok,2023,5,25,3,Thursday,21,2,145,0,0,0,0,0,0.4338837391175582,-0.900968867902419,0.6029878670694714,-0.7977503570459932,0,0,0,0,0,0,0,,0,0,-20,6,shukla,0,0,0,0,0,0,0,0,0,0,0,0,0,1,0,0,0,summer,0,1,0,0,0,0,74995.0,66820.0,67853.0,77645.83333333333,72966.23076923077,66820.0
2023-05-26,"79,486","40,250",3.72,,,,Outside Line at TBC,24,https://news.tirumala.org/total-pilgrims-who-had-darshan-on-26-05-2023-79486/,ok,2023,5,26,4,Friday,21,2,146,0,0,0,0,0,-0.433883739117558,-0.9009688679024191,0.5891760872322963,-0.8080046647350754,0,0,0,0,0,0,0,,0,0,-21,7,shukla,0,0,0,0,0,0,0,0,0,0,0,0,0,1,0,0,0,summer,0,1,0,0,0,0,74583.0,85297.0,71763.0,78939.66666666667,73299.80769230769,85297.0
2023-05-27,"88,604","51,251",3.53,,,,Outside Line at Krishna Teja Guest House,24,https://news.tirumala.org/total-pilgrims-who-had-darshan-on-27-05-2023-88604/,ok,2023,5,27,5,Saturday,21,2,147,1,1,0,0,0,-0.9749279121818236,-0.2225209339563146,0.5751899607119775,-0.8180198708443174,0,0,0,0,0,0,0,,0,0,-22,7,shukla,0,0,0,0,0,0,0,0,0,0,0,0,0,1,0,0,0,summer,0,1,0,0,0,0,79486.0,84539.0,87007.0,77971.16666666667,74085.0,84539.0
2023-05-28,"88,604","39,076",3.66,,,,23,24,https://news.tirumala.org/total-pilgrims-who-had-darshan-on-28-05-2023-88604/,ok,2023,5,28,6,Sunday,21,2,148,1,0,1,0,0,-0.7818314824680299,0.6234898018587334,0.5610336262283677,-0.8277930117131022,0,0,0,0,0,0,0,,0,0,-23,8,shukla,0,0,0,0,0,0,0,0,0,0,0,0,0,1,0,0,0,summer,0,1,0,0,0,0,88604.0,,70366.0,78648.66666666667,74583.15384615384,
2023-05-29,"78,126","37,597",3.74,,,,Outside Line at TBC,24,https://news.tirumala.org/total-pilgrims-who-had-darshan-on-29-05-2023-88604/,ok,2023,5,29,0,Monday,22,2,149,0,0,0,0,0,0.0,1.0,0.5467112728685939,-0.8373211953118121,0,0,0,0,0,0,0,,0,0,-24,9,shukla,0,0,0,0,0,0,0,0,0,0,0,0,0,1,0,0,0,summer,0,1,0,0,0,0,88604.0,78349.0,,80070.85714285714,74814.76923076923,78349.0
2023-05-30,"75,871","32,859",3.27,,,,19,18,https://news.tirumala.org/total-pilgrims-who-had-darshan-on-30-05-2023-78126/,ok,2023,5,30,1,Tuesday,22,2,150,0,0,0,0,0,0.7818314824680298,0.6234898018587336,0.5322271388474397,-0.8466016020976267,0,0,0,0,0,0,0,,0,0,-25,10,shukla,0,0,0,0,0,0,0,0,0,0,0,0,0,1,0,0,0,summer,0,1,0,0,0,0,78126.0,75875.0,77436.0,80039.0,74697.19230769231,75875.0
2023-05-31,"80,284","34,096",3.71,,,,14,18,https://news.tirumala.org/total-pilgrims-who-had-darshan-on-31-05-2023-80284/,ok,2023,5,31,2,Wednesday,22,2,151,0,0,0,0,1,0.9749279121818236,-0.2225209339563143,0.5175855102531889,-0.8556314858488706,0,0,0,0,0,0,0,,0,0,-26,11,shukla,1,0,0,0,0,0,0,0,0,0,0,0,0,1,0,0,0,summer,0,1,0,0,0,0,75871.0,74995.0,79207.0,80038.42857142857,74700.34615384616,74995.0
2023-06-01,"62,407","33,895",4.56,,,,ATGH,24,https://news.tirumala.org/total-pilgrims-who-had-darshan-on-01-06-2023-62407/,ok,2023,6,1,3,Thursday,22,2,152,0,0,0,1,0,0.4338837391175582,-0.900968867902419,0.5027907197793043,-0.8644081744776648,0,0,0,0,0,0,0,,0,0,-27,12,shukla,0,0,0,0,0,0,0,0,0,0,0,0,0,1,0,0,0,monsoon,0,0,1,0,0,0,80284.0,74583.0,66820.0,80794.0,75136.15384615384,74583.0
2023-06-02,"76,963","37,422",2.97,,,,Outside Line at Krishna Teja Guest House,24,https://news.tirumala.org/total-pilgrims-who-had-darshan-on-02-06-2023-76963/,ok,2023,6,2,4,Friday,22,2,153,0,0,0,0,0,-0.433883739117558,-0.9009688679024191,0.4878471454423119,-0.8729290708206411,0,0,1,0,0,0,1,,0,0,27,13,shukla,0,0,0,0,0,0,0,0,0,0,0,0,0,1,0,0,0,monsoon,0,0,1,0,0,0,62407.0,79486.0,85297.0,79054.57142857143,75047.69230769231,79486.0
2023-06-03,"85,366","48,183",4.0,,,,Out side Line at Sila Thoranam.,36,https://news.tirumala.org/total-pilgrims-who-had-darshan-on-03-06-2023-85366/,ok,2023,6,3,5,Saturday,22,2,154,1,1,0,0,0,-0.9749279121818236,-0.2225209339563146,0.4727592092862775,-0.881191653407483,0,0,0,0,0,0,0,,0,0,26,14,shukla,0,0,0,0,0,0,0,0,0,0,0,0,0,1,0,0,0,monsoon,0,0,1,0,0,0,76963.0,88604.0,84539.0,78694.14285714286,75705.92307692308,88604.0
2023-06-04,"87,4346","39,957",4.14,,,,31,24,https://news.tirumala.org/total-pilgrims-who-had-darshan-on-04-06-2023-874346/,ok,2023,6,4,6,Sunday,22,2,155,1,0,1,0,0,-0.7818314824680299,0.6234898018587334,0.4575313760742512,-0.8891934772070711,0,0,0,0,0,0,0,,0,0,25,15,shukla,0,1,0,0,0,0,0,0,0,0,0,0,0,1,0,0,0,monsoon,0,0,1,0,0,0,85366.0,88604.0,,78231.57142857143,76051.07692307692,88604.0
2023-06-05,"87,4346","37,052",3.77,,,,27,18,https://news.tirumala.org/total-pilgrims-who-had-darshan-on-05-06-2023-874346/,ok,2023,6,5,0,Monday,23,2,156,0,0,0,0,0,0.0,1.0,0.442168151967072,-0.8969321743510065,0,0,0,0,0,0,0,,0,0,24,16,krishna,0,0,0,0,0,0,0,0,0,0,0,0,0,1,0,0,0,monsoon,0,0,1,0,0,0,874346.0,78126.0,78349.0,190480.42857142855,106799.92307692308,78126.0
2023-06-06,"78,030","35,860",3.93,,,,19,18,https://news.tirumala.org/total-pilgrims-who-had-darshan-on-06-06-2023-78030/,ok,2023,6,6,1,Tuesday,23,2,157,0,0,0,0,0,0.7818314824680298,0.6234898018587336,0.4266740831899246,-0.9044054548343,0,0,0,0,0,0,0,,0,0,23,18,krishna,0,0,0,0,0,0,0,0,0,0,0,0,0,1,0,0,0,monsoon,0,0,1,0,0,0,874346.0,75871.0,75875.0,304226.14285714284,137893.84615384616,75871.0
2023-06-07,"75,229","35,618",3.24,,,,31,24,https://news.tirumala.org/total-pilgrims-who-had-darshan-on-07-06-2023-75229/,ok,2023,6,7,2,Wednesday,23,2,158,0,0,0,0,0,0.9749279121818236,-0.2225209339563143,0.4110537546870351,-0.911611107193024,0,0,0,0,0,0,0,,0,0,22,19,krishna,0,0,0,0,0,0,0,0,0,0,0,0,0,1,0,0,0,monsoon,0,0,1,0,0,0,78030.0,80284.0,74995.0,304534.5714285714,138385.88461538462,80284.0
2023-06-08,"70,160","38,076",3.67,,,,Out Side Line at Sila Thoranam,24,https://news.tirumala.org/total-pilgrims-who-had-darshan-on-08-06-2023-70160/,ok,2023,6,8,3,Thursday,23,2,159,0,0,0,0,0,0.4338837391175582,-0.900968867902419,0.3953117887649151,-0.9185469991587164,0,0,0,0,0,0,0,,0,0,21,20,krishna,0,0,0,0,0,0,0,0,0,0,0,0,0,1,0,0,0,monsoon,0,0,1,0,0,0,75229.0,62407.0,74583.0,303812.4285714286,138913.53846153847,62407.0
2023-06-09,"74,502","38,052",3.73,,,,Out Side Line at ATC,24,https://news.tirumala.org/total-pilgrims-who-had-darshan-on-09-06-2023-74502/,ok,2023,6,9,4,Friday,23,2,160,0,0,0,0,0,-0.433883739117558,-0.9009688679024191,0.3794528437245443,-0.925211078289358,0,0,0,0,0,0,0,,0,0,20,21,krishna,0,0,0,0,0,0,0,0,0,0,0,0,0,1,0,0,0,monsoon,0,0,1,0,0,0,70160.0,76963.0,79486.0,304920.0,139002.26923076922,76963.0
2023-06-10,"88,626","51,379",3.29,,,,Out Side Line at Bata Gangamma Temple,24,https://news.tirumala.org/total-pilgrims-who-had-darshan-on-10-06-2023-88626/,ok,2023,6,10,5,Saturday,23,2,161,1,1,0,0,0,-0.9749279121818236,-0.2225209339563146,0.3634816124829063,-0.9316013725767188,0,0,0,0,0,0,0,,0,0,19,22,krishna,0,0,0,0,0,0,0,0,0,0,0,0,0,1,0,0,0,monsoon,0,0,1,0,0,0,74502.0,85366.0,88604.0,304568.4285714286,139107.61538461538,85366.0
2023-06-11,"92,238","40,400",4.02,,,,31,24,https://news.tirumala.org/total-pilgrims-who-had-darshan-on-11-06-2023-92238/,ok,2023,6,11,6,Sunday,23,2,162,1,0,1,0,0,-0.7818314824680299,0.6234898018587334,0.3474028211842774,-0.9377159910299092,0,0,0,0,0,0,0,,0,0,18,23,krishna,0,0,0,0,0,0,0,0,0,0,0,0,0,1,0,0,0,monsoon,0,0,1,0,0,0,88626.0,874346.0,88604.0,305034.14285714284,139169.88461538462,874346.0
2023-06-12,"79,087","35,640",4.41,,,,31,24,https://news.tirumala.org/total-pilgrims-who-had-darshan-on-12-06-2023-79087/,ok,2023,6,12,0,Monday,24,2,163,0,0,0,0,0,0.0,1.0,0.3312212278016865,-0.9435531242349544,0,0,0,0,0,0,0,,0,0,17,24,krishna,0,0,0,0,0,0,0,0,0,0,0,0,0,0,0,0,0,monsoon,0,0,1,0,0,0,92238.0,874346.0,78126.0,193304.42857142855,140011.11538461538,874346.0
2023-06-13,"75,227","33,706",3.85,,,,27,18,https://news.tirumala.org/total-pilgrims-who-had-darshan-on-13-06-2023-75227/,ok,2023,6,13,1,Tuesday,24,2,164,0,0,0,0,0,0.7818314824680298,0.6234898018587336,0.3149416207289519,-0.9491110448902284,0,0,0,0,0,0,0,,0,0,16,25,krishna,0,0,0,0,0,0,0,0,0,0,0,0,0,0,0,0,0,monsoon,0,0,1,0,0,0,79087.0,78030.0,75871.0,79696.0,137754.66666666666,78030.0
2023-06-14,"78,487","38,213",3.76,,,,31,24,https://news.tirumala.org/total-pilgrims-who-had-darshan-on-14-06-2023-78487/,ok,2023,6,14,2,Wednesday,24,2,165,0,0,0,0,0,0.9749279121818236,-0.2225209339563143,0.2985688173637202,-0.9543881083175908,0,0,0,0,0,0,0,,0,0,15,26,krishna,1,0,0,0,0,0,0,0,0,0,0,0,0,0,0,0,0,monsoon,0,0,1,0,0,0,75227.0,75229.0,80284.0,79295.57142857143,137672.85185185185,75229.0
2023-06-15,"70,896","37,546",4.07,,,,Out Side Line at Krishna Teja Guest House.,24,https://news.tirumala.org/total-pilgrims-who-had-darshan-on-15-06-2023-70896/,ok,2023,6,15,3,Thursday,24,2,166,0,0,0,0,0,0.4338837391175582,-0.900968867902419,0.2821076626819194,-0.9593827529490744,0,0,0,0,0,0,0,,0,0,14,27,krishna,0,0,0,0,0,0,0,0,0,0,0,0,0,0,0,0,0,monsoon,0,0,1,0,0,0,78487.0,70160.0,62407.0,79761.0,137646.1851851852,70160.0
2023-06-16,"72,299","36,378",3.92,,,,31,24,https://news.tirumala.org/total-pilgrims-who-had-darshan-on-16-06-2023-72299/,ok,2023,6,16,4,Friday,24,2,167,0,0,0,0,0,-0.433883739117558,-0.9009688679024191,0.2655630278040559,-0.9640935007889756,0,0,0,0,0,0,0,,0,0,13,28,krishna,0,0,0,0,0,0,0,0,0,0,0,0,0,0,0,0,0,monsoon,0,0,1,0,0,0,70896.0,74502.0,76963.0,79866.14285714286,137797.14814814815,74502.0
2023-06-17,"87,762","43,753",3.61,,,,Outside line at Krishna Teja Guest House,24,https://news.tirumala.org/total-pilgrims-who-had-darshan-on-17-06-2023-87762/,ok,2023,6,17,5,Saturday,24,2,168,1,1,0,0,0,-0.9749279121818236,-0.2225209339563146,0.2489398085537665,-0.9685189578512204,0,0,0,0,0,0,0,,0,0,12,29,krishna,0,0,0,0,0,0,0,0,0,0,0,0,0,0,0,0,0,monsoon,0,0,1,0,0,0,72299.0,88626.0,85366.0,79551.42857142857,137315.74074074073,88626.0
2023-06-18,"86,181","30,654",4.59,,,,31,24,https://news.tirumala.org/total-pilgrims-who-had-darshan-on-18-06-2023-86181/,ok,2023,6,18,6,Sunday,24,2,169,1,0,1,0,0,-0.7818314824680299,0.6234898018587334,0.2322429240090701,-0.9726578145718654,0,0,0,0,0,0,0,,0,0,11,30,krishna,0,0,1,0,0,0,0,0,0,0,0,0,0,0,0,0,0,monsoon,0,0,1,0,0,0,87762.0,92238.0,874346.0,79428.0,137435.11111111112,92238.0
2023-06-19,"69,879","29,519",3.82,,,,20,15,https://news.tirumala.org/total-pilgrims-who-had-darshan-on-19-06-2023-69879/,ok,2023,6,19,0,Monday,25,2,170,0,0,0,0,0,0.0,1.0,0.2154773150467301,-0.976508846196619,0,0,0,0,0,0,0,,0,0,10,1,shukla,0,0,0,0,0,0,0,0,0,0,0,0,0,0,0,0,0,monsoon,0,0,1,0,0,0,86181.0,79087.0,874346.0,78562.71428571429,135604.60714285713,79087.0
2023-06-20,"71,935","31,831",4.11,,,,17,15,https://news.tirumala.org/total-pilgrims-who-had-darshan-on-20-06-2023-71935/,ok,2023,6,20,1,Tuesday,25,2,171,0,0,0,0,0,0.7818314824680298,0.6234898018587336,0.1986479428801711,-0.9800709131432666,0,0,0,0,0,0,0,,0,0,9,2,shukla,0,0,0,0,0,0,0,0,0,0,0,0,0,0,0,0,0,monsoon,0,0,1,0,0,0,69879.0,75227.0,78030.0,77247.28571428571,135302.10714285713,75227.0
2023-06-21,"77,120","34,463",3.39,,,,21,18,https://news.tirumala.org/total-pilgrims-who-had-darshan-on-21-06-2023-77120/,ok,2023,6,21,2,Wednesday,25,2,172,0,0,0,0,0,0.9749279121818236,-0.2225209339563143,0.1817597875913753,-0.9833429613388902,0,0,0,0,0,0,0,,0,0,8,3,shukla,0,0,0,0,0,0,0,0,0,0,0,0,0,0,0,0,0,monsoon,0,0,1,0,0,0,71935.0,78487.0,75229.0,76777.0,135161.39285714287,78487.0
2023-06-22,"67,294","33,529",4.09,,,,Out side line at TBC,24,https://news.tirumala.org/total-pilgrims-who-had-darshan-on-22-06-2023-77120/,ok,2023,6,22,3,Thursday,25,2,173,0,0,0,0,0,0.4338837391175582,-0.900968867902419,0.1648178466571979,-0.9863240225317866,0,0,0,0,0,0,0,,0,0,7,4,shukla,0,0,0,0,0,0,0,0,0,0,0,0,0,0,0,0,0,monsoon,0,0,1,0,0,0,77120.0,70896.0,70160.0,76581.71428571429,135237.2857142857,70896.0
2023-06-23,"72,304","32,504",3.8,,,,20,18,https://news.tirumala.org/total-pilgrims-who-had-darshan-on-23-06-2023-72304/,ok,2023,6,23,4,Friday,25,2,174,0,0,0,0,0,-0.433883739117558,-0.9009688679024191,0.1478271334705304,-0.9890132145779884,0,0,0,0,0,0,0,,0,0,6,5,shukla,0,0,0,0,0,0,0,0,0,0,0,0,0,0,0,0,0,monsoon,0,0,1,0,0,0,67294.0,72299.0,74502.0,76067.14285714286,134976.9642857143,72299.0
2023-06-24,"83,889","40,495",3.1,,,,Outside line at TBC,24,https://news.tirumala.org/total-pilgrims-who-had-darshan-on-24-06-2023-83889/,ok,2023,6,24,5,Saturday,25,2,175,1,1,0,0,0,-0.9749279121818236,-0.2225209339563146,0.1307926758567592,-0.9914097417023038,0,0,0,0,0,0,0,,0,0,5,6,shukla,0,0,0,0,0,0,0,0,0,0,0,0,0,0,0,0,0,monsoon,0,0,1,0,0,0,72304.0,87762.0,88626.0,76067.85714285714,134720.4642857143,87762.0
2023-06-25,"87,407","31,713",4.47,,,,09,12,https://news.tirumala.org/total-pilgrims-who-had-darshan-on-25-06-2023-87407/,ok,2023,6,25,6,Sunday,25,2,176,1,0,1,0,0,-0.7818314824680299,0.6234898018587334,0.1137195145859496,-0.9935128947338008,0,0,0,0,0,0,0,,0,0,4,7,shukla,0,0,0,0,0,0,0,0,0,0,0,0,0,0,0,0,0,monsoon,0,0,1,0,0,0,83889.0,86181.0,92238.0,75514.57142857143,134552.07142857142,86181.0
2023-06-26,"73,156","28,175",4.29,,,,09,12,https://news.tirumala.org/total-pilgrims-who-had-darshan-on-26-06-2023-73156/,ok,2023,6,26,0,Monday,26,2,177,0,0,0,0,0,0.0,1.0,0.0966127018812031,-0.9953220513156602,0,0,0,0,0,0,0,,0,0,3,8,shukla,0,0,0,0,0,0,0,0,0,0,0,0,0,0,0,0,0,monsoon,0,0,1,0,0,0,87407.0,69879.0,79087.0,75689.71428571429,134509.32142857142,69879.0
2023-06-27,"69,143","26,145",4.38,,,,Present Direct Line,12,https://news.tirumala.org/total-pilgrims-who-had-darshan-on-27-06-2023-69143/,ok,2023,6,27,1,Tuesday,26,2,178,0,0,0,0,0,0.7818314824680298,0.6234898018587336,0.0794772999236209,-0.9968366760893436,0,0,0,0,0,0,0,,0,0,2,9,shukla,0,0,0,0,0,0,0,0,0,0,0,0,0,0,0,0,0,monsoon,0,0,1,0,0,0,73156.0,71935.0,75227.0,76157.85714285714,134331.82142857142,71935.0
2023-06-28,"71,615","30,219",3.68,,,,16,15,https://news.tirumala.org/total-pilgrims-who-had-darshan-on-28-06-2023-71615/,ok,2023,6,28,2,Wednesday,26,2,179,0,0,0,0,0,0.9749279121818236,-0.2225209339563143,0.062318379354325,-0.998056320853012,0,0,0,0,0,0,0,,0,0,1,10,shukla,0,0,0,0,0,0,0,0,0,0,0,0,0,0,0,0,0,monsoon,0,0,1,0,0,0,69143.0,77120.0,78487.0,75759.0,134091.5357142857,77120.0
2023-06-29,"62,005","34,127",3.75,,,,Out side Line at Sila Thoranam,24,https://news.tirumala.org/total-pilgrims-who-had-darshan-on-29-06-2023-62005/,ok,2023,6,29,3,Thursday,26,2,180,0,0,0,0,0,0.4338837391175582,-0.900968867902419,0.0451410177739719,-0.998980624694158,1,1,1,1,1,1,1,Eid al-Adha,0,0,0,11,shukla,1,0,0,0,0,0,0,0,0,0,0,0,0,0,0,0,0,monsoon,0,0,1,0,0,0,71615.0,67294.0,70896.0,74972.57142857143,133781.92857142858,67294.0
2023-06-30,"73,572","29,448",3.73,,,,Out side Line at TBC,24,https://news.tirumala.org/total-pilgrims-who-had-darshan-on-30-06-2023-73572/,ok,2023,6,30,4,Friday,26,2,181,0,0,0,0,1,-0.433883739117558,-0.9009688679024191,0.0279502982402103,-0.999609314096404,0,0,0,0,0,0,0,,0,1,-1,12,shukla,0,0,0,0,0,0,0,0,0,0,0,0,0,0,0,0,0,monsoon,0,0,1,0,0,0,62005.0,72304.0,72299.0,74217.0,133767.57142857142,72304.0
2023-07-01,"82,999","38,875",4.27,,,,Outside Line at ATC,20,https://news.tirumala.org/total-pilgrims-who-had-darshan-on-01-07-2023-82999/,ok,2023,7,1,5,Saturday,26,3,182,1,1,0,1,0,-0.9749279121818236,-0.2225209339563146,0.0107513077635219,-0.9999422030204416,0,0,0,0,0,0,0,,0,0,-2,13,shukla,0,0,0,0,0,0,0,0,0,0,0,0,0,0,0,0,0,monsoon,0,0,1,0,0,0,73572.0,83889.0,87762.0,74398.14285714286,133646.4642857143,83889.0
2023-07-02,"82,999","32,083",4.2,,,,05,18,https://news.tirumala.org/total-pilgrims-who-had-darshan-on-02-07-2023-82999/,ok,2023,7,2,6,Sunday,26,3,183,1,0,1,0,0,-0.7818314824680299,0.6234898018587334,-0.0064508641981051,-0.9999791929590824,0,0,0,0,0,0,0,,0,0,-3,14,shukla,0,0,0,0,0,0,0,0,0,0,0,0,0,0,0,0,0,monsoon,0,0,1,0,0,0,82999.0,87407.0,86181.0,74271.0,133561.92857142858,87407.0
2023-07-03,"66,077","29,193",4.3,,,,Out side line at ATGH,24,https://news.tirumala.org/total-pilgrims-who-had-darshan-on-03-07-2023-66077/,ok,2023,7,3,0,Monday,27,3,184,0,0,0,0,0,0.0,1.0,-0.0236511272452315,-0.9997202729664084,0,0,0,0,0,0,0,,0,0,-4,15,shukla,0,1,0,0,0,0,0,0,0,0,0,0,0,0,0,0,0,monsoon,0,0,1,0,0,0,82999.0,73156.0,69879.0,73641.28571428571,105299.53571428572,73156.0
2023-07-04,"76,254","28,091",4.9,,,,22,15,https://news.tirumala.org/total-pilgrims-who-had-darshan-on-04-07-2023-76254/,ok,2023,7,4,1,Tuesday,27,3,185,0,0,0,0,0,0.7818314824680298,0.6234898018587336,-0.0408443915432961,-0.9991655196610107,0,0,0,0,0,0,0,,0,0,-5,16,krishna,0,0,0,0,0,0,0,0,0,0,0,0,0,0,0,0,0,monsoon,0,0,1,0,0,0,66077.0,69143.0,71935.0,72630.0,76432.78571428571,69143.0
2023-07-05,"77,299","30,479",3.93,,,,21,18,https://news.tirumala.org/total-pilgrims-who-had-darshan-on-05-07-2023-77299/,ok,2023,7,5,2,Wednesday,27,3,186,0,0,0,0,0,0.9749279121818236,-0.2225209339563143,-0.0580255693287803,-0.9983150972033183,0,0,0,0,0,0,0,,0,0,-6,17,krishna,0,0,0,0,0,0,0,0,0,0,0,0,0,0,0,0,0,monsoon,0,0,1,0,0,0,76254.0,71615.0,77120.0,73645.85714285714,76369.35714285714,71615.0
2023-07-06,"66,977","33,020",4.39,,,,Outside line at Krishna Teja Guest House,24,https://news.tirumala.org/total-pilgrims-who-had-darshan-on-06-07-2023-66977/,ok,2023,7,6,3,Thursday,27,3,187,0,0,0,0,0,0.4338837391175582,-0.900968867902419,-0.0751895764147585,-0.9971692572470178,0,0,0,0,0,0,0,,0,0,-7,18,krishna,0,0,0,0,0,0,0,0,0,0,0,0,0,0,0,0,0,monsoon,0,0,1,0,0,0,77299.0,62005.0,67294.0,74457.85714285714,76443.28571428571,62005.0
2023-07-07,"69,483","32,459",3.58,,,,Outside line at Krishna Teja Guest House,24,https://news.tirumala.org/total-pilgrims-who-had-darshan-on-07-07-2023-69483/,ok,2023,7,7,4,Friday,27,3,188,0,0,0,0,0,-0.433883739117558,-0.9009688679024191,-0.0923313336953912,-0.9957283388645872,0,0,0,0,0,0,0,,0,0,-8,20,krishna,0,0,0,0,0,0,0,0,0,0,0,0,0,0,0,0,0,monsoon,0,0,1,0,0,0,66977.0,73572.0,72304.0,75168.14285714286,76329.60714285714,73572.0
2023-07-08,"86,781","44,920",3.47,,,,Out side line at Sila Thoranam,24,https://news.tirumala.org/total-pilgrims-who-had-darshan-on-08-07-2023-86781/,ok,2023,7,8,5,Saturday,27,3,189,1,1,0,0,0,-0.9749279121818236,-0.2225209339563146,-0.1094457686489155,-0.993992768446958,0,0,0,0,0,0,0,,0,0,-9,21,krishna,0,0,0,0,0,0,0,0,0,0,0,0,0,0,0,0,0,monsoon,0,0,1,0,0,0,69483.0,82999.0,83889.0,74584.0,76150.35714285714,82999.0
2023-07-09,"88,836","35,231",4.69,,,,24,36,https://news.tirumala.org/total-pilgrims-who-had-darshan-on-09-07-2023-88836/,ok,2023,7,9,6,Sunday,27,3,190,1,0,1,0,0,-0.7818314824680299,0.6234898018587334,-0.1265278168386831,-0.9919630595773395,0,0,0,0,0,0,0,,0,0,-10,22,krishna,0,0,0,0,0,0,0,0,0,0,0,0,0,0,0,0,0,monsoon,0,0,1,0,0,0,86781.0,82999.0,87407.0,75124.28571428571,76084.46428571429,82999.0
2023-07-10,"64,347","28,358",5.11,,,,20,20,https://news.tirumala.org/total-pilgrims-who-had-darshan-on-10-07-2023-64347/,ok,2023,7,10,0,Monday,28,3,191,0,0,0,0,0,0.0,1.0,-0.1435724234118113,-0.9896398128792412,0,0,0,0,0,0,0,,0,0,-11,23,krishna,0,0,0,0,0,0,0,0,0,0,0,0,0,0,0,0,0,monsoon,0,0,1,0,0,0,88836.0,66077.0,73156.0,75958.14285714286,75962.96428571429,66077.0
2023-07-11,,,,,,,,,,not_found,2023,7,11,1,Tuesday,28,3,192,0,0,0,0,0,0.7818314824680298,0.6234898018587336,-0.1605745445949937,-0.9870237158387384,0,0,0,0,0,0,0,,0,0,-12,24,krishna,0,0,0,0,0,0,0,0,0,0,0,0,0,0,0,0,0,monsoon,0,0,1,0,0,0,64347.0,76254.0,69143.0,75711.0,75436.53571428571,76254.0
2023-07-12,"72,664","32,336",3.49,,,,31,24,https://news.tirumala.org/total-pilgrims-who-had-darshan-on-12-07-2023-72664/,ok,2023,7,12,2,Wednesday,28,3,193,0,0,0,0,0,0.9749279121818236,-0.2225209339563143,-0.1775291491870349,-0.984115542601034,0,0,0,0,0,0,0,,0,0,-13,25,krishna,0,0,0,0,0,0,0,0,0,0,0,0,0,0,0,0,0,monsoon,0,0,1,0,0,0,,77299.0,71615.0,75620.5,75444.29629629629,77299.0
2023-07-13,"67,300","32,802",3.83,,,,Out side line at Sila Thoranam,24,https://news.tirumala.org/total-pilgrims-who-had-darshan-on-13-07-2023-7266467300/,ok,2023,7,13,3,Thursday,28,3,194,0,0,0,0,0,0.4338837391175582,-0.900968867902419,-0.1944312200476619,-0.9809161537413774,0,0,0,0,0,0,0,,0,0,-14,26,krishna,1,0,0,0,0,0,0,0,0,0,0,0,0,0,0,0,0,monsoon,0,0,1,0,0,0,72664.0,66977.0,62005.0,74848.0,75228.62962962964,66977.0
2023-07-14,"71,472","31,980",3.77,,,,23,18,https://news.tirumala.org/total-pilgrims-who-had-darshan-on-14-07-2023-71472/,ok,2023,7,14,4,Friday,28,3,195,0,0,0,0,0,-0.433883739117558,-0.9009688679024191,-0.2112757555821793,-0.9774264960104057,0,0,0,0,0,0,0,,0,0,-15,27,krishna,0,0,0,0,0,0,0,0,0,0,0,0,0,0,0,0,0,monsoon,0,0,1,0,0,0,67300.0,69483.0,73572.0,74901.83333333333,75095.44444444444,69483.0
2023-07-15,"87,171","38,273",3.68,,,,Outside line at Krishna Teja Guest House,24,https://news.tirumala.org/total-pilgrims-who-had-darshan-on-15-07-2023-87171/,ok,2023,7,15,5,Saturday,28,3,196,1,1,0,0,0,-0.9749279121818236,-0.2225209339563146,-0.2280577712215198,-0.9736476020539838,0,0,0,0,0,0,0,,0,0,14,28,krishna,0,0,0,0,0,0,0,0,0,0,0,0,0,0,0,0,0,monsoon,0,0,1,0,0,0,71472.0,86781.0,82999.0,75233.33333333333,75064.81481481482,86781.0
2023-07-16,"86,170","31,128",4.13,,,,31,24,https://news.tirumala.org/total-pilgrims-who-had-darshan-on-16-07-2023-86170/,ok,2023,7,16,6,Sunday,28,3,197,1,0,1,0,0,-0.7818314824680299,0.6234898018587334,-0.2447723008972595,-0.9695805901076308,0,0,0,0,0,0,0,,0,0,13,29,krishna,0,0,0,0,0,0,0,0,0,0,0,0,0,0,0,0,0,monsoon,0,0,1,0,0,0,87171.0,88836.0,82999.0,75298.33333333333,75042.92592592593,88836.0
2023-07-17,"71,894","25,208",5.4,,,,05,12,https://news.tirumala.org/total-pilgrims-who-had-darshan-on-17-07-2023-71894/,ok,2023,7,17,0,Monday,29,3,198,0,0,0,0,0,0.0,1.0,-0.2614143985111562,-0.965226663665613,0,0,1,0,0,0,1,,0,0,12,30,krishna,0,0,1,0,0,0,0,0,0,0,0,0,0,0,0,0,0,monsoon,0,0,1,0,0,0,86170.0,64347.0,66077.0,74854.0,75042.51851851853,64347.0
2023-07-18,"64,003","24,659",3.06,,,,10,18,https://news.tirumala.org/total-pilgrims-who-had-darshan-on-18-07-2023-64003/,ok,2023,7,18,1,Tuesday,29,3,199,0,0,0,0,0,0.7818314824680298,0.6234898018587336,-0.2779791393987801,-0.9605871111248128,0,0,0,0,0,0,0,,0,0,11,1,shukla,0,0,0,0,0,0,0,0,0,0,0,0,0,0,0,0,0,monsoon,0,0,1,0,0,0,71894.0,,76254.0,76111.83333333333,75117.14814814815,
2023-07-19,"74,024","32,688",3.96,,,,18,20,https://news.tirumala.org/total-pilgrims-who-had-darshan-on-19-07-2023-74024/,ok,2023,7,19,2,Wednesday,29,3,200,0,0,0,0,0,0.9749279121818236,-0.2225209339563143,-0.2944616217868012,-0.9556633054034704,0,0,0,0,0,0,0,,0,0,10,2,shukla,0,0,0,0,0,0,0,0,0,0,0,0,0,0,0,0,0,monsoon,0,0,1,0,0,0,64003.0,72664.0,77299.0,74382.0,74823.37037037036,72664.0
2023-07-20,"63,628","33,548",4.26,,,,Outside Line at Bata Gangamma Temple,24,https://news.tirumala.org/total-pilgrims-who-had-darshan-on-20-07-2023-63628/,ok,2023,7,20,3,Thursday,29,3,201,0,0,0,0,0,0.4338837391175582,-0.900968867902419,-0.3108569682435036,-0.9504567035349152,0,0,0,0,0,0,0,,0,0,9,3,shukla,0,0,0,0,0,0,0,0,0,0,0,0,0,0,0,0,0,monsoon,0,0,1,0,0,0,74024.0,67300.0,66977.0,74576.28571428571,74708.70370370371,67300.0
2023-07-21,"71,721","32,078",3.88,,,,Outside Line at ATGH,24,https://news.tirumala.org/total-pilgrims-who-had-darshan-on-21-07-2023-71721/,ok,2023,7,21,4,Friday,29,3,202,0,0,0,0,0,-0.433883739117558,-0.9009688679024191,-0.3271603271220951,-0.9449688462364056,0,0,0,0,0,0,0,,0,0,8,3,shukla,0,0,0,0,0,0,0,0,0,0,0,0,0,0,0,0,0,monsoon,0,0,1,0,0,0,63628.0,71472.0,69483.0,74051.71428571429,74572.92592592593,71472.0
2023-07-22,"84,430","38,662",3.45,,,,Outside Line at ATC,15,https://news.tirumala.org/total-pilgrims-who-had-darshan-on-22-07-2023-84430/,ok,2023,7,22,5,Saturday,29,3,203,1,1,0,0,0,-0.9749279121818236,-0.2225209339563146,-0.343366873996388,-0.939201357453208,0,0,0,0,0,0,0,,0,0,7,4,shukla,0,0,0,0,0,0,0,0,0,0,0,0,0,0,0,0,0,monsoon,0,0,1,0,0,0,71721.0,87171.0,86781.0,74087.28571428571,74551.33333333333,87171.0
2023-07-23,"87,792","29,656",4.2,,,,20,18,https://news.tirumala.org/total-pilgrims-who-had-darshan-on-23-07-2023-87792/,ok,2023,7,23,6,Sunday,29,3,204,1,0,1,0,0,-0.7818314824680299,0.6234898018587334,-0.3594718130884232,-0.9331559438780432,0,0,0,0,0,0,0,,0,0,6,5,shukla,0,0,0,0,0,0,0,0,0,0,0,0,0,0,0,0,0,monsoon,0,0,1,0,0,0,84430.0,86170.0,88836.0,73695.71428571429,74571.37037037036,86170.0
2023-07-24,"73,796","28,840",5.0,,,,15,18,https://news.tirumala.org/total-pilgrims-who-had-darshan-on-24-07-2023-73796/,ok,2023,7,24,0,Monday,30,3,205,0,0,0,0,0,0.0,1.0,-0.3754703786876202,-0.9268343944460494,0,0,0,0,0,0,0,,0,0,5,6,shukla,0,0,0,0,0,0,0,0,0,0,0,0,0,0,0,0,0,monsoon,0,0,1,0,0,0,87792.0,71894.0,64347.0,73927.42857142857,74585.62962962964,71894.0
2023-07-25,"73,137","27,490",4.06,,,,06,12,https://news.tirumala.org/total-pilgrims-who-had-darshan-on-25-07-2023-73137/,ok,2023,7,25,1,Tuesday,30,3,206,0,0,0,0,0,0.7818314824680298,0.6234898018587336,-0.3913578365610259,-0.9202385798054076,0,0,0,0,0,0,0,,0,0,4,7,shukla,0,0,0,0,0,0,0,0,0,0,0,0,0,0,0,0,0,monsoon,0,0,1,0,0,0,73796.0,64003.0,,74199.14285714286,74609.33333333333,64003.0
2023-07-26,"74,268","26,817",4.32,,,,06,12,https://news.tirumala.org/total-pilgrims-who-had-darshan-on-26-07-2023-74268/,ok,2023,7,26,2,Wednesday,30,3,207,0,0,0,0,0,0.9749279121818236,-0.2225209339563143,-0.4071294853542516,-0.9133704517637858,0,0,0,0,0,0,0,,0,0,3,8,shukla,0,0,0,0,0,0,0,0,0,0,0,0,0,0,0,0,0,monsoon,0,0,1,0,0,0,73137.0,74024.0,72664.0,75504.0,74757.25925925926,74024.0
2023-07-27,"63,932","25,862",4.13,,,,23,18,https://news.tirumala.org/total-pilgrims-who-had-darshan-on-27-07-2023-63932/,ok,2023,7,27,3,Thursday,30,3,208,0,0,0,0,0,0.4338837391175582,-0.900968867902419,-0.4227806579826773,-0.9062320427107696,0,0,0,0,0,0,0,,0,0,2,9,shukla,0,0,0,0,0,0,0,0,0,0,0,0,0,0,0,0,0,monsoon,0,0,1,0,0,0,74268.0,63628.0,67300.0,75538.85714285714,74855.51851851853,63628.0
2023-07-28,"69,378","28,371",3.76,,,,10,,https://news.tirumala.org/total-pilgrims-who-had-darshan-on-28-07-2023-69378/,ok,2023,7,28,4,Friday,30,3,209,0,0,0,0,0,-0.433883739117558,-0.9009688679024191,-0.4383067230125192,-0.898825465016444,0,0,0,0,0,0,0,,0,0,1,10,shukla,0,0,0,0,0,0,0,0,0,0,0,0,0,0,0,0,0,monsoon,0,0,1,0,0,0,63932.0,71721.0,71472.0,75582.28571428571,74926.88888888889,71721.0
2023-07-29,"78,115","38,243",4.19,,,,22,18,https://news.tirumala.org/total-pilgrims-who-had-darshan-on-29-07-2023-78115/,ok,2023,7,29,5,Saturday,30,3,210,1,1,0,0,0,-0.9749279121818236,-0.2225209339563146,-0.4537030860313442,-0.8911529104063088,1,1,1,1,1,1,1,Ashura,0,0,0,11,shukla,1,0,0,0,0,0,0,0,0,0,0,0,0,0,0,0,0,monsoon,0,0,1,0,0,0,69378.0,84430.0,87171.0,75247.57142857143,74771.55555555556,84430.0
2023-07-30,"85,258","25,451",4.28,,,,Present Direct Line,12,https://news.tirumala.org/total-pilgrims-who-had-darshan-on-30-07-2023-85258/,ok,2023,7,30,6,Sunday,30,3,211,1,0,1,0,0,-0.7818314824680299,0.6234898018587334,-0.4689651910076318,-0.8832166493127127,0,0,0,0,0,0,0,,0,0,-1,12,shukla,0,0,0,0,0,0,0,0,0,0,0,0,0,0,0,0,0,monsoon,0,0,1,0,0,0,78115.0,87792.0,86170.0,74345.42857142857,74590.66666666667,87792.0
2023-07-31,"68,601","23,396",5.21,,,,Present Direct Line,10,https://news.tirumala.org/total-pilgrims-who-had-darshan-on-31-07-2023-68601/,ok,2023,7,31,0,Monday,31,3,212,0,0,0,0,1,0.0,1.0,-0.4840885216389758,-0.8750190302029955,0,0,0,0,0,0,0,,0,0,-2,13,shukla,0,0,0,0,0,0,0,0,0,0,0,0,0,0,0,0,0,monsoon,0,0,1,0,0,0,85258.0,73796.0,71894.0,73983.42857142857,74674.33333333333,73796.0
2023-08-01,"67,728","21,084",4.24,,,,05,12,https://news.tirumala.org/total-pilgrims-who-had-darshan-on-01-08-2023-67728/,ok,2023,8,1,1,Tuesday,31,3,213,0,0,0,1,0,0.7818314824680298,0.6234898018587336,-0.4990686026885319,-0.8665624788845385,0,0,0,0,0,0,0,,0,0,-3,15,shukla,0,1,0,0,0,0,0,0,0,0,0,0,0,0,0,0,0,monsoon,0,0,1,0,0,0,68601.0,73137.0,64003.0,73241.28571428571,74767.81481481482,73137.0
2023-08-02,"69,365","26,006",3.05,,,,09,12,https://news.tirumala.org/total-pilgrims-who-had-darshan-on-02-08-2023-69365/,ok,2023,8,2,2,Wednesday,31,3,214,0,0,0,0,0,0.9749279121818236,-0.2225209339563143,-0.5139010013093103,-0.8578494977869301,0,0,0,0,0,0,0,,0,0,-4,16,krishna,0,0,0,0,0,0,0,0,0,0,0,0,0,0,0,0,0,monsoon,0,0,1,0,0,0,67728.0,74268.0,74024.0,72468.57142857143,74452.03703703704,74268.0
2023-08-03,"59,898","26,936",4.44,,,,27,15,https://news.tirumala.org/total-pilgrims-who-had-darshan-on-03-08-2023-59898/,ok,2023,8,3,3,Thursday,31,3,215,0,0,0,0,0,0.4338837391175582,-0.900968867902419,-0.5285813283559292,-0.8488826652214553,0,0,0,0,0,0,0,,0,0,-5,17,krishna,0,0,0,0,0,0,0,0,0,0,0,0,0,0,0,0,0,monsoon,0,0,1,0,0,0,69365.0,63932.0,63628.0,71768.14285714286,74158.18518518518,63932.0
2023-08-04,"69,270","28,755",3.74,,,,29,18,https://news.tirumala.org/total-pilgrims-who-had-darshan-on-04-08-2023-69270/,ok,2023,8,4,4,Friday,31,3,216,0,0,0,0,0,-0.433883739117558,-0.9009688679024191,-0.5431052396834317,-0.8396646346181327,0,0,0,0,0,0,0,,0,0,-6,18,krishna,0,0,0,0,0,0,0,0,0,0,0,0,0,0,0,0,0,monsoon,0,0,1,0,0,0,59898.0,69378.0,71721.0,71191.85714285714,73896.0,69378.0
2023-08-05,"81,472","34,820",3.9,,,,23,18,https://news.tirumala.org/total-pilgrims-who-had-darshan-on-05-08-2023-81472/,ok,2023,8,5,5,Saturday,31,3,217,1,1,0,0,0,-0.9749279121818236,-0.2225209339563146,-0.5574684374327892,-0.8301981337405212,0,0,0,0,0,0,0,,0,0,-7,19,krishna,0,0,0,0,0,0,0,0,0,0,0,0,0,0,0,0,0,monsoon,0,0,1,0,0,0,69270.0,78115.0,84430.0,71176.42857142857,73888.11111111111,78115.0
2023-08-06,"83,856","28,403",4.09,,,,25,15,https://news.tirumala.org/total-pilgrims-who-had-darshan-on-06-08-2023-83856/,ok,2023,8,6,6,Sunday,31,3,218,1,0,1,0,0,-0.7818314824680299,0.6234898018587334,-0.5716666713027052,-0.8204859638785327,0,0,0,0,0,0,0,,0,0,-8,20,krishna,0,0,0,0,0,0,0,0,0,0,0,0,0,0,0,0,0,monsoon,0,0,1,0,0,0,81472.0,85258.0,87792.0,71656.0,73691.48148148147,85258.0
2023-08-07,"69,733","28,614",4.37,,,,Outside Line at TBC,18,https://news.tirumala.org/total-pilgrims-who-had-darshan-on-07-08-2023-69733/,ok,2023,8,7,0,Monday,32,3,219,0,0,0,0,0,0.0,1.0,-0.5856957398073508,-0.8105309990194823,0,0,0,0,0,0,0,,0,0,8,22,krishna,0,0,0,0,0,0,0,0,0,0,0,0,0,0,0,0,0,monsoon,0,0,1,0,0,0,83856.0,68601.0,73796.0,71455.71428571429,73507.03703703704,68601.0
2023-08-08,"73,879","26,144",4.05,,,,14,18,https://news.tirumala.org/total-pilgrims-who-had-darshan-on-08-08-2023-73879/,ok,2023,8,8,1,Tuesday,32,3,220,0,0,0,0,0,0.7818314824680298,0.6234898018587336,-0.5995514915196489,-0.8003361849976323,0,0,0,0,0,0,0,,0,0,7,23,krishna,0,0,0,0,0,0,0,0,0,0,0,0,0,0,0,0,0,monsoon,0,0,1,0,0,0,69733.0,67728.0,73137.0,71617.42857142857,73706.51851851853,67728.0
2023-08-09,"75,594","26,213",4.69,,,,16,15,https://news.tirumala.org/total-pilgrims-who-had-darshan-on-09-08-2023-75594/,ok,2023,8,9,2,Wednesday,32,3,221,0,0,0,0,0,0.9749279121818236,-0.2225209339563143,-0.6132298262997502,-0.7899045386224707,0,0,0,0,0,0,0,,0,0,6,24,krishna,0,0,0,0,0,0,0,0,0,0,0,0,0,0,0,0,0,monsoon,0,0,1,0,0,0,73879.0,69365.0,74268.0,72496.14285714286,73712.67857142857,69365.0
2023-08-10,"57,443","28,198",3.9,,,,Outside Line at Krishna Teja Guest House,24,https://news.tirumala.org/total-pilgrims-who-had-darshan-on-10-08-2023-57443/,ok,2023,8,10,3,Thursday,32,3,222,0,0,0,0,0,0.4338837391175582,-0.900968867902419,-0.6267266965083301,-0.7792391467859886,0,0,0,0,0,0,0,,0,0,5,25,krishna,0,0,0,0,0,0,0,0,0,0,0,0,0,0,0,0,0,monsoon,0,0,1,0,0,0,75594.0,59898.0,63932.0,73386.0,73817.32142857143,59898.0
2023-08-11,"72,158","30,735",4.08,,,,23,18,https://news.tirumala.org/total-pilgrims-who-had-darshan-on-11-08-2023-72158/,ok,2023,8,11,4,Friday,32,3,223,0,0,0,0,0,-0.433883739117558,-0.9009688679024191,-0.6400381082043503,-0.7683431655492202,0,0,0,0,0,0,0,,0,0,4,26,krishna,1,0,0,0,0,0,0,0,0,0,0,0,0,0,0,0,0,monsoon,0,0,1,0,0,0,57443.0,69270.0,69378.0,73035.28571428571,73465.28571428571,69270.0
2023-08-12,"82,265","41,300",3.82,,,,Out side line at Sila Thoranam,24,https://news.tirumala.org/total-pilgrims-who-had-darshan-on-12-08-2023-82265/,ok,2023,8,12,5,Saturday,32,3,224,1,1,0,0,0,-0.9749279121818236,-0.2225209339563146,-0.65316012232693,-0.7572198192083127,0,0,0,0,0,0,0,,0,0,3,26,krishna,1,0,0,0,0,0,0,0,0,0,0,0,0,0,0,0,0,monsoon,0,0,1,0,0,0,72158.0,81472.0,78115.0,73447.85714285714,73489.78571428571,81472.0
2023-08-13,"84,401","37,738",3.76,,,,Out side line at Sila Thoranam,24,https://news.tirumala.org/total-pilgrims-who-had-darshan-on-13-08-2023-84401/,ok,2023,8,13,6,Sunday,32,3,225,1,0,1,0,0,-0.7818314824680299,0.6234898018587334,-0.666088855860977,-0.7458723993404063,0,0,0,0,0,0,0,,0,0,2,27,krishna,0,0,0,0,0,0,0,0,0,0,0,0,0,0,0,0,0,monsoon,0,0,1,0,0,0,82265.0,83856.0,85258.0,73561.14285714286,73314.57142857143,83856.0
2023-08-14,"74,617","32,752",5.67,,,,Out side line at Sila Thoranam,24,https://news.tirumala.org/total-pilgrims-who-had-darshan-on-14-08-2023-74617/,ok,2023,8,14,0,Monday,33,3,226,0,0,0,0,0,0.0,1.0,-0.6788204829862355,-0.734304263829602,0,0,0,0,0,0,0,,0,1,1,28,krishna,0,0,0,0,0,0,0,0,0,0,0,0,0,0,0,0,0,monsoon,0,0,1,0,0,0,84401.0,69733.0,68601.0,73639.0,73251.39285714286,69733.0
2023-08-15,"78,726","26,436",3.94,,,,25,15,https://news.tirumala.org/total-pilgrims-who-had-darshan-on-15-08-2023-78726/,ok,2023,8,15,1,Tuesday,33,3,227,0,0,0,0,0,0.7818314824680298,0.6234898018587336,-0.6913512362094071,-0.722518835873311,1,1,1,1,1,1,1,Independence Day,0,0,0,29,krishna,0,0,0,0,0,0,0,0,0,0,0,0,0,0,0,0,0,monsoon,0,0,1,0,0,0,74617.0,73879.0,67728.0,74336.71428571429,73348.64285714286,73879.0
2023-08-16,"75,776","22,700",4.14,,,,07,16,https://news.tirumala.org/total-pilgrims-who-had-darshan-on-16-08-2023-75776/,ok,2023,8,16,2,Wednesday,33,3,228,0,0,0,0,0,0.9749279121818236,-0.2225209339563143,-0.7036774074790128,-0.7105196029692745,0,0,0,0,0,0,0,,0,0,-1,30,krishna,0,0,1,0,0,0,0,0,0,0,0,0,0,0,0,0,0,monsoon,0,0,1,0,0,0,78726.0,75594.0,69365.0,75029.14285714286,73874.46428571429,75594.0
2023-08-17,"64,695","24,473",4.6,,,,11,16,https://news.tirumala.org/total-pilgrims-who-had-darshan-on-17-08-2023-64695/,ok,2023,8,17,3,Thursday,33,3,229,0,0,0,0,0,0.4338837391175582,-0.900968867902419,-0.7157953492826642,-0.6983101158835584,0,0,0,0,0,0,0,,0,0,-2,1,shukla,0,0,0,0,0,0,0,0,0,0,0,0,0,0,0,0,0,monsoon,0,0,1,0,0,0,75776.0,57443.0,59898.0,75055.14285714286,73937.03571428571,57443.0
2023-08-18,"61,904","31,205",3.42,,,,17,14,https://news.tirumala.org/total-pilgrims-who-had-darshan-on-18-08-2023-61904/,ok,2023,8,18,4,Friday,33,3,230,0,0,0,0,0,-0.433883739117558,-0.9009688679024191,-0.7277014757264236,-0.6858939875998223,0,0,0,0,0,0,0,,0,0,-3,2,shukla,0,0,0,0,0,1,0,0,0,0,0,0,0,0,0,0,0,monsoon,0,0,1,0,0,0,64695.0,72158.0,69270.0,76091.14285714286,73975.14285714286,72158.0
2023-08-19,"79,242","36,039",4.76,,,,13,12,https://news.tirumala.org/total-pilgrims-who-had-darshan-on-19-08-2023-79242/,ok,2023,8,19,5,Saturday,33,3,231,1,1,0,0,0,-0.9749279121818236,-0.2225209339563146,-0.7393922635959241,-0.673274892250183,0,0,0,0,0,0,0,,0,0,-4,3,shukla,0,0,0,0,0,1,0,0,0,0,0,0,0,0,0,0,0,monsoon,0,0,1,0,0,0,61904.0,82265.0,81472.0,74626.28571428571,73624.53571428571,82265.0
2023-08-20,"69,909","29,327",4.37,,,,12,12,https://news.tirumala.org/total-pilgrims-who-had-darshan-on-20-08-2023-69909/,ok,2023,8,20,6,Sunday,33,3,232,1,0,1,0,0,-0.7818314824680299,0.6234898018587334,-0.7508642533989489,-0.6604565640279754,0,0,0,0,0,0,0,,0,0,-5,4,shukla,0,0,0,0,0,1,0,0,0,0,0,0,0,0,0,0,0,monsoon,0,0,1,0,0,0,79242.0,84401.0,83856.0,74194.42857142857,73439.25,84401.0
2023-08-21,"72,695","27,060",4.44,,,,04,12,https://news.tirumala.org/total-pilgrims-who-had-darshan-on-21-08-2023-72695/,ok,2023,8,21,0,Monday,34,3,233,0,0,0,0,0,0.0,1.0,-0.7621140503891487,-0.6474427960827475,0,0,0,0,0,0,0,,0,0,-6,5,shukla,0,0,0,0,0,1,0,0,0,0,0,0,0,0,0,0,0,monsoon,0,0,1,0,0,0,69909.0,74617.0,69733.0,72124.14285714286,72800.57142857143,74617.0
2023-08-22,,,,,,,,,,not_found,2023,8,22,1,Tuesday,34,3,234,0,0,0,0,0,0.7818314824680298,0.6234898018587336,-0.7731383255706026,-0.6342374393978054,0,0,0,0,0,0,0,,0,0,-7,6,shukla,0,0,0,0,0,1,0,0,0,0,0,0,0,0,0,0,0,monsoon,0,0,1,0,0,0,72695.0,78726.0,73879.0,71849.57142857143,72761.25,78726.0
2023-08-23,"71,122","29,121",3.76,,,,07,15,https://news.tirumala.org/total-pilgrims-who-had-darshan-on-23-08-2023-71122/,ok,2023,8,23,2,Wednesday,34,3,235,0,0,0,0,0,0.9749279121818236,-0.2225209339563143,-0.7839338166829201,-0.620844401650647,0,0,0,0,0,0,0,,0,0,-8,7,shukla,0,0,0,0,0,1,0,0,0,0,0,0,0,0,0,0,0,monsoon,0,0,1,0,0,0,,75776.0,75594.0,70703.5,72747.33333333333,75776.0
2023-08-24,"67,308","26,674",3.82,,,,18,15,https://news.tirumala.org/total-pilgrims-who-had-darshan-on-24-08-2023-67308/,ok,2023,8,24,3,Thursday,34,3,236,0,0,0,0,0,0.4338837391175582,-0.900968867902419,-0.7944973291665992,-0.6072676460566135,0,0,0,0,0,0,0,,0,0,-9,8,shukla,0,0,0,0,0,1,0,0,0,0,0,0,0,0,0,0,0,monsoon,0,0,1,0,0,0,71122.0,64695.0,57443.0,69927.83333333333,72630.81481481482,64695.0
2023-08-25,"69,529","29,227",3.85,,,,09,14,https://news.tirumala.org/total-pilgrims-who-had-darshan-on-25-08-2023-69529/,ok,2023,8,25,4,Friday,34,3,237,0,0,0,0,0,-0.433883739117558,-0.9009688679024191,-0.8048257371083452,-0.593511190196115,0,0,0,0,0,0,0,,0,0,-10,9,shukla,0,0,0,0,0,1,0,0,0,0,0,0,0,0,0,0,0,monsoon,0,0,1,0,0,0,67308.0,61904.0,72158.0,70363.33333333333,72755.85185185185,61904.0
2023-08-26,"71,073","37,215",3.67,,,,29,24,https://news.tirumala.org/total-pilgrims-who-had-darshan-on-26-08-2023-71073/,ok,2023,8,26,5,Saturday,34,3,238,1,1,0,0,0,-0.9749279121818236,-0.2225209339563146,-0.8149159841660791,-0.5795791048257612,0,0,0,0,0,0,0,,0,0,-11,10,shukla,0,0,0,0,0,1,0,0,0,0,0,0,0,0,0,0,0,monsoon,0,0,1,0,0,0,69529.0,79242.0,82265.0,71634.16666666667,72761.44444444444,79242.0
2023-08-27,"71,073","30,329",4.02,,,,25,15,https://news.tirumala.org/total-pilgrims-who-had-darshan-on-27-08-2023-71073/,ok,2023,8,27,6,Sunday,34,3,239,1,0,1,0,0,-0.7818314824680299,0.6234898018587334,-0.8247650844733614,-0.5654755126737576,0,0,0,0,0,0,0,,0,0,11,11,shukla,1,0,0,0,0,1,0,0,0,0,0,0,0,0,0,0,0,monsoon,0,0,1,0,0,0,71073.0,69909.0,84401.0,70272.66666666667,72500.62962962964,69909.0
2023-08-28,"68,263","28,355",3.65,,,,25,18,https://news.tirumala.org/total-pilgrims-who-had-darshan-on-28-08-2023-68263/,ok,2023,8,28,0,Monday,35,3,240,0,0,0,0,0,0.0,1.0,-0.8343701235229538,-0.5512045872199277,0,0,0,0,0,0,0,,0,0,10,12,shukla,0,0,0,0,0,1,0,0,0,0,0,0,0,0,0,0,0,monsoon,0,0,1,0,0,0,71073.0,72695.0,74617.0,70466.66666666667,71975.25925925926,72695.0
2023-08-29,"64,214","25,777",4.05,,,,15,12,https://news.tirumala.org/total-pilgrims-who-had-darshan-on-29-08-2023-64214/,ok,2023,8,29,1,Tuesday,35,3,241,0,0,0,0,0,0.7818314824680298,0.6234898018587336,-0.8437282590292712,-0.5367705514607103,0,0,0,0,0,1,1,,0,0,9,13,shukla,0,0,0,0,0,1,0,0,0,0,0,0,0,0,0,0,0,monsoon,0,0,1,0,0,0,68263.0,,78726.0,69728.0,71962.74074074074,
2023-08-30,"71,132","26,963",4.06,,,,18,14,https://news.tirumala.org/total-pilgrims-who-had-darshan-on-30-08-2023-71132/,ok,2023,8,30,2,Wednesday,35,3,242,0,0,0,0,0,0.9749279121818236,-0.2225209339563143,-0.8528367217694595,-0.522177676659508,0,0,0,0,0,0,0,,0,0,8,14,shukla,0,0,0,0,0,1,0,0,0,0,0,0,0,0,0,0,0,monsoon,0,0,1,0,0,0,64214.0,71122.0,75776.0,68940.28571428571,71832.5925925926,71122.0
2023-08-31,"59,808","25,618",3.6,,,,Outside line at TBC,24,https://news.tirumala.org/total-pilgrims-who-had-darshan-on-31-08-2023-59808/,ok,2023,8,31,3,Thursday,35,3,243,0,0,0,0,1,0.4338837391175582,-0.900968867902419,-0.8616928164028522,-0.5074302810827518,0,0,0,0,0,0,0,,0,0,7,15,shukla,0,1,0,0,0,1,0,0,0,0,0,0,0,0,0,0,0,monsoon,0,0,1,0,0,0,71132.0,67308.0,64695.0,68941.71428571429,71898.03703703704,67308.0
2023-09-01,"67,193","28,750",3.62,,,,22,14,https://news.tirumala.org/total-pilgrims-who-had-darshan-on-01-09-2023-67193/,ok,2023,9,1,4,Friday,35,3,244,0,0,0,1,0,-0.433883739117558,-0.9009688679024191,-0.8702939222685674,-0.4925327287220543,0,0,0,0,0,0,0,,0,0,6,17,krishna,0,0,0,0,0,1,0,0,0,0,0,0,0,0,0,0,0,monsoon,0,0,1,0,0,1,59808.0,69529.0,61904.0,67870.28571428571,71894.70370370371,69529.0
2023-09-02,"81,655","38,882",3.84,,,,31,18,https://news.tirumala.org/total-pilgrims-who-had-darshan-on-02-09-2023-81655/,ok,2023,9,2,5,Saturday,35,3,245,1,1,0,0,0,-0.9749279121818236,-0.2225209339563146,-0.8786374941610001,-0.4774894280028391,0,0,0,0,0,0,0,,0,0,5,18,krishna,0,0,0,0,0,1,0,0,0,0,0,0,0,0,0,0,0,monsoon,0,0,1,0,0,1,67193.0,71073.0,79242.0,67536.57142857143,71817.77777777778,71073.0
2023-09-03,"81,459","32,899",4.05,,,,26,24,https://news.tirumala.org/total-pilgrims-who-had-darshan-on-03-09-2023-81459/,ok,2023,9,3,6,Sunday,35,3,246,1,0,1,0,0,-0.7818314824680299,0.6234898018587334,-0.886721063082993,-0.4623048304798108,0,0,0,0,0,0,0,,0,0,4,19,krishna,0,0,0,0,0,1,0,0,0,0,0,0,0,0,0,0,0,monsoon,0,0,1,0,0,1,81655.0,71073.0,69909.0,69048.28571428571,71824.55555555556,71073.0
2023-09-04,"76,555","33,488",4.75,,,,31,18,https://news.tirumala.org/total-pilgrims-who-had-darshan-on-04-09-2023-76555/,ok,2023,9,4,0,Monday,36,3,247,0,0,0,0,0,0.0,1.0,-0.8945422369764496,-0.4469834295196741,0,0,0,0,0,0,0,,0,0,3,20,krishna,0,0,0,0,0,1,0,0,0,0,0,0,0,0,0,0,0,monsoon,0,0,1,0,0,1,81459.0,68263.0,72695.0,70532.0,71735.77777777778,68263.0
2023-09-05,"71,946","30,294",4.51,,,,31,18,https://news.tirumala.org/total-pilgrims-who-had-darshan-on-05-09-2023-71946/,ok,2023,9,5,1,Tuesday,36,3,248,0,0,0,0,0,0.7818314824680298,0.6234898018587336,-0.9020987014301836,-0.4315297589714714,0,0,0,0,0,0,0,,0,0,2,21,krishna,0,0,0,0,0,1,0,0,0,0,0,0,0,0,0,0,0,monsoon,0,0,1,0,0,1,76555.0,64214.0,,71716.57142857143,71988.44444444444,64214.0
2023-09-06,"75,804","32,198",4.39,,,,31,24,https://news.tirumala.org/total-pilgrims-who-had-darshan-on-06-09-2023-75804/,ok,2023,9,6,2,Wednesday,36,3,249,0,0,0,0,0,0.9749279121818236,-0.2225209339563143,-0.9093882203647924,-0.4159483918249421,0,0,0,0,0,0,0,,0,0,1,22,krishna,0,0,0,0,0,1,0,0,0,0,0,0,0,0,0,0,0,monsoon,0,0,1,0,0,1,71946.0,71132.0,71122.0,72821.14285714286,71916.85185185185,71132.0
2023-09-07,"58,855","29,014",4.65,,,,Outside line at BATA GANGAMMA Temple,24,https://news.tirumala.org/total-pilgrims-who-had-darshan-on-07-09-2023-58855/,ok,2023,9,7,3,Thursday,36,3,250,0,0,0,0,0,0.4338837391175582,-0.900968867902419,-0.9164086366943458,-0.4002439388573056,1,1,1,1,1,1,1,Janmashtami (Vaishnava),0,0,0,23,krishna,0,0,0,0,0,1,0,0,0,0,0,0,0,0,0,0,0,monsoon,0,0,1,0,0,1,75804.0,59808.0,67308.0,73488.57142857143,71924.62962962964,59808.0
2023-09-08,"68,201","31,047",3.63,,,,Outside line at ATGH,18,https://news.tirumala.org/total-pilgrims-who-had-darshan-on-08-09-2023-68201/,ok,2023,9,8,4,Friday,36,3,251,0,0,0,0,0,-0.433883739117558,-0.9009688679024191,-0.923157872964704,-0.3844210472688554,0,0,0,0,0,0,0,,0,1,-1,24,krishna,0,0,0,0,0,1,0,0,0,0,0,0,0,0,0,0,0,monsoon,0,0,1,0,0,1,58855.0,67193.0,69529.0,73352.42857142857,71976.92592592593,67193.0
2023-09-09,"78,557","42,083",3.48,,,,Outside line at Krishna Teja Guest house,24,https://news.tirumala.org/total-pilgrims-who-had-darshan-on-09-09-2023-78557/,ok,2023,9,9,5,Saturday,36,3,252,1,1,0,0,0,-0.9749279121818236,-0.2225209339563146,-0.9296339319682696,-0.3684843993077793,0,0,0,0,0,0,0,,0,0,-2,25,krishna,0,0,0,0,0,1,0,0,0,0,0,0,0,0,0,0,0,monsoon,0,0,1,0,0,1,68201.0,81655.0,71073.0,73496.42857142857,71830.37037037036,81655.0
2023-09-10,"84,449","33,570",4.47,,,,22,18,https://news.tirumala.org/total-pilgrims-who-had-darshan-on-10-09-2023-84449/,ok,2023,9,10,6,Sunday,36,3,253,1,0,1,0,0,-0.7818314824680299,0.6234898018587334,-0.935834897334994,-0.3524387108846032,0,0,0,0,0,0,0,,0,0,-3,26,krishna,1,0,0,0,0,1,0,0,0,0,0,0,0,0,0,0,0,monsoon,0,0,1,0,0,1,78557.0,81459.0,71073.0,73053.85714285714,71693.03703703704,81459.0
2023-09-11,"66,199","29,351",4.17,,,,31,18,https://news.tirumala.org/total-pilgrims-who-had-darshan-on-11-09-2023-66199/,ok,2023,9,11,0,Monday,37,3,254,0,0,0,0,0,0.0,1.0,-0.9417589340994617,-0.3362887301766828,0,0,0,0,0,0,0,,0,0,-4,27,krishna,0,0,0,0,0,1,0,0,0,0,0,0,0,0,0,0,0,monsoon,0,0,1,0,0,1,84449.0,76555.0,68263.0,73481.0,71694.81481481482,76555.0
2023-09-12,"70,055","27,724",5.32,,,,23,18,https://news.tirumala.org/total-pilgrims-who-had-darshan-on-12-09-2023-70055/,ok,2023,9,12,1,Tuesday,37,3,255,0,0,0,0,0,0.7818314824680298,0.6234898018587336,-0.9474042892438844,-0.3200392362231385,0,0,0,0,0,0,0,,0,0,-5,28,krishna,0,0,0,0,0,1,0,0,0,0,0,0,0,0,0,0,0,monsoon,0,0,1,0,0,1,66199.0,71946.0,64214.0,72001.57142857143,71383.03703703704,71946.0
2023-09-13,"75,059","27,411",3.13,,,,12,14,https://news.tirumala.org/total-pilgrims-who-had-darshan-on-13-09-2023-75059/,ok,2023,9,13,2,Wednesday,37,3,256,0,0,0,0,0,0.9749279121818236,-0.2225209339563143,-0.9527692922168512,-0.3036950375106588,0,0,0,0,0,0,0,,0,0,-6,29,krishna,0,0,0,0,0,1,0,0,0,0,0,0,0,0,0,0,0,monsoon,0,0,1,0,0,1,70055.0,75804.0,71132.0,71731.42857142857,71061.88888888889,75804.0
2023-09-14,"61,296","21,237",4.32,,,,18,18,https://news.tirumala.org/total-pilgrims-who-had-darshan-on-14-09-2023-61296/,ok,2023,9,14,3,Thursday,37,3,257,0,0,0,0,0,0.4338837391175582,-0.900968867902419,-0.9578523554276668,-0.2872609705505963,0,0,0,0,0,0,0,,0,0,-7,30,krishna,0,0,1,0,0,1,0,0,0,0,0,0,0,0,0,0,0,monsoon,0,0,1,0,0,1,75059.0,58855.0,59808.0,71625.0,71035.33333333333,58855.0
2023-09-15,"62,357","23,570",3.37,,,,Present Direct Line,8,https://news.tirumala.org/total-pilgrims-who-had-darshan-on-15-09-2023-62357/,ok,2023,9,15,4,Friday,37,3,258,0,0,0,0,0,-0.433883739117558,-0.9009688679024191,-0.9626519747161488,-0.2707418984477642,0,0,0,0,0,0,0,,0,0,-8,30,krishna,0,0,1,0,0,1,0,0,0,0,0,0,0,0,0,0,0,monsoon,0,0,1,0,0,1,61296.0,68201.0,67193.0,71973.71428571429,70909.44444444444,68201.0
2023-09-16,"66,590","31,052",3.37,,,,09,10,https://news.tirumala.org/total-pilgrims-who-had-darshan-on-16-09-2023-66590/,ok,2023,9,16,5,Saturday,37,3,259,1,1,0,0,0,-0.9749279121818236,-0.2225209339563146,-0.9671667297977312,-0.2541427094613622,0,0,0,0,0,0,0,,0,0,-9,1,shukla,0,0,0,0,0,1,0,0,0,0,0,0,0,0,0,0,0,monsoon,0,0,1,0,0,1,62357.0,78557.0,81655.0,71138.85714285714,70926.22222222222,78557.0
2023-09-17,"77,441","29,816",3.85,,,,Present Direct Line,8,https://news.tirumala.org/total-pilgrims-who-had-darshan-on-17-09-2023-77441/,ok,2023,9,17,6,Sunday,37,3,260,1,0,1,0,0,-0.7818314824680299,0.6234898018587334,-0.97139528468375,-0.2374683155584684,0,0,0,0,0,0,0,,0,0,-10,2,shukla,0,0,0,0,0,1,0,0,0,0,0,0,0,0,0,0,0,monsoon,0,0,1,0,0,1,66590.0,84449.0,81459.0,69429.28571428571,70457.62962962964,84449.0
2023-09-18,"62,745","24,451",3.1,,,,19,16,https://news.tirumala.org/total-pilgrims-who-had-darshan-on-18-09-2023-62745/,ok,2023,9,18,0,Monday,38,3,261,0,0,0,0,0,0.0,1.0,-0.9753363880767836,-0.2207236509605022,0,0,0,0,0,0,0,,0,0,10,3,shukla,0,0,0,0,0,0,0,0,0,0,1,0,0,0,0,0,0,monsoon,0,0,1,0,0,1,77441.0,66199.0,76555.0,68428.14285714286,70736.5925925926,66199.0
2023-09-19,"67,267","20,629",2.58,,,,02,2,https://news.tirumala.org/total-pilgrims-who-had-darshan-on-19-09-2023-67267/,ok,2023,9,19,1,Tuesday,38,3,262,0,0,0,0,0,0.7818314824680298,0.6234898018587336,-0.978988873740932,-0.2039136706831147,0,0,0,0,0,0,0,,0,0,9,4,shukla,0,0,0,0,0,0,0,0,0,0,1,0,0,0,0,0,0,monsoon,0,0,1,0,0,1,62745.0,70055.0,71946.0,67934.71428571429,70368.07407407407,70055.0
2023-09-20,"64,277","24,340",2.89,,,,04,8,https://news.tirumala.org/total-pilgrims-who-had-darshan-on-20-09-2023-64277/,ok,2023,9,20,2,Wednesday,38,3,263,0,0,0,0,0,0.9749279121818236,-0.2225209339563143,-0.9823516608469236,-0.1870433490699165,0,0,0,0,0,0,0,,0,0,8,5,shukla,0,0,0,0,0,0,0,0,0,0,1,1,0,0,0,0,0,monsoon,0,0,1,0,0,1,67267.0,75059.0,75804.0,67536.42857142857,70257.32142857143,75059.0
2023-09-21,"66,462","29,241",2.77,,,,Outside line at TBC,24,https://news.tirumala.org/total-pilgrims-who-had-darshan-on-21-09-2023-66462/,ok,2023,9,21,3,Thursday,38,3,264,0,0,0,0,0,0.4338837391175582,-0.900968867902419,-0.9854237542919524,-0.1701176783204905,0,0,0,0,0,0,0,,0,0,7,6,shukla,0,0,0,0,0,0,0,0,0,0,1,0,0,0,0,0,0,monsoon,0,0,1,0,0,1,64277.0,61296.0,58855.0,65996.14285714286,70012.85714285714,61296.0
2023-09-22,"72,650","27,410",3.33,,,,31,24,https://news.tirumala.org/total-pilgrims-who-had-darshan-on-22-09-2023-72650/,ok,2023,9,22,4,Friday,38,3,265,0,0,0,0,0,-0.433883739117558,-0.9009688679024191,-0.9882042449941422,-0.15314166701312,0,0,0,0,0,0,0,,0,0,6,7,shukla,0,0,0,0,0,0,0,0,0,0,1,0,0,0,0,0,0,monsoon,0,0,1,0,0,1,66462.0,62357.0,68201.0,66734.14285714286,69982.64285714286,62357.0
2023-09-23,"66,598","25,103",3.88,,,,Present Direct Line,3,https://news.tirumala.org/total-pilgrims-who-had-darshan-on-23-09-2023-66598/,ok,2023,9,23,5,Saturday,38,3,266,1,1,0,0,0,-0.9749279121818236,-0.2225209339563146,-0.9906923101615608,-0.136120338622667,0,0,0,0,0,0,0,,0,0,5,8,shukla,0,0,0,1,0,0,0,0,0,0,1,0,0,0,0,0,0,monsoon,0,0,1,0,0,1,72650.0,66590.0,78557.0,68204.57142857143,70094.10714285714,66590.0
2023-09-24,,,,,,,,,,not_found,2023,9,24,6,Sunday,38,3,267,1,0,1,0,0,-0.7818314824680299,0.6234898018587334,-0.9928872135356962,-0.1190587300340498,0,0,0,0,0,0,0,,0,0,4,9,shukla,0,0,0,0,0,0,0,0,0,0,1,0,0,0,1,0,0,monsoon,0,0,1,0,0,1,66598.0,77441.0,84449.0,68205.71428571429,69934.28571428571,77441.0
2023-09-25,"72,137","23,735",3.37,,,,Present Direct Line,3,https://news.tirumala.org/total-pilgrims-who-had-darshan-on-25-09-2023-72137/,ok,2023,9,25,0,Monday,39,3,268,0,0,0,0,0,0.0,1.0,-0.994788305609327,-0.1019618900517457,0,0,0,0,0,0,0,,0,0,3,10,shukla,0,0,0,0,0,0,0,0,0,0,1,0,0,0,1,0,0,monsoon,0,0,1,0,0,1,,62745.0,66199.0,66666.5,69892.11111111111,62745.0
2023-09-26,"55,747","21,774",4.11,,,,Present Direct Line,4,https://news.tirumala.org/total-pilgrims-who-had-darshan-on-26-09-2023-55747/,ok,2023,9,26,1,Tuesday,39,3,269,0,0,0,0,0,0.7818314824680298,0.6234898018587336,-0.9963950238187232,-0.0848348779057653,0,0,0,0,0,0,0,,0,0,2,12,shukla,0,0,0,0,0,0,0,0,0,0,1,0,0,0,1,0,0,monsoon,0,0,1,0,0,1,72137.0,67267.0,70055.0,68231.83333333333,70035.5925925926,67267.0
2023-09-27,"66,336","25,857",2.24,,,,12,12,https://news.tirumala.org/total-pilgrims-who-had-darshan-on-27-09-2023-66336/,ok,2023,9,27,2,Wednesday,39,3,270,0,0,0,0,0,0.9749279121818236,-0.2225209339563143,-0.9977068927101168,-0.0676827617545516,0,0,0,0,0,0,0,,0,0,1,13,shukla,0,0,0,0,0,0,0,0,0,0,0,0,0,0,1,0,0,monsoon,0,0,1,0,0,1,55747.0,64277.0,75059.0,66311.83333333333,69722.0,64277.0
2023-09-28,"54,620","24,234",2.98,,,,,30,https://news.tirumala.org/total-pilgrims-who-had-darshan-on-28-09-2023-54620/,ok,2023,9,28,3,Thursday,39,3,271,0,0,0,0,0,0.4338837391175582,-0.900968867902419,-0.9987235240803972,-0.0505106171852228,1,1,1,1,1,1,1,Prophet's Birthday,0,0,0,14,shukla,0,0,0,0,0,0,0,0,0,0,0,0,0,0,1,0,0,monsoon,0,0,1,0,0,1,66336.0,66462.0,61296.0,66655.0,69544.37037037036,66462.0
2023-09-29,"66,233","36,486",4.71,,,,Outside lines at Octopus building,30,https://news.tirumala.org/total-pilgrims-who-had-darshan-on-29-09-2023-66233/,ok,2023,9,29,4,Friday,39,3,272,0,0,0,0,0,-0.433883739117558,-0.9009688679024191,-0.9994446170919858,-0.0333235257116313,0,0,0,0,0,0,0,,0,1,-1,15,shukla,0,1,0,0,0,0,0,0,0,0,0,0,0,0,1,0,0,monsoon,0,0,1,0,0,1,54620.0,72650.0,62357.0,64681.333333333336,69352.22222222222,72650.0
2023-09-30,"87,081","41,575",4.05,,,,Outside lines at Octopus building,24,https://news.tirumala.org/total-pilgrims-who-had-darshan-on-30-09-2023-87081/,ok,2023,9,30,5,Saturday,39,3,273,1,1,0,0,1,-0.9749279121818236,-0.2225209339563146,-0.9998699583618592,-0.0161265732706577,0,0,0,0,0,0,0,,1,0,-2,16,krishna,0,0,0,1,0,0,0,0,0,0,0,0,0,0,1,0,0,monsoon,0,0,1,0,0,1,66233.0,66598.0,66590.0,63611.833333333336,69316.66666666667,66598.0
2023-10-01,"88,623","43,934",4.67,,,,31,24,https://news.tirumala.org/total-pilgrims-who-had-darshan-on-01-10-2023-88623/,ok,2023,10,1,6,Sunday,39,4,274,1,0,1,1,0,-0.7818314824680299,0.6234898018587334,-0.9999994220246924,0.0010751512827982,0,0,0,0,0,0,0,,1,0,1,17,krishna,0,0,0,0,0,0,0,0,0,0,0,0,0,0,1,0,0,post_monsoon,0,0,0,1,0,1,87081.0,,77441.0,67025.66666666667,69517.62962962964,
2023-10-02,"80,551","32,028",4.27,,,,22,15,https://news.tirumala.org/total-pilgrims-who-had-darshan-on-02-10-2023-80551/,ok,2023,10,2,0,Monday,40,4,275,0,0,0,0,0,0.0,1.0,-0.999832969770105,0.0182765576816912,1,1,1,1,1,1,1,Mahatma Gandhi's Birthday,1,0,0,18,krishna,0,0,0,0,0,0,0,0,0,0,0,0,0,0,1,0,0,post_monsoon,0,0,0,1,0,1,88623.0,72137.0,62745.0,70111.0,69782.96296296296,72137.0
2023-10-03,"79,365","25,952",4.77,,,,18,15,https://news.tirumala.org/total-pilgrims-who-had-darshan-on-03-10-2023-79365/,ok,2023,10,3,1,Tuesday,40,4,276,0,0,0,0,0,0.7818314824680298,0.6234898018587336,-0.9993706508539968,0.0354725557531255,0,0,0,0,0,0,0,,0,0,-1,19,krishna,0,0,0,0,0,0,0,0,0,0,0,0,0,0,0,0,0,post_monsoon,0,0,0,1,0,1,80551.0,55747.0,67267.0,71313.0,69930.96296296296,55747.0
2023-10-04,"76,526","32,238",3.54,,,,28,16,https://news.tirumala.org/total-pilgrims-who-had-darshan-on-04-10-2023-76526/,ok,2023,10,4,2,Wednesday,40,4,277,0,0,0,0,0,0.9749279121818236,-0.2225209339563143,-0.9986126020839734,0.052658056924614,0,0,0,0,0,0,0,,0,0,-2,21,krishna,0,0,0,0,0,0,0,0,0,0,0,0,0,0,0,0,0,post_monsoon,0,0,0,1,0,1,79365.0,66336.0,64277.0,74687.0,70205.74074074074,66336.0
2023-10-05,"68,558","29,508",4.13,,,,31,12,https://news.tirumala.org/total-pilgrims-who-had-darshan-on-05-10-2023-68558/,ok,2023,10,5,3,Thursday,40,4,278,0,0,0,0,0,0.4338837391175582,-0.900968867902419,-0.9975590477788612,0.0698279757298708,0,0,0,0,0,0,0,,0,0,-3,22,krishna,0,0,0,0,0,0,0,0,0,0,0,0,0,0,0,0,0,post_monsoon,0,0,0,1,0,1,76526.0,54620.0,66462.0,76142.71428571429,70232.48148148147,54620.0
2023-10-06,"72,104","25,044",3.8,,,,Present Direct Line,6,https://news.tirumala.org/total-pilgrims-who-had-darshan-on-06-10-2023-72104/,ok,2023,10,6,4,Friday,40,4,279,0,0,0,0,0,-0.433883739117558,-0.9009688679024191,-0.9962102997023295,0.0869772313136861,0,0,0,0,0,0,0,,0,0,-4,22,krishna,0,0,0,0,0,0,0,0,0,0,0,0,0,0,0,0,0,post_monsoon,0,0,0,1,0,1,68558.0,66233.0,72650.0,78133.85714285714,70591.85185185185,66233.0
2023-10-07,"72,309","26,296",4.5,,,,Present Direct Line,5,https://news.tirumala.org/total-pilgrims-who-had-darshan-on-07-10-2023-72309/,ok,2023,10,7,5,Saturday,40,4,280,1,1,0,0,0,-0.9749279121818236,-0.2225209339563146,-0.9945667569706336,0.1041007489354256,0,0,0,0,0,0,0,,0,0,-5,23,krishna,0,0,0,1,0,0,0,0,0,0,0,0,0,0,0,0,0,post_monsoon,0,0,0,1,0,1,72104.0,87081.0,66598.0,78972.57142857143,70736.4074074074,87081.0
2023-10-08,"70,515","27,230",4.23,,,,02,6,https://news.tirumala.org/total-pilgrims-who-had-darshan-on-08-10-2023-70515/,ok,2023,10,8,6,Sunday,40,4,281,1,0,1,0,0,-0.7818314824680299,0.6234898018587334,-0.9926289059345096,0.121193461470736,0,0,0,0,0,0,0,,0,0,-6,24,krishna,0,0,0,0,0,0,0,0,0,0,0,0,0,0,0,0,0,post_monsoon,0,0,0,1,0,1,72309.0,88623.0,,76862.28571428571,70505.0,88623.0
2023-10-09,"68,828","28,768",3.53,,,,05,8,https://news.tirumala.org/total-pilgrims-who-had-darshan-on-09-10-2023-68828/,ok,2023,10,9,0,Monday,41,4,282,0,0,0,0,0,0.0,1.0,-0.9903973200352558,0.1382503109109819,0,0,0,0,0,0,0,,0,0,-7,25,krishna,0,0,0,0,0,0,0,0,0,0,0,0,0,0,0,0,0,post_monsoon,0,0,0,1,0,1,70515.0,80551.0,72137.0,74275.42857142857,69988.92592592593,80551.0
2023-10-10,"71,361","24,579",3.69,,,,08,12,https://news.tirumala.org/total-pilgrims-who-had-darshan-on-10-10-2023-71361/,ok,2023,10,10,1,Tuesday,41,4,283,0,0,0,0,0,0.7818314824680298,0.6234898018587336,-0.9878726596350428,0.1552662498599956,0,0,0,0,0,0,0,,0,0,-8,26,krishna,1,0,0,0,0,0,0,0,0,0,0,0,0,0,0,0,0,post_monsoon,0,0,0,1,0,1,68828.0,79365.0,55747.0,72600.71428571429,70086.29629629629,79365.0
2023-10-11,"72,230","27,388",3.74,,,,12,8,https://news.tirumala.org/total-pilgrims-who-had-darshan-on-11-10-2023-72230/,ok,2023,10,11,2,Wednesday,41,4,284,0,0,0,0,0,0.9749279121818236,-0.2225209339563143,-0.9850556718215012,0.172236243027682,0,0,0,0,0,0,0,,0,0,-9,27,krishna,0,0,0,0,0,0,0,0,0,0,0,0,0,0,0,0,0,post_monsoon,0,0,0,1,0,1,71361.0,76526.0,66336.0,71457.28571428571,70134.66666666667,76526.0
2023-10-12,"65,937","24,101",4.28,,,,22,6,https://news.tirumala.org/total-pilgrims-who-had-darshan-on-12-10-2023-65937/,ok,2023,10,12,3,Thursday,41,4,285,0,0,0,0,0,0.4338837391175582,-0.900968867902419,-0.981947190186646,0.1891552687200409,0,0,0,0,0,0,0,,0,0,-10,28,krishna,0,0,0,0,0,0,0,0,0,0,0,0,0,0,0,0,0,post_monsoon,0,0,0,1,0,1,72230.0,68558.0,54620.0,70843.57142857143,70029.88888888889,68558.0
2023-10-13,"59,304","22,391",4.08,,,,Present Direct Line,5,https://news.tirumala.org/total-pilgrims-who-had-darshan-on-13-10-2023-59304/,ok,2023,10,13,4,Friday,41,4,286,0,0,0,0,0,-0.433883739117558,-0.9009688679024191,-0.9785481345802032,0.2060183203251708,0,0,0,0,0,0,0,,0,0,-11,29,krishna,0,0,0,0,0,0,0,0,0,0,0,0,0,0,0,0,0,post_monsoon,0,0,0,1,0,1,65937.0,72104.0,66233.0,70469.14285714286,70201.77777777778,72104.0
2023-10-14,"67,785","21,284",2.78,,,,Present Direct Line,5,https://news.tirumala.org/total-pilgrims-who-had-darshan-on-14-10-2023-67785/,ok,2023,10,14,5,Saturday,41,4,287,1,1,0,0,0,-0.9749279121818236,-0.2225209339563146,-0.9748595108374124,0.2228204077947995,0,0,1,0,0,0,1,,0,0,10,30,krishna,0,0,1,1,0,0,0,0,0,0,0,0,0,0,0,0,0,post_monsoon,0,0,0,1,0,1,59304.0,72309.0,87081.0,68640.57142857143,70088.70370370371,72309.0
2023-10-15,"60,659","21,304",2.72,,,,04,6,https://news.tirumala.org/total-pilgrims-who-had-darshan-on-15-10-2023-60659/,ok,2023,10,15,6,Sunday,41,4,288,1,0,1,0,0,-0.7818314824680299,0.6234898018587334,-0.9708824104813836,0.239556559120927,0,0,0,0,0,0,0,,0,0,9,1,shukla,0,0,0,0,0,0,0,0,0,0,1,0,0,0,0,0,0,post_monsoon,0,0,0,1,0,1,67785.0,70515.0,88623.0,67994.28571428571,70132.96296296296,70515.0
2023-10-16,"73,859","30,634",3.31,,,,05,3,https://news.tirumala.org/total-pilgrims-who-had-darshan-on-16-10-2023-73859/,ok,2023,10,16,0,Monday,42,4,289,0,0,0,0,0,0.0,1.0,-0.9666180104000972,0.2562218218071163,0,0,0,0,0,0,0,,0,0,8,2,shukla,0,0,0,0,0,0,0,0,0,0,1,0,0,0,0,0,0,post_monsoon,0,0,0,1,0,1,60659.0,68828.0,80551.0,66586.28571428571,69511.4074074074,68828.0
2023-10-17,"72,123",,3.01,,,,Direct Line,3,https://news.tirumala.org/total-pilgrims-who-had-darshan-on-17-10-2023-72123/,ok,2023,10,17,1,Tuesday,42,4,290,0,0,0,0,0,0.7818314824680298,0.6234898018587336,-0.9620675724981452,0.2728112643340191,0,0,0,0,0,0,0,,0,0,7,3,shukla,0,0,0,0,0,0,0,0,0,0,1,0,0,0,0,0,0,post_monsoon,0,0,0,1,0,1,73859.0,71361.0,79365.0,67305.0,69923.03703703704,71361.0
2023-10-18,"68,763","28,377",2.56,,,,9,12,https://news.tirumala.org/total-pilgrims-who-had-darshan-on-18-10-2023-68763/,ok,2023,10,18,2,Wednesday,42,4,291,0,0,0,0,0,0.9749279121818236,-0.2225209339563143,-0.957232443323312,0.2893199776186952,0,0,0,0,0,0,0,,0,0,6,4,shukla,0,0,0,0,0,0,0,0,0,0,1,0,0,0,0,0,0,post_monsoon,0,0,0,1,0,1,72123.0,72230.0,76526.0,67413.85714285714,70102.88888888889,72230.0
2023-10-19,"66,757","26,395",3.53,,,,21,8,https://news.tirumala.org/total-pilgrims-who-had-darshan-on-19-10-2023-66757/,ok,2023,10,19,3,Thursday,42,4,292,0,0,0,0,0,0.4338837391175582,-0.900968867902419,-0.9521140536681102,0.3057430764672831,0,0,0,0,0,0,0,,0,0,5,5,shukla,0,0,0,0,0,0,0,0,0,0,1,0,0,0,0,0,0,post_monsoon,0,0,0,1,0,1,68763.0,65937.0,68558.0,66918.57142857143,70269.03703703704,65937.0
2023-10-20,"69,821","26,098",2.27,,,,08,6,https://news.tirumala.org/total-pilgrims-who-had-darshan-on-20-10-2023-69821/,ok,2023,10,20,4,Friday,42,4,293,0,0,0,0,0,-0.433883739117558,-0.9009688679024191,-0.9467139181463862,0.3220757010206104,0,0,0,0,0,0,0,,0,0,4,6,shukla,0,0,0,0,0,0,0,0,0,0,1,0,0,0,0,0,0,post_monsoon,0,0,0,1,0,1,66757.0,59304.0,72104.0,67035.71428571429,70279.96296296296,59304.0
2023-10-21,"65,422","33,212",2.84,,,,11,12,https://news.tirumala.org/total-pilgrims-who-had-darshan-on-21-10-2023-65422/,ok,2023,10,21,5,Saturday,42,4,294,1,1,0,0,0,-0.9749279121818236,-0.2225209339563146,-0.9410336347451196,0.3383130181923076,0,0,0,0,0,0,0,,0,0,3,7,shukla,0,0,0,0,0,0,0,0,0,0,1,0,0,0,0,0,0,post_monsoon,0,0,0,1,0,1,69821.0,67785.0,72309.0,68538.14285714286,70175.18518518518,67785.0
2023-10-22,"77,187","29,209",3.06,,,,12,8,https://news.tirumala.org/total-pilgrims-who-had-darshan-on-22-10-2023-77187/,ok,2023,10,22,6,Sunday,42,4,295,1,0,1,0,0,-0.7818314824680299,0.6234898018587334,-0.9350748843515574,0.3544502230989869,0,0,0,0,0,0,0,,0,0,2,8,shukla,0,0,0,0,0,0,0,0,0,0,1,0,0,0,0,0,0,post_monsoon,0,0,0,1,0,1,65422.0,60659.0,70515.0,68200.57142857143,70131.62962962964,60659.0
2023-10-23,"71,037","20,563",2.66,,,,Present Direct Line,5,https://news.tirumala.org/total-pilgrims-who-had-darshan-on-23-10-2023-71037/,ok,2023,10,23,0,Monday,43,4,296,0,0,0,0,0,0.0,1.0,-0.9288394302558068,0.3704825404820963,0,0,0,0,0,0,0,,0,1,1,9,shukla,0,0,0,0,0,0,0,0,0,0,1,0,0,0,0,0,0,post_monsoon,0,0,0,1,0,1,77187.0,73859.0,68828.0,70561.71428571429,70383.60714285714,73859.0
2023-10-24,,,,,,,,,,not_found,2023,10,24,1,Tuesday,43,4,297,0,0,0,0,0,0.7818314824680298,0.6234898018587336,-0.9223291176290545,0.3864052261209853,1,1,1,1,1,1,1,Dussehra,0,0,0,10,shukla,0,0,0,0,0,0,0,0,0,0,0,0,0,0,0,0,0,post_monsoon,0,0,0,1,0,1,71037.0,72123.0,71361.0,70158.57142857143,70344.32142857143,72123.0
2023-10-25,"65,422","23,778",3.3,,,,03,8,https://news.tirumala.org/total-pilgrims-who-had-darshan-on-25-10-2023-65422/,ok,2023,10,25,2,Wednesday,43,4,298,0,0,0,0,0,0.9749279121818236,-0.2225209339563143,-0.9155458729775467,0.4022135682368036,0,0,0,0,0,0,0,,0,0,-1,11,shukla,1,0,0,0,0,0,0,0,0,0,0,0,0,0,0,0,0,post_monsoon,0,0,0,1,0,1,,68763.0,72230.0,69831.16666666667,70884.96296296296,68763.0
2023-10-26,"62,055","27,088",3.58,,,,31,12,https://news.tirumala.org/total-pilgrims-who-had-darshan-on-26-10-2023-62055/,ok,2023,10,26,3,Thursday,43,4,299,0,0,0,0,0,0.4338837391175582,-0.900968867902419,-0.9084917035725082,0.4179028888867866,0,0,0,0,0,0,0,,0,0,-2,12,shukla,0,0,0,0,0,0,0,0,0,0,0,0,0,0,0,0,0,post_monsoon,0,0,0,1,0,1,65422.0,66757.0,65937.0,69274.33333333333,70851.11111111111,66757.0
2023-10-27,"63,404","26,659",3.42,,,,31,24,https://news.tirumala.org/total-pilgrims-who-had-darshan-on-27-10-2023-63404/,ok,2023,10,27,4,Friday,43,4,300,0,0,0,0,0,-0.433883739117558,-0.9009688679024191,-0.9011686968561567,0.4334685453485363,0,0,0,0,0,0,0,,0,0,-3,13,shukla,0,0,0,0,0,0,0,0,0,0,0,0,0,0,0,0,0,post_monsoon,0,0,0,1,0,1,62055.0,69821.0,59304.0,68490.66666666667,71126.48148148147,69821.0
2023-10-28,"47,531","23,836",3.03,,,,12,12,https://news.tirumala.org/total-pilgrims-who-had-darshan-on-28-10-2023-47531/,ok,2023,10,28,5,Saturday,43,4,301,1,1,0,0,0,-0.9749279121818236,-0.2225209339563146,-0.8935790198239952,0.4489059314938798,0,0,0,0,0,0,0,,0,0,-4,15,shukla,0,1,0,0,0,0,0,0,0,0,0,0,0,0,0,0,0,post_monsoon,0,0,0,1,0,1,63404.0,65422.0,67785.0,67421.16666666667,71021.70370370371,65422.0
2023-10-29,"85,497","24,873",2.41,,,,04,8,https://news.tirumala.org/total-pilgrims-who-had-darshan-on-29-10-2023-47531/,ok,2023,10,29,6,Sunday,43,4,302,1,0,1,0,0,-0.7818314824680299,0.6234898018587334,-0.8857249183835637,0.4642104791518923,0,0,0,0,0,0,0,,0,0,-5,16,krishna,0,0,0,0,0,0,0,0,0,0,0,0,0,0,0,0,0,post_monsoon,0,0,0,1,0,1,47531.0,77187.0,60659.0,64439.333333333336,69556.88888888889,77187.0
2023-10-30,"69,654","23,978",3.34,,,,04,8,https://news.tirumala.org/total-pilgrims-who-had-darshan-on-30-10-2023-85497/,ok,2023,10,30,0,Monday,44,4,303,0,0,0,0,0,0.0,1.0,-0.8776087166898392,0.4793776594606945,0,0,0,0,0,0,0,,0,0,-6,17,krishna,0,0,0,0,0,0,0,0,0,0,0,0,0,0,0,0,0,post_monsoon,0,0,0,1,0,1,85497.0,71037.0,73859.0,65824.33333333333,69441.11111111111,71037.0
2023-10-31,"62,269","19,255",5.19,,,,Present Direct Line,5,https://news.tirumala.org/total-pilgrims-who-had-darshan-on-31-10-2023-62269/,ok,2023,10,31,1,Tuesday,44,4,304,0,0,0,0,1,0.7818314824680298,0.6234898018587336,-0.8692328164574792,0.4944029842076181,0,0,0,0,0,0,0,,0,0,-7,18,krishna,0,0,0,0,0,0,0,0,0,0,0,0,0,0,0,0,0,post_monsoon,0,0,0,1,0,1,69654.0,,72123.0,65593.83333333333,69037.51851851853,
2023-11-01,"63,710","21,205",3.13,,,,05,8,https://news.tirumala.org/total-pilgrims-who-had-darshan-on-01-11-2023-63710/,ok,2023,11,1,2,Wednesday,44,4,305,0,0,0,1,0,0.9749279121818236,-0.2225209339563143,-0.8605996962501181,0.5092820071573356,0,1,0,0,1,1,1,Andhra Pradesh Foundation Day,0,0,-8,19,krishna,0,0,0,0,0,0,0,0,0,0,0,0,0,0,0,0,0,post_monsoon,0,0,0,1,0,1,62269.0,65422.0,68763.0,65118.857142857145,68404.33333333333,65422.0
2023-11-02,"59,335","23,271",3.29,,,,23,12,https://news.tirumala.org/total-pilgrims-who-had-darshan-on-02-11-2023-59335/,ok,2023,11,2,3,Thursday,44,4,306,0,0,0,0,0,0.4338837391175582,-0.900968867902419,-0.8517119107469189,0.5240103253675756,0,0,0,0,0,0,0,,0,0,-9,20,krishna,0,0,0,0,0,0,0,0,0,0,0,0,0,0,0,0,0,post_monsoon,0,0,0,1,0,1,63710.0,62055.0,66757.0,64874.28571428572,67929.66666666667,62055.0
2023-11-03,"66,048","24,666",3.25,,,,Present Direct Line,8,https://news.tirumala.org/total-pilgrims-who-had-darshan-on-03-11-2023-66048/,ok,2023,11,3,4,Friday,44,4,307,0,0,0,0,0,-0.433883739117558,-0.9009688679024191,-0.8425720899866032,0.5385835804920232,0,0,0,0,0,0,0,,0,0,9,21,krishna,0,0,0,0,0,0,0,0,0,0,0,0,0,0,0,0,0,post_monsoon,0,0,0,1,0,1,59335.0,63404.0,69821.0,64485.71428571428,67588.07407407407,63404.0
2023-11-04,"70,250","34,014",3.14,,,,31,12,https://news.tirumala.org/total-pilgrims-who-had-darshan-on-04-11-2023-70250/,ok,2023,11,4,5,Saturday,44,4,308,1,1,0,0,0,-0.9749279121818236,-0.2225209339563146,-0.8331829385891785,0.5529974600700271,0,0,0,0,0,0,0,,0,0,8,22,krishna,0,0,0,0,0,0,0,0,0,0,0,0,0,0,0,0,0,post_monsoon,0,0,0,1,0,1,66048.0,47531.0,65422.0,64863.42857142857,67363.77777777778,47531.0
2023-11-05,"78,389","23,466",3.87,,,,7,8,https://news.tirumala.org/total-pilgrims-who-had-darshan-on-05-11-2023-78389/,ok,2023,11,5,6,Sunday,44,4,309,1,0,1,0,0,-0.7818314824680299,0.6234898018587334,-0.8235472349556007,0.5672476988027229,0,0,0,0,0,0,0,,0,0,7,23,krishna,0,0,0,0,0,0,0,0,0,0,0,0,0,0,0,0,0,post_monsoon,0,0,0,1,0,1,70250.0,85497.0,77187.0,68109.0,67287.51851851853,85497.0
2023-11-06,"66,312","22,002",4.7,,,,Present Direct Line,6,https://news.tirumala.org/total-pilgrims-who-had-darshan-on-06-11-2023-66312/,ok,2023,11,6,0,Monday,45,4,310,0,0,0,0,0,0.0,1.0,-0.8136678304455991,0.5813300798152042,0,0,0,0,0,0,0,,0,0,6,24,krishna,0,0,0,0,0,0,0,0,0,0,0,0,0,0,0,0,0,post_monsoon,0,0,0,1,0,1,78389.0,69654.0,71037.0,67093.57142857143,67579.14814814815,69654.0
2023-11-07,"61,640","19,064",3.19,,,,Present Direct Line,8,https://news.tirumala.org/total-pilgrims-who-had-darshan-on-07-11-2023-61640/,ok,2023,11,7,1,Tuesday,45,4,311,0,0,0,0,0,0.7818314824680298,0.6234898018587336,-0.8035476485339116,0.5952404359043674,0,0,0,0,0,0,0,,0,0,5,25,krishna,0,0,0,0,0,0,0,0,0,0,0,0,0,0,0,0,0,post_monsoon,0,0,0,1,0,1,66312.0,62269.0,,66616.14285714286,67485.96296296296,62269.0
2023-11-08,"58,157","24,054",4.55,,,,06,6,https://news.tirumala.org/total-pilgrims-who-had-darshan-on-08-11-2023-58157/,ok,2023,11,8,2,Wednesday,45,4,312,0,0,0,0,0,0.9749279121818236,-0.2225209339563143,-0.7931896839451843,0.6089746507720486,0,0,0,0,0,0,0,,0,0,4,25,krishna,0,0,0,0,0,0,0,0,0,0,0,0,0,0,0,0,0,post_monsoon,0,0,0,1,0,1,61640.0,63710.0,65422.0,66526.28571428571,67125.92592592593,63710.0
2023-11-09,"56,723","21,778",3.37,,,,13,8,https://news.tirumala.org/total-pilgrims-who-had-darshan-on-09-11-2023-56723/,ok,2023,11,9,3,Thursday,45,4,313,0,0,0,0,0,0.4338837391175582,-0.900968867902419,-0.7825970017677834,0.6225286602431057,0,0,0,0,0,0,0,,0,0,3,26,krishna,1,0,0,0,0,0,0,0,0,0,0,0,0,0,0,0,0,post_monsoon,0,0,0,1,0,1,58157.0,59335.0,62055.0,65733.0,66604.70370370371,59335.0
2023-11-10,"56,978","19,617",4.87,,,,Present Direct Line,6,https://news.tirumala.org/total-pilgrims-who-had-darshan-on-10-11-2023-56978/,ok,2023,11,10,4,Friday,45,4,314,0,0,0,0,0,-0.433883739117558,-0.9009688679024191,-0.7717727365467836,0.6358984534680745,0,0,0,0,0,0,0,,0,0,2,27,krishna,0,0,0,0,0,0,0,0,0,0,0,0,0,0,0,0,0,post_monsoon,0,0,0,1,0,1,56723.0,66048.0,63404.0,65359.857142857145,66263.44444444444,66048.0
2023-11-11,"71,490","24,993",3.87,,,,21,12,https://news.tirumala.org/total-pilgrims-who-had-darshan-on-11-11-2023-56978/,ok,2023,11,11,5,Saturday,45,4,315,1,1,0,0,0,-0.9749279121818236,-0.2225209339563146,-0.7607200913564104,0.6490800741100398,0,0,0,0,0,0,0,,0,0,1,28,krishna,0,0,0,0,0,0,0,0,0,0,0,0,0,0,0,0,0,post_monsoon,0,0,0,1,0,1,56978.0,70250.0,47531.0,64064.142857142855,66177.29629629629,70250.0
2023-11-12,"74,807","21,974",3.58,,,,Present Direct Line,6,https://news.tirumala.org/total-pilgrims-who-had-darshan-on-12-11-2023-74807/,ok,2023,11,12,6,Sunday,45,4,316,1,0,1,0,0,-0.7818314824680299,0.6234898018587334,-0.7494423368521954,0.6620696215153815,1,1,1,1,1,1,1,Diwali (Deepavali),0,0,0,29,krishna,0,0,0,0,0,0,0,0,0,0,0,0,0,0,0,0,0,post_monsoon,0,0,0,1,0,1,71490.0,78389.0,85497.0,64241.28571428572,66314.51851851853,78389.0
2023-11-13,"70,902","22,858",3.24,,,,24,12,https://news.tirumala.org/total-pilgrims-who-had-darshan-on-13-11-2023-70902/,ok,2023,11,13,0,Monday,46,4,317,0,0,0,0,0,0.0,1.0,-0.7379428103031386,0.6748632518680403,0,0,0,0,0,0,0,,0,0,-1,30,krishna,0,0,1,0,0,0,0,0,0,0,0,0,0,0,0,0,0,post_monsoon,0,0,0,1,0,1,74807.0,66312.0,69654.0,63729.57142857143,66838.51851851853,66312.0
2023-11-14,"69,041","22,415",3.19,,,,23,14,https://news.tirumala.org/total-pilgrims-who-had-darshan-on-14-11-2023-69041/,ok,2023,11,14,1,Tuesday,46,4,318,0,0,0,0,0,0.7818314824680298,0.6234898018587336,-0.7262249146041543,0.6874571793269664,0,0,0,0,0,0,0,,0,0,-2,1,shukla,0,0,0,0,0,0,0,0,0,0,0,0,0,0,0,0,0,post_monsoon,0,0,0,1,0,1,70902.0,61640.0,62269.0,64385.28571428572,66729.0,61640.0
2023-11-15,"71,123","26,689",3.84,,,,26,14,https://news.tirumala.org/total-pilgrims-who-had-darshan-on-15-11-2023-71123/,ok,2023,11,15,2,Wednesday,46,4,319,0,0,0,0,0,0.9749279121818236,-0.2225209339563143,-0.7142921172691032,0.699847677146407,0,0,0,0,0,0,0,,0,0,-3,2,shukla,0,0,0,0,0,0,0,0,0,0,0,0,0,0,0,0,0,post_monsoon,0,0,0,1,0,1,69041.0,58157.0,63710.0,65442.57142857143,66614.85185185185,58157.0
2023-11-16,"62,494","27,666",3.59,,,,Outside Line at Silathoranam.,24,https://news.tirumala.org/total-pilgrims-who-had-darshan-on-16-11-2023-62494/,ok,2023,11,16,3,Thursday,46,4,320,0,0,0,0,0,0.4338837391175582,-0.900968867902419,-0.7021479494046978,0.7120310787787131,0,0,0,0,0,0,0,,0,0,-4,3,shukla,0,0,0,0,0,0,0,0,0,0,0,0,0,0,0,0,0,post_monsoon,0,0,0,1,0,1,71123.0,56723.0,59335.0,67294.85714285714,66702.25925925926,56723.0
2023-11-17,"67,140","26,870",4.01,,,,Out side Line at Silathoranam.,24,https://news.tirumala.org/total-pilgrims-who-had-darshan-on-17-11-2023-67140/,ok,2023,11,17,4,Friday,46,4,321,0,0,0,0,0,-0.433883739117558,-0.9009688679024191,-0.6897960046655887,0.7240037789593305,0,0,0,0,0,0,0,,0,0,-5,4,shukla,0,0,0,0,1,0,0,0,0,0,0,0,0,0,0,0,0,post_monsoon,0,0,0,1,0,1,62494.0,56978.0,66048.0,68119.28571428571,66544.37037037036,56978.0
2023-11-18,"70,686","34,563",3.02,,,,Outside Line at Octopus building.,24,https://news.tirumala.org/total-pilgrims-who-had-darshan-on-18-11-2023-70686/,ok,2023,11,18,5,Saturday,46,4,322,1,1,0,0,0,-0.9749279121818236,-0.2225209339563146,-0.6772399381909491,0.7357622347736527,0,0,0,0,0,0,0,,0,0,-6,5,shukla,0,0,0,0,1,0,0,0,0,0,0,0,0,0,0,0,0,post_monsoon,0,0,0,1,0,1,67140.0,71490.0,70250.0,69571.0,66445.07407407407,71490.0
2023-11-19,"79,800","25,962",3.55,,,,20,12,https://news.tirumala.org/total-pilgrims-who-had-darshan-on-19-11-2023-79800/,ok,2023,11,19,6,Sunday,46,4,323,1,0,1,0,0,-0.7818314824680299,0.6234898018587334,-0.6644834655228552,0.7473029667054296,0,0,0,0,0,0,0,,0,0,-7,6,shukla,0,0,0,0,1,0,0,0,0,0,0,0,0,0,0,0,0,post_monsoon,0,0,0,1,0,1,70686.0,74807.0,78389.0,69456.14285714286,66640.03703703704,74807.0
2023-11-20,"67,198","22,452",4.19,,,,21,12,https://news.tirumala.org/total-pilgrims-who-had-darshan-on-20-11-2023-67198/,ok,2023,11,20,0,Monday,47,4,324,0,0,0,0,0,0.0,1.0,-0.6515303615068021,0.75862255966641,0,0,0,0,0,0,0,,0,0,7,8,shukla,0,0,0,0,1,0,0,0,0,0,0,0,0,0,0,0,0,post_monsoon,0,0,0,1,0,1,79800.0,70902.0,66312.0,70169.42857142857,66736.81481481482,70902.0
2023-11-21,"69,981","20,492",3.55,,,,13,20,https://news.tirumala.org/total-pilgrims-who-had-darshan-on-21-11-2023-69981/,ok,2023,11,21,1,Tuesday,47,4,325,0,0,0,0,0,0.7818314824680298,0.6234898018587336,-0.6383844591746642,0.7697176640069211,0,0,0,0,0,0,0,,0,0,6,9,shukla,0,0,0,0,1,0,0,0,0,0,0,0,0,0,0,0,0,post_monsoon,0,0,0,1,0,1,67198.0,69041.0,61640.0,69640.28571428571,66594.62962962964,69041.0
2023-11-22,"65,891","22,896",4.04,,,,05,12,https://news.tirumala.org/total-pilgrims-who-had-darshan-on-22-11-2023-65891/,ok,2023,11,22,2,Wednesday,47,4,326,0,0,0,0,0,0.9749279121818236,-0.2225209339563143,-0.6250496486104377,0.7805849965070866,0,0,0,0,0,0,0,,0,0,5,10,shukla,0,0,0,0,1,0,0,0,0,0,0,0,0,0,0,0,0,post_monsoon,0,0,0,1,0,1,69981.0,71123.0,58157.0,69774.57142857143,66715.57142857143,71123.0
2023-11-23,"45,503","22,096",3.27,,,,Outside Line at ATGH,18,https://news.tirumala.org/total-pilgrims-who-had-darshan-on-23-11-2023-45503/,ok,2023,11,23,3,Thursday,47,4,327,0,0,0,0,0,0.4338837391175582,-0.900968867902419,-0.6115298757991053,0.7912213413483807,0,0,0,0,0,0,0,,0,0,4,11,shukla,1,0,0,0,1,0,0,0,0,0,0,0,0,0,0,0,0,post_monsoon,0,0,0,1,0,1,65891.0,62494.0,56723.0,69027.14285714286,66732.32142857143,62494.0
2023-11-24,"74,843","23,776",3.4,,,,,8,https://news.tirumala.org/total-pilgrims-who-had-darshan-on-24-11-2023-74843/,ok,2023,11,24,4,Friday,47,4,328,0,0,0,0,0,-0.433883739117558,-0.9009688679024191,-0.5978291414589552,0.801623551065242,0,0,0,0,0,0,0,,0,0,3,12,shukla,0,0,0,0,1,0,0,0,0,0,0,0,0,0,0,0,0,post_monsoon,0,0,0,1,0,1,45503.0,67140.0,56978.0,66599.85714285714,66141.17857142857,67140.0
2023-11-25,"68,179","29,726",3.06,,,,31,24,https://news.tirumala.org/total-pilgrims-who-had-darshan-on-25-11-2023-68179/,ok,2023,11,25,5,Saturday,47,4,329,1,1,0,0,0,-0.9749279121818236,-0.2225209339563146,-0.5839514998576998,0.8117885474764613,0,0,0,0,0,0,0,,1,0,2,13,shukla,0,0,0,0,1,0,0,0,0,0,0,0,0,0,0,0,0,post_monsoon,0,0,0,1,0,1,74843.0,70686.0,71490.0,67700.28571428571,66549.71428571429,70686.0
2023-11-26,"70,350","19,500",3.11,,,,13,12,https://news.tirumala.org/total-pilgrims-who-had-darshan-on-26-11-2023-70350/,ok,2023,11,26,6,Sunday,47,4,330,1,0,1,0,0,-0.7818314824680299,0.6234898018587334,-0.5699010576127624,0.8217133225960589,0,0,0,0,0,0,0,,1,0,1,14,shukla,0,0,0,0,1,0,0,0,0,0,0,0,0,0,0,0,0,post_monsoon,0,0,0,1,0,1,68179.0,79800.0,74807.0,67342.14285714286,67287.14285714286,79800.0
2023-11-27,"58,176","20,157",4.22,,,,04,8,https://news.tirumala.org/total-pilgrims-who-had-darshan-on-27-11-2023-58176/,ok,2023,11,27,0,Monday,48,4,331,0,0,0,0,0,0.0,1.0,-0.5556819724760489,0.8313949395234058,1,1,1,1,1,1,1,Guru Nanak's Birthday,1,0,0,15,shukla,0,1,0,0,1,0,0,0,0,0,0,0,0,0,0,0,0,post_monsoon,0,0,0,1,0,1,70350.0,67198.0,70902.0,65992.14285714286,66746.17857142857,67198.0
2023-11-28,"58,874","17,133",3.5,,,,06,8,https://news.tirumala.org/total-pilgrims-who-had-darshan-on-28-11-2023-58874/,ok,2023,11,28,1,Tuesday,48,4,332,0,0,0,0,0,0.7818314824680298,0.6234898018587336,-0.5412984521036173,0.8408305333122887,0,0,0,0,0,0,0,,0,0,-1,16,krishna,0,0,0,0,1,0,0,0,0,0,0,0,0,0,0,0,0,post_monsoon,0,0,0,1,0,1,58176.0,69981.0,69041.0,64703.28571428572,66336.25,69981.0
2023-11-29,"61,403","19,126",3.37,,,,05,12,https://news.tirumala.org/total-pilgrims-who-had-darshan-on-29-11-2023-61403/,ok,2023,11,29,2,Wednesday,48,4,333,0,0,0,0,0,0.9749279121818236,-0.2225209339563143,-0.5267547528105542,0.8500173118187018,0,0,0,0,0,0,0,,0,0,-2,17,krishna,0,0,0,0,1,0,0,0,0,0,0,0,0,0,0,0,0,post_monsoon,0,0,0,1,0,1,58874.0,65891.0,71123.0,63116.57142857143,66215.0,65891.0
2023-11-30,"58,278","17,220",3.53,,,,05,8,https://news.tirumala.org/total-pilgrims-who-had-darshan-on-30-11-2023-58278/,ok,2023,11,30,3,Thursday,48,4,334,0,0,0,0,1,0.4338837391175582,-0.900968867902419,-0.5120551783114646,0.8589525565270845,0,0,0,0,0,0,0,,0,0,-3,18,krishna,0,0,0,0,1,0,0,0,0,0,0,0,0,0,0,0,0,post_monsoon,0,0,0,1,0,1,61403.0,45503.0,62494.0,62475.42857142857,66132.60714285714,45503.0
2023-12-01,"56,950","20,463",3.75,,,,Present Direct Line,8,https://news.tirumala.org/total-pilgrims-who-had-darshan-on-01-12-2023-56950/,ok,2023,12,1,4,Friday,48,4,335,0,0,0,1,0,-0.433883739117558,-0.9009688679024191,-0.4972040784469378,0.8676336233547726,0,0,0,0,0,0,0,,0,0,-4,19,krishna,0,0,0,0,1,0,0,0,0,0,0,0,0,0,0,0,0,winter,1,0,0,0,0,1,58278.0,74843.0,67140.0,64300.42857142857,66094.85714285714,74843.0
2023-12-02,"66,162","27,668",3.24,,,,26,18,https://news.tirumala.org/total-pilgrims-who-had-darshan-on-02-12-2023-66162/,ok,2023,12,2,5,Saturday,48,4,336,1,1,0,0,0,-0.9749279121818236,-0.2225209339563146,-0.4822058478963526,0.8760579434344281,0,0,0,0,0,0,0,,0,0,-5,20,krishna,0,0,0,0,1,0,0,0,0,0,0,0,0,0,0,0,0,winter,1,0,0,0,0,1,56950.0,68179.0,70686.0,61744.28571428572,65769.92857142857,68179.0
2023-12-03,"70,349","20,535",4.1,,,,04,8,https://news.tirumala.org/total-pilgrims-who-had-darshan-on-03-12-2023-70349/,ok,2023,12,3,6,Sunday,48,4,337,1,0,1,0,0,-0.7818314824680299,0.6234898018587334,-0.4670649248774303,0.8842230238742036,0,0,0,0,0,0,0,,0,0,-6,21,krishna,0,0,0,0,1,0,0,0,0,0,0,0,0,0,0,0,0,winter,1,0,0,0,0,1,66162.0,70350.0,79800.0,61456.142857142855,65623.92857142857,70350.0
2023-12-04,"55,909","17,209",3.42,,,,Present Direct Line,8,https://news.tirumala.org/total-pilgrims-who-had-darshan-on-04-12-2023-55909/,ok,2023,12,4,0,Monday,49,4,338,0,0,0,0,0,0.0,1.0,-0.451785789832884,0.8921264484954345,0,0,0,0,0,0,0,,0,0,-7,22,krishna,0,0,0,0,1,0,0,0,0,0,0,0,0,0,0,0,0,winter,1,0,0,0,0,1,70349.0,58176.0,67198.0,61456.0,65336.78571428572,58176.0
2023-12-05,"44,547","13,125",3.25,,,,Present Direct Line,8,https://news.tirumala.org/total-pilgrims-who-had-darshan-on-05-12-2023-44547/,ok,2023,12,5,1,Tuesday,49,4,339,0,0,0,0,0,0.7818314824680298,0.6234898018587336,-0.4363729641045924,0.8997658785476209,0,0,0,0,0,0,0,,0,0,-8,23,krishna,0,0,0,0,1,0,0,0,0,0,0,0,0,0,0,0,0,winter,1,0,0,0,0,1,55909.0,58874.0,69981.0,61132.142857142855,64965.25,58874.0
2023-12-06,"45,275","14,295",2.32,,,,02,8,https://news.tirumala.org/total-pilgrims-who-had-darshan-on-06-12-2023-45275/,ok,2023,12,6,2,Wednesday,49,4,340,0,0,0,0,0,0.9749279121818236,-0.2225209339563143,-0.4208310085956556,0.9071390534005044,0,0,0,0,0,0,0,,0,0,-9,24,krishna,0,0,0,0,1,0,0,0,0,0,0,0,0,0,0,0,0,winter,1,0,0,0,0,1,44547.0,61403.0,65891.0,59085.42857142857,64354.78571428572,61403.0
2023-12-07,"56,344","17,616",4.26,,,,05,8,https://news.tirumala.org/total-pilgrims-who-had-darshan-on-07-12-2023-56344/,ok,2023,12,7,3,Thursday,49,4,341,0,0,0,0,0,0.4338837391175582,-0.900968867902419,-0.4051645224207563,0.9142437912130223,0,0,0,0,0,0,0,,0,0,-10,25,krishna,0,0,0,0,1,0,0,0,0,0,0,0,0,0,0,0,0,winter,1,0,0,0,0,1,45275.0,58278.0,45503.0,56781.42857142857,63894.71428571428,58278.0
2023-12-08,"54,323","20,817",2.4,,,,Present Direct Line.,8,https://news.tirumala.org/total-pilgrims-who-had-darshan-on-08-12-2023-54323/,ok,2023,12,8,4,Friday,49,4,342,0,0,0,0,0,-0.433883739117558,-0.9009688679024191,-0.3893781415452015,0.9210779895789526,0,0,0,0,0,0,0,,0,0,-11,26,krishna,1,0,0,0,1,0,0,0,0,0,0,0,0,0,0,0,0,winter,1,0,0,0,0,1,56344.0,56950.0,74843.0,56505.142857142855,63881.17857142857,56950.0
2023-12-09,"68,769","28,904",3.33,,,,05,8,https://news.tirumala.org/total-pilgrims-who-had-darshan-on-09-12-2023-684769/,ok,2023,12,9,5,Saturday,49,4,343,1,1,0,0,0,-0.9749279121818236,-0.2225209339563146,-0.3734765374130707,0.9276396261490468,0,0,0,0,0,0,0,,0,0,-12,26,krishna,1,0,0,0,1,0,0,0,0,0,0,0,0,0,0,0,0,winter,1,0,0,0,0,1,54323.0,66162.0,68179.0,56129.857142857145,63786.357142857145,66162.0
2023-12-10,"73,091","23,246",3.72,,,,02,8,https://news.tirumala.org/total-pilgrims-who-had-darshan-on-10-12-2023-73091/,ok,2023,12,10,6,Sunday,49,4,344,1,0,1,0,0,-0.7818314824680299,0.6234898018587334,-0.3574644155648614,0.9339267592294762,0,0,0,0,0,0,0,,0,0,-13,27,krishna,0,0,0,0,1,0,0,0,0,0,0,0,0,0,0,0,0,winter,1,0,0,0,0,1,68769.0,70349.0,70350.0,56502.28571428572,63689.17857142857,70349.0
2023-12-11,"64,882","24,900",5.28,,,,13,12,https://news.tirumala.org/total-pilgrims-who-had-darshan-on-11-12-2023-64882/,ok,2023,12,11,0,Monday,50,4,345,0,0,0,0,0,0.0,1.0,-0.3413465142450361,0.9399375283564132,0,0,0,0,0,0,0,,0,0,-14,28,krishna,0,0,0,0,1,0,0,0,0,0,0,0,0,0,0,0,0,winter,1,0,0,0,0,1,73091.0,55909.0,58176.0,56894.0,63627.892857142855,55909.0
2023-12-12,"63,021","19,091",3.15,,,,02,8,https://news.tirumala.org/total-pilgrims-who-had-darshan-on-12-12-2023-63021/,ok,2023,12,12,1,Tuesday,50,4,346,0,0,0,0,0,0.7818314824680298,0.6234898018587336,-0.3251276029999093,0.9456701548465688,0,0,0,0,0,0,0,,0,0,13,30,krishna,0,0,1,0,1,0,0,0,0,0,0,0,0,0,0,0,0,winter,1,0,0,0,0,1,64882.0,44547.0,58874.0,58175.857142857145,63412.892857142855,44547.0
2023-12-13,"60,928","22,358",3.34,,,,05,8,https://news.tirumala.org/total-pilgrims-who-had-darshan-on-13-12-2023-60928/,ok,2023,12,13,2,Wednesday,50,4,347,0,0,0,0,0,0.9749279121818236,-0.2225209339563143,-0.3088124812662537,0.9511229423235356,0,0,0,0,0,0,0,,0,0,12,1,shukla,0,0,0,0,1,0,0,0,0,0,0,0,0,0,0,0,0,winter,1,0,0,0,0,1,63021.0,45275.0,61403.0,60815.0,63197.892857142855,45275.0
2023-12-14,"56,049","26,748",3.97,,,,Outside Line at TBC,24,https://news.tirumala.org/total-pilgrims-who-had-darshan-on-14-12-2023-56049/,ok,2023,12,14,3,Thursday,50,4,348,0,0,0,0,0,0.4338837391175582,-0.900968867902419,-0.2924059769510773,0.956294277219772,0,0,0,0,0,0,0,,0,0,11,2,shukla,0,0,0,0,1,0,0,0,0,0,0,0,0,0,0,0,0,winter,1,0,0,0,0,1,60928.0,56344.0,58278.0,63051.142857142855,62833.78571428572,56344.0
2023-12-15,"71,037","25,635",3.89,,,,10,18,https://news.tirumala.org/total-pilgrims-who-had-darshan-on-15-12-2023-71037/,ok,2023,12,15,4,Friday,50,4,349,0,0,0,0,0,-0.433883739117558,-0.9009688679024191,-0.2759129450029604,0.9611826292540836,0,0,0,0,0,0,0,,0,0,10,3,shukla,0,0,0,0,1,0,0,0,0,0,0,0,0,0,0,0,0,winter,1,0,0,0,0,1,56049.0,54323.0,56950.0,63009.0,62603.607142857145,54323.0
2023-12-16,"59,734","30,654",3.52,,,,Outside line at Narayanagiri Gardens,24,https://news.tirumala.org/total-pilgrims-who-had-darshan-on-16-12-2023-59734/,ok,2023,12,16,5,Saturday,50,4,350,1,1,0,0,0,-0.9749279121818236,-0.2225209339563146,-0.2593382659754056,0.9657865518844574,0,0,0,0,0,0,0,,0,0,9,4,shukla,0,0,0,0,1,0,0,0,0,0,0,0,0,0,0,0,0,winter,1,0,0,0,0,1,71037.0,68769.0,66162.0,65396.71428571428,62742.78571428572,68769.0
2023-12-17,"74,845","26,122",4.44,,,,20,24,https://news.tirumala.org/total-pilgrims-who-had-darshan-on-17-12-2023-74845/,ok,2023,12,17,6,Sunday,50,4,351,1,0,1,0,0,-0.7818314824680299,0.6234898018587334,-0.2426868445825954,0.9701046827361176,0,0,0,0,0,0,0,,0,0,8,5,shukla,0,0,0,0,0,0,1,0,0,0,0,0,0,0,0,0,0,winter,1,0,0,0,0,1,59734.0,73091.0,70349.0,64106.0,62351.642857142855,73091.0
2023-12-18,"61,499","24,789",4.14,,,,18,12,https://news.tirumala.org/total-pilgrims-who-had-darshan-on-18-12-2023-61499/,ok,2023,12,18,0,Monday,51,4,352,0,0,0,0,0,0.0,1.0,-0.225963608248019,0.974135744004672,0,0,0,0,0,0,0,,0,0,7,6,shukla,0,0,0,0,0,0,1,0,0,0,0,0,0,0,0,0,0,winter,1,0,0,0,0,1,74845.0,64882.0,55909.0,64356.57142857143,62174.67857142857,64882.0
2023-12-19,"64,040","21,527",3.17,,,,Present Direct Line,10,https://news.tirumala.org/total-pilgrims-who-had-darshan-on-19-12-2023-64040/,ok,2023,12,19,1,Tuesday,51,4,353,0,0,0,0,0,0.7818314824680298,0.6234898018587336,-0.2091735056463563,0.9778785428342386,0,0,0,0,0,0,0,,0,0,6,7,shukla,0,0,0,0,0,0,1,0,0,0,0,0,0,0,0,0,0,winter,1,0,0,0,0,1,61499.0,63021.0,44547.0,63873.28571428572,61971.142857142855,63021.0
2023-12-20,"67,043","22,112",3.43,,,,03,10,https://news.tirumala.org/total-pilgrims-who-had-darshan-on-20-12-2023-67043/,ok,2023,12,20,2,Wednesday,51,4,354,0,0,0,0,0,0.9749279121818236,-0.2225209339563143,-0.1923215052390948,0.9813319716704276,0,0,0,0,0,0,0,,0,0,5,8,shukla,0,0,0,0,0,0,1,0,0,0,0,0,0,0,0,0,0,winter,1,0,0,0,0,1,64040.0,60928.0,45275.0,64018.857142857145,61758.96428571428,60928.0
2023-12-21,"59,868","23,935",4.91,,,,31,16,https://news.tirumala.org/total-pilgrims-who-had-darshan-on-21-12-2023-59868/,ok,2023,12,21,3,Thursday,51,4,355,0,0,0,0,0,0.4338837391175582,-0.900968867902419,-0.1754125938042784,0.9844950085880858,0,0,0,0,0,0,0,,0,0,4,9,shukla,0,0,0,0,0,0,1,0,0,0,0,0,0,0,0,0,0,winter,1,0,0,0,0,1,67043.0,56049.0,56344.0,64892.42857142857,61800.107142857145,56049.0
2023-12-22,"40,638","21,455",3.46,,,,,,https://news.tirumala.org/total-pilgrims-who-had-darshan-on-22-12-2023-40638/,ok,2023,12,22,4,Friday,51,4,356,0,0,0,0,0,-0.433883739117558,-0.9009688679024191,-0.1584517749608363,0.9873667175937016,0,0,0,0,0,0,0,,0,0,3,10,shukla,0,0,0,0,0,0,1,0,0,0,0,0,0,0,0,0,0,winter,1,0,0,0,0,1,59868.0,71037.0,54323.0,65438.0,62313.142857142855,71037.0
2023-12-23,"67,906","28,492",2.5,,,,,,https://news.tirumala.org/total-pilgrims-who-had-darshan-on-23-12-2023-67906/,ok,2023,12,23,5,Saturday,51,4,357,1,1,0,0,0,-0.9749279121818236,-0.2225209339563146,-0.141444067687942,0.989946248902378,0,0,0,0,0,0,0,,1,0,2,11,shukla,1,0,0,0,0,0,1,1,0,0,0,0,0,0,0,0,0,winter,1,0,0,0,0,1,40638.0,59734.0,68769.0,61095.28571428572,61091.53571428572,59734.0
2023-12-24,"63,519","26,424",5.05,,,,,,https://news.tirumala.org/total-pilgrims-who-had-darshan-on-24-12-2023-63519/,ok,2023,12,24,6,Sunday,51,4,358,1,0,1,0,0,-0.7818314824680299,0.6234898018587334,-0.1243945048397999,0.9922328391893008,0,0,0,0,0,0,0,,1,0,1,13,shukla,0,0,0,0,0,0,1,0,0,0,0,0,0,0,0,1,0,winter,1,0,0,0,0,1,67906.0,74845.0,73091.0,62262.71428571428,61081.78571428572,74845.0
2023-12-25,"69,294","23,837",4.1,,,,,,https://news.tirumala.org/total-pilgrims-who-had-darshan-on-25-12-2023-69294/,ok,2023,12,25,0,Monday,52,4,359,0,0,0,0,0,0.0,1.0,-0.1073081316563624,0.994225811815616,1,1,1,1,1,1,1,Christmas,1,0,0,14,shukla,0,0,0,0,0,0,1,0,0,0,0,0,0,0,0,1,0,winter,1,0,0,0,0,1,63519.0,61499.0,64882.0,60644.71428571428,60837.82142857143,61499.0
2023-12-26,"71,488","19,137",4.17,,,,,,https://news.tirumala.org/total-pilgrims-who-had-darshan-on-26-12-2023-71488/,ok,2023,12,26,1,Tuesday,52,4,360,0,0,0,0,0,0.7818314824680298,0.6234898018587336,-0.0901900042703451,0.99592457702866,0,0,0,0,0,0,0,,0,0,-1,15,shukla,0,1,0,0,0,0,1,0,0,0,0,0,0,0,0,1,0,winter,1,0,0,0,0,1,69294.0,64040.0,63021.0,61758.28571428572,61234.892857142855,64040.0
2023-12-27,"65,361","20,784",3.91,,,,,,https://news.tirumala.org/total-pilgrims-who-had-darshan-on-27-12-2023-65361/,ok,2023,12,27,2,Wednesday,52,4,361,0,0,0,0,0,0.9749279121818236,-0.2225209339563143,-0.0730451882110474,0.9973286321364752,0,0,0,0,0,0,0,,0,0,-2,16,krishna,0,0,0,0,0,0,1,0,0,0,0,0,0,0,0,1,0,winter,1,0,0,0,0,1,71488.0,67043.0,60928.0,62822.28571428572,61685.392857142855,67043.0
2023-12-28,"58,415","18,557",4.55,,,,,,https://news.tirumala.org/total-pilgrims-who-had-darshan-on-28-12-2023-58415/,ok,2023,12,28,3,Thursday,52,4,362,0,0,0,0,0,0.4338837391175582,-0.900968867902419,-0.0558787569053731,0.9984375616565666,0,0,0,0,0,0,0,,0,0,-3,16,krishna,0,0,0,0,0,0,1,0,0,0,0,0,0,0,0,1,0,winter,1,0,0,0,0,1,65361.0,59868.0,56049.0,62582.0,61826.75,59868.0
2023-12-29,"56,200","16,904",3.89,,,,,,https://news.tirumala.org/total-pilgrims-who-had-darshan-on-29-12-2023-56200/,ok,2023,12,29,4,Friday,52,4,363,0,0,0,0,0,-0.433883739117558,-0.9009688679024191,-0.0386957901765268,0.999251037438848,0,0,0,0,0,0,0,,0,0,-4,17,krishna,0,0,0,0,0,0,1,0,0,0,0,0,0,0,0,1,0,winter,1,0,0,0,0,1,58415.0,40638.0,71037.0,62374.42857142857,61831.642857142855,40638.0
2023-12-30,"63,728","19,206",3.7,,,,,,https://news.tirumala.org/total-pilgrims-who-had-darshan-on-30-12-2023-63728/,ok,2023,12,30,5,Saturday,52,4,364,1,1,0,0,0,-0.9749279121818236,-0.2225209339563146,-0.0215013727408137,0.999768818762748,0,0,0,0,0,0,0,,0,0,-5,18,krishna,0,0,0,0,0,0,1,0,0,0,0,0,0,0,0,1,0,winter,1,0,0,0,0,1,56200.0,67906.0,59734.0,64597.57142857143,61804.857142857145,67906.0
2023-12-31,"64,665","20,845",4.34,,,,,,https://news.tirumala.org/total-pilgrims-who-had-darshan-on-31-12-2023-64665/,ok,2023,12,31,6,Sunday,52,4,365,1,0,1,0,1,-0.7818314824680299,0.6234898018587334,-0.0043005927029819,0.9999907524084426,0,0,0,0,0,0,0,,0,0,-6,19,krishna,0,0,0,0,0,0,1,0,0,0,0,0,0,0,0,1,0,winter,1,0,0,0,0,1,63728.0,63519.0,74845.0,64000.71428571428,61717.92857142857,63519.0
2024-01-01,"63,358","19,534",3.97,,,,,,https://news.tirumala.org/total-pilgrims-who-had-darshan-on-01-01-2024-63358/,ok,2024,1,1,0,Monday,1,1,1,0,0,0,1,0,0.0,1.0,0.0172015754182605,0.9998520419557736,0,0,0,0,0,0,0,,0,0,-7,20,krishna,0,0,0,0,0,0,1,0,0,0,0,0,0,0,0,1,0,winter,1,0,0,0,0,1,64665.0,69294.0,61499.0,64164.42857142857,61514.92857142857,69294.0
2024-01-02,"73,712","19,902",4.97,,,,Present Direct Line,8,https://news.tirumala.org/total-pilgrims-who-had-darshan-on-02-01-2024-73712/,ok,2024,1,2,1,Tuesday,1,1,2,0,0,0,0,0,0.7818314824680298,0.6234898018587336,0.034398060613608,0.9994082116062598,0,0,0,0,0,0,0,,0,0,-8,21,krishna,0,0,0,0,0,0,1,0,0,0,0,0,0,0,0,0,0,winter,1,0,0,0,0,1,63358.0,71488.0,64040.0,63316.42857142857,61780.96428571428,71488.0
2024-01-03,"65,514","20,394",3.31,,,,02,8,https://news.tirumala.org/total-pilgrims-who-had-darshan-on-03-01-2024-65514/,ok,2024,1,3,2,Wednesday,1,1,3,0,0,0,0,0,0.9749279121818236,-0.2225209339563143,0.0515843668694083,0.9986686402879996,0,0,0,0,0,0,0,,0,0,-9,22,krishna,0,0,0,0,0,0,1,0,0,0,0,0,0,0,0,0,0,winter,1,0,0,0,0,1,73712.0,65361.0,67043.0,63634.142857142855,62822.57142857143,65361.0
2024-01-04,"59,522","18,544",3.51,,,,20,15,https://news.tirumala.org/total-pilgrims-who-had-darshan-on-04-01-2024-59522/,ok,2024,1,4,3,Thursday,1,1,4,0,0,0,0,0,0.4338837391175582,-0.900968867902419,0.0687554084811394,0.9976335468520452,0,0,0,0,0,0,0,,0,0,-10,23,krishna,0,0,0,0,0,0,1,0,0,0,0,0,0,0,0,0,0,winter,1,0,0,0,0,1,65514.0,58415.0,59868.0,63656.0,63545.392857142855,58415.0
2024-01-05,"57,411","20,878",3.66,,,,02,8,https://news.tirumala.org/total-pilgrims-who-had-darshan-on-05-01-2024-57411/,ok,2024,1,5,4,Friday,1,1,5,0,0,0,0,0,-0.433883739117558,-0.9009688679024191,0.0859061042613327,0.9963032375991964,0,0,0,0,0,0,0,,0,0,-11,24,krishna,0,0,0,0,0,0,1,0,0,0,0,0,0,0,0,0,0,winter,1,0,0,0,0,1,59522.0,56200.0,40638.0,63814.142857142855,63658.892857142855,56200.0
2024-01-06,"68,793","26,489",3.81,,,,12,8,https://news.tirumala.org/total-pilgrims-who-had-darshan-on-06-01-2024-68793/,ok,2024,1,6,5,Saturday,1,1,6,1,1,0,0,0,-0.9749279121818236,-0.2225209339563146,0.1030313790431787,0.9946781061893646,0,0,0,0,0,0,0,,0,0,-12,25,krishna,0,0,0,0,0,0,1,0,0,0,0,0,0,0,0,0,0,winter,1,0,0,0,0,1,57411.0,63728.0,67906.0,63987.142857142855,63769.17857142857,63728.0
2024-01-07,"76,058","22,543",3.83,,,,05,8,https://news.tirumala.org/total-pilgrims-who-had-darshan-on-07-01-2024-76058/,ok,2024,1,7,6,Sunday,1,1,7,1,0,1,0,0,-0.7818314824680299,0.6234898018587334,0.1201261651823505,0.9927586335250792,0,0,0,0,0,0,0,,0,0,-13,26,krishna,1,0,0,0,0,0,1,0,0,0,0,0,0,0,0,0,0,winter,1,0,0,0,0,1,68793.0,64665.0,63519.0,64710.71428571428,63770.03571428572,64665.0
2024-01-08,"61,511","20,777",3.89,,,,01,8,https://news.tirumala.org/total-pilgrims-who-had-darshan-on-08-01-2024-61511/,ok,2024,1,8,0,Monday,2,1,8,0,0,0,0,0,0.0,1.0,0.1371854040566005,0.9905453876091832,0,0,0,0,0,0,0,,0,0,-14,27,krishna,0,0,0,0,0,0,1,0,0,0,0,0,0,0,0,0,0,winter,1,0,0,0,0,1,76058.0,63358.0,69294.0,66338.28571428571,63876.0,63358.0
2024-01-09,"65,901","16,991",3.77,,,,Present Direct Line.,6,https://news.tirumala.org/total-pilgrims-who-had-darshan-on-09-01-2024-65901/,ok,2024,1,9,1,Tuesday,2,1,9,0,0,0,0,0,0.7818314824680298,0.6234898018587336,0.1542040475626894,0.988039023376751,0,0,0,0,0,0,0,,0,0,-15,28,krishna,0,0,0,0,0,0,1,0,0,0,0,0,0,0,0,0,0,winter,1,0,0,0,0,1,61511.0,73712.0,71488.0,66074.42857142857,63755.607142857145,73712.0
2024-01-10,"62,499","18,555",3.45,,,,02,10,https://news.tirumala.org/total-pilgrims-who-had-darshan-on-10-01-2024-62499/,ok,2024,1,10,2,Wednesday,2,1,10,0,0,0,0,0,0.9749279121818236,-0.2225209339563143,0.1711770596101998,0.985240282501282,0,0,0,0,0,0,0,,0,0,-16,29,krishna,0,0,0,0,0,0,1,0,0,0,0,0,0,0,0,0,0,winter,1,0,0,0,0,1,65901.0,65514.0,65361.0,64958.57142857143,63858.46428571428,65514.0
2024-01-11,"53,055","15,157",3.33,,,,15,18,https://news.tirumala.org/total-pilgrims-who-had-darshan-on-11-01-2024-53055/,ok,2024,1,11,3,Thursday,2,1,11,0,0,0,0,0,0.4338837391175582,-0.900968867902419,0.1880994176117975,0.9821499931752292,0,0,0,0,0,0,0,,0,0,15,30,krishna,0,0,1,0,0,0,1,0,0,0,0,0,0,0,0,0,0,winter,1,0,0,0,0,1,62499.0,59522.0,58415.0,64527.857142857145,63914.57142857143,59522.0
2024-01-12,"56,588","16,754",3.26,,,,Present Direct Line.,8,https://news.tirumala.org/total-pilgrims-who-had-darshan-on-12-01-2024-563588/,ok,2024,1,12,4,Friday,2,1,12,0,0,0,0,0,-0.433883739117558,-0.9009688679024191,0.2049661139694953,0.9787690698649216,0,0,0,0,0,0,0,,0,0,14,1,shukla,0,0,0,0,0,0,1,0,0,0,0,0,0,0,0,0,1,winter,1,0,0,0,0,1,53055.0,57411.0,56200.0,63604.0,63807.642857142855,57411.0
2024-01-13,"65,962","24,575",3.78,,,,Present Direct Line.,8,https://news.tirumala.org/total-pilgrims-who-had-darshan-on-13-01-2024-65962/,ok,2024,1,13,5,Saturday,2,1,13,1,1,0,0,0,-0.9749279121818236,-0.2225209339563146,0.2217721575564818,0.975098513039961,0,0,0,0,0,0,0,,0,0,13,2,shukla,0,0,0,0,0,0,1,0,0,0,0,0,0,0,0,0,1,winter,1,0,0,0,0,1,56588.0,68793.0,63728.0,63486.42857142857,63291.607142857145,68793.0
2024-01-14,"86,107","29,849",3.13,,,,31,24,https://news.tirumala.org/total-pilgrims-who-had-darshan-on-14-01-2024-86107/,ok,2024,1,14,6,Sunday,2,1,14,1,0,1,0,0,-0.7818314824680299,0.6234898018587334,0.2385125751940764,0.9711394088771652,0,0,0,0,0,0,0,,0,0,12,3,shukla,0,0,0,0,0,0,1,0,0,0,0,0,0,0,0,0,1,winter,1,0,0,0,0,1,65962.0,76058.0,64665.0,63082.0,63514.03571428572,76058.0
2024-01-15,"80,964","27,657",3.89,,,,Outside line at ATC.,24,https://news.tirumala.org/total-pilgrims-who-had-darshan-on-15-01-2024-80964/,ok,2024,1,15,0,Monday,3,1,15,0,0,0,0,0,0.0,1.0,0.2551824131233728,0.966892928939152,0,0,0,1,0,0,1,,0,0,11,5,shukla,0,0,0,0,0,0,0,0,0,0,0,0,0,0,0,0,1,winter,1,0,0,0,0,1,86107.0,61511.0,63358.0,64517.57142857143,63916.25,61511.0
2024-01-16,"73,016","20,915",3.46,,,,25,18,https://news.tirumala.org/total-pilgrims-who-had-darshan-on-16-01-2024-73016/,ok,2024,1,16,1,Tuesday,3,1,16,0,0,0,0,0,0.7818314824680298,0.6234898018587336,0.2717767384711357,0.9623603298276544,0,0,0,1,0,0,1,,0,0,10,6,shukla,0,0,0,0,0,0,0,0,0,0,0,0,0,0,0,0,1,winter,1,0,0,0,0,1,80964.0,65901.0,73712.0,67296.57142857143,64611.42857142857,65901.0
2024-01-17,"72,263","25,518",3.65,,,,28,18,https://news.tirumala.org/total-pilgrims-who-had-darshan-on-17-01-2024-72263/,ok,2024,1,17,2,Wednesday,3,1,17,0,0,0,0,0,0.9749279121818236,-0.2225209339563143,0.2882906407095177,0.957542952811672,0,0,0,1,0,0,1,,0,0,9,7,shukla,0,0,0,0,0,0,0,0,0,0,0,0,0,0,0,0,0,winter,1,0,0,0,0,1,73016.0,62499.0,65514.0,68313.0,64932.0,62499.0
2024-01-18,"62,649","24,384",3.74,,,,Outside Line at Krishna Teja Guest House.,18,https://news.tirumala.org/total-pilgrims-who-had-darshan-on-18-01-2024-62649/,ok,2024,1,18,3,Thursday,3,1,18,0,0,0,0,0,0.4338837391175582,-0.900968867902419,0.3047192331091634,0.9524422234305676,0,0,0,0,0,0,0,,0,0,8,8,shukla,0,0,0,0,0,0,0,0,0,0,0,0,0,0,0,0,0,winter,1,0,0,0,0,1,72263.0,53055.0,59522.0,69707.85714285714,65118.42857142857,53055.0
2024-01-19,"69,874","26,034",3.39,,,,16,18,https://news.tirumala.org/total-pilgrims-who-had-darshan-on-19-01-2024-69874/,ok,2024,1,19,4,Friday,3,1,19,0,0,0,0,0,-0.433883739117558,-0.9009688679024191,0.321057654185271,0.9470596510722284,0,0,0,0,0,0,0,,0,0,7,9,shukla,0,0,0,0,0,0,0,0,0,0,0,0,0,0,0,0,0,winter,1,0,0,0,0,1,62649.0,56588.0,57411.0,71078.42857142857,65217.75,56588.0
2024-01-20,"76,041","28,336",3.06,,,,10,8,https://news.tirumala.org/total-pilgrims-who-had-darshan-on-20-01-2024-76041/,ok,2024,1,20,5,Saturday,3,1,20,1,1,0,0,0,-0.9749279121818236,-0.2225209339563146,0.3373010691361842,0.9413968285264122,0,0,0,0,0,0,0,,0,0,6,10,shukla,0,0,0,0,0,0,0,0,0,0,0,0,0,0,0,0,0,winter,1,0,0,0,0,1,69874.0,65962.0,68793.0,72976.42857142857,66261.89285714286,65962.0
2024-01-21,"77,334","23,694",4.04,,,,9,12,https://news.tirumala.org/total-pilgrims-who-had-darshan-on-21-01-2024-77334/,ok,2024,1,21,6,Sunday,3,1,21,1,0,1,0,0,-0.7818314824680299,0.6234898018587334,0.3534446712740877,0.9354554315134164,0,0,0,0,0,0,0,,0,0,5,11,shukla,1,0,0,0,0,0,0,0,0,0,0,0,0,0,0,0,0,winter,1,0,0,0,0,1,76041.0,86107.0,76058.0,74416.28571428571,66552.42857142857,86107.0
2024-01-22,"67,568","22,084",4.58,,,,9,12,https://news.tirumala.org/total-pilgrims-who-had-darshan-on-22-01-2024-67568/,ok,2024,1,22,0,Monday,4,1,22,0,0,0,0,0,0.0,1.0,0.3694836834473831,0.9292372181882051,0,0,0,0,0,0,0,,0,0,4,12,shukla,0,0,0,0,0,0,0,0,0,0,0,0,0,0,0,0,0,winter,1,0,0,0,0,1,77334.0,80964.0,61511.0,73163.0,67045.82142857143,80964.0
2024-01-23,"63,665","18,630",3.44,,,,02,6,https://news.tirumala.org/total-pilgrims-who-had-darshan-on-23-01-2024-63665/,ok,2024,1,23,1,Tuesday,4,1,23,0,0,0,0,0,0.7818314824680298,0.6234898018587336,0.3854133594543256,0.9227440286201428,0,0,0,0,0,0,0,,0,0,3,13,shukla,0,0,0,0,0,0,0,0,0,0,0,0,0,0,0,0,0,winter,1,0,0,0,0,1,67568.0,73016.0,65901.0,71249.28571428571,66984.17857142857,73016.0
2024-01-24,"65,991","21,959",3.57,,,,12,12,https://news.tirumala.org/total-pilgrims-who-had-darshan-on-24-01-2024-65991/,ok,2024,1,24,2,Wednesday,4,1,24,0,0,0,0,0,0.9749279121818236,-0.2225209339563143,0.4012289854475009,0.9159777842484876,0,0,0,0,0,0,0,,0,0,2,14,shukla,0,0,0,0,0,0,0,0,0,0,0,0,0,0,0,0,0,winter,1,0,0,0,0,1,63665.0,72263.0,62499.0,69913.42857142857,66704.78571428571,72263.0
2024-01-25,"54,105","23,590",3.44,,,,Out side line at Sila Thoranam,24,https://news.tirumala.org/total-pilgrims-who-had-darshan-on-25-01-2024-54105/,ok,2024,1,25,3,Thursday,4,1,25,0,0,0,0,0,0.4338837391175582,-0.900968867902419,0.4169258813287287,0.908940487313808,0,0,0,0,0,0,0,,0,0,1,15,shukla,0,1,0,0,0,0,0,0,0,0,0,0,0,0,0,0,0,winter,1,0,0,0,0,1,65991.0,62649.0,53055.0,69017.42857142857,66727.28571428571,62649.0
2024-01-26,"71,664","33,330",3.37,,,,24,18,https://news.tirumala.org/total-pilgrims-who-had-darshan-on-26-01-2024-71664/,ok,2024,1,26,4,Friday,4,1,26,0,0,0,0,0,-0.433883739117558,-0.9009688679024191,0.4324994021339788,0.901634220265486,1,1,1,1,1,1,1,Republic Day,1,0,0,16,krishna,0,0,0,0,0,0,0,0,0,0,0,0,0,0,0,0,0,winter,1,0,0,0,0,1,54105.0,69874.0,56588.0,67796.85714285714,66573.35714285714,69874.0
2024-01-27,"76,104","32,412",2.92,,,,Outside line at Krishna Teja Guest house,24,https://news.tirumala.org/total-pilgrims-who-had-darshan-on-27-01-2024-76104/,ok,2024,1,27,5,Saturday,4,1,27,1,1,0,0,0,-0.9749279121818236,-0.2225209339563146,0.4479449394078911,0.8940611451454876,0,0,0,0,0,0,0,,1,0,-1,17,krishna,0,0,0,0,0,0,0,0,0,0,0,0,0,0,0,0,0,winter,1,0,0,0,0,1,71664.0,76041.0,65962.0,68052.57142857143,67125.64285714286,76041.0
2024-01-28,"85,142","22,064",5.04,,,,21,12,https://news.tirumala.org/total-pilgrims-who-had-darshan-on-28-01-2024-85142/,ok,2024,1,28,6,Sunday,4,1,28,1,0,1,0,0,-0.7818314824680299,0.6234898018587334,0.4632579225674917,0.88622350294858,0,0,0,0,0,0,0,,1,0,-2,18,krishna,0,0,0,0,0,0,0,0,0,0,0,0,0,0,0,0,0,winter,1,0,0,0,0,1,76104.0,77334.0,86107.0,68061.57142857143,67567.64285714286,77334.0
2024-01-29,"71,082","20,912",4.79,,,,Present Direct Line,8,https://news.tirumala.org/total-pilgrims-who-had-darshan-on-29-01-2024-71082/,ok,2024,1,29,0,Monday,5,1,29,0,0,0,0,0,0.0,1.0,0.4784338202547012,0.8781236129591848,0,0,0,0,0,0,0,,0,0,-3,19,krishna,0,0,0,0,0,0,0,0,0,0,0,0,0,0,0,0,0,winter,1,0,0,0,0,1,85142.0,67568.0,80964.0,69177.0,68298.96428571429,67568.0
2024-01-30,"61,135","19,004",3.78,,,,02,8,https://news.tirumala.org/total-pilgrims-who-had-darshan-on-30-01-2024-61135/,ok,2024,1,30,1,Tuesday,5,1,30,0,0,0,0,0,0.7818314824680298,0.6234898018587336,0.4934681416772373,0.8697638720650646,0,0,0,0,0,0,0,,0,0,-4,19,krishna,0,0,0,0,0,0,0,0,0,0,0,0,0,0,0,0,0,winter,1,0,0,0,0,1,71082.0,63665.0,73016.0,69679.0,68574.82142857143,63665.0
2024-01-31,"64,635","19,553",4.64,,,,02,8,https://news.tirumala.org/total-pilgrims-who-had-darshan-on-31-01-2024-64635/,ok,2024,1,31,2,Wednesday,5,1,31,0,0,0,0,1,0.9749279121818236,-0.2225209339563143,0.5083564379375122,0.8611467540480452,0,0,0,0,0,0,0,,0,0,-5,20,krishna,0,0,0,0,0,0,0,0,0,0,0,0,0,0,0,0,0,winter,1,0,0,0,0,1,61135.0,65991.0,72263.0,69317.57142857143,68125.64285714286,65991.0
2024-02-01,"57,223","18,015",3.44,,,,09,10,https://news.tirumala.org/total-pilgrims-who-had-darshan-on-01-02-2024-57223/,ok,2024,2,1,3,Thursday,5,1,32,0,0,0,1,0,0.4338837391175582,-0.900968867902419,0.5230943033491326,0.8522748088519838,0,0,0,0,0,0,0,,0,0,-6,21,krishna,0,0,0,0,0,0,0,0,0,0,0,0,0,0,0,0,0,winter,1,0,0,0,1,0,64635.0,54105.0,62649.0,69123.85714285714,68094.25,54105.0
2024-02-02,"58,842","21,796",3.11,,,,07,8,https://news.tirumala.org/total-pilgrims-who-had-darshan-on-02-02-2024-58842/,ok,2024,2,2,4,Friday,5,1,33,0,0,0,0,0,-0.433883739117558,-0.9009688679024191,0.5376773767406141,0.8431506618282,0,0,0,0,0,0,0,,0,0,-7,22,krishna,0,0,0,0,0,0,0,0,0,0,0,0,0,0,0,0,0,winter,1,0,0,0,1,0,57223.0,71664.0,69874.0,69569.28571428571,68012.14285714286,71664.0
2024-02-03,"69,232","26,536",3.22,,,,20,16,https://news.tirumala.org/total-pilgrims-who-had-darshan-on-03-02-2024-69232/,ok,2024,2,3,5,Saturday,5,1,34,1,1,0,0,0,-0.9749279121818236,-0.2225209339563146,0.5521013427459208,0.8337770129585915,0,0,0,0,0,0,0,,0,0,-8,23,krishna,0,0,0,0,0,0,0,0,0,0,0,0,0,0,0,0,0,winter,1,0,0,0,1,0,58842.0,76104.0,76041.0,67737.57142857143,68063.25,76104.0
2024-02-04,"70,679","21,717",4.36,,,,Present Direct Line,8,https://news.tirumala.org/total-pilgrims-who-had-darshan-on-04-02-2024-70679/,ok,2024,2,4,6,Sunday,5,1,35,1,0,1,0,0,-0.7818314824680299,0.6234898018587334,0.5663619330814524,0.8241566360566663,0,0,0,0,0,0,0,,0,0,-9,24,krishna,0,0,0,0,0,0,0,0,0,0,0,0,0,0,0,0,0,winter,1,0,0,0,1,0,69232.0,85142.0,77334.0,66755.85714285714,68078.92857142857,85142.0
2024-02-05,"64,512","23,491",3.69,,,,04,8,https://news.tirumala.org/total-pilgrims-who-had-darshan-on-05-02-2024-64512/,ok,2024,2,5,0,Monday,6,1,36,0,0,0,0,0,0.0,1.0,0.580454927809098,0.8142923779467267,0,0,0,0,0,0,0,,0,0,-10,25,krishna,0,0,0,0,0,0,0,0,0,0,0,0,0,0,0,0,0,winter,1,0,0,0,1,0,70679.0,71082.0,67568.0,64689.71428571428,67886.82142857143,71082.0
2024-02-06,"64,345","20,788",3.71,,,,04,8,https://news.tirumala.org/total-pilgrims-who-had-darshan-on-06-02-2024-64345/,ok,2024,2,6,1,Tuesday,6,1,37,0,0,0,0,0,0.7818314824680298,0.6234898018587336,0.5943761565849831,0.804187157621448,0,0,0,0,0,0,0,,0,0,-11,26,krishna,1,0,0,0,0,0,0,0,0,0,0,0,0,0,0,0,0,winter,1,0,0,0,1,0,64512.0,61135.0,63665.0,63751.142857142855,67994.0,61135.0
2024-02-07,"65,683","21,177",3.59,,,,03,8,https://news.tirumala.org/total-pilgrims-who-had-darshan-on-07-02-2024-65683/,ok,2024,2,7,2,Wednesday,6,1,38,0,0,0,0,0,0.9749279121818236,-0.2225209339563143,0.6081214998935418,0.7938439653781019,0,0,0,0,0,0,0,,0,0,-12,27,krishna,0,0,0,0,0,0,0,0,0,0,0,0,0,0,0,0,0,winter,1,0,0,0,1,0,64345.0,64635.0,65991.0,64209.71428571428,67938.42857142857,64635.0
2024-02-08,"57,357","18,924",3.52,,,,22,12,https://news.tirumala.org/total-pilgrims-who-had-darshan-on-08-02-2024-57357/,ok,2024,2,8,3,Thursday,6,1,39,0,0,0,0,0,0.4338837391175582,-0.900968867902419,0.6216868902665479,0.7832658619336791,0,0,0,0,0,0,0,,0,0,-13,28,krishna,0,0,0,0,0,0,0,0,0,0,0,0,0,0,0,0,0,winter,1,0,0,0,1,0,65683.0,57223.0,54105.0,64359.42857142857,68052.14285714286,57223.0
2024-02-09,"62,593","18,517",4.31,,,,04,8,https://news.tirumala.org/total-pilgrims-who-had-darshan-on-09-02-2024-62593/,ok,2024,2,9,4,Friday,6,1,40,0,0,0,0,0,-0.433883739117558,-0.9009688679024191,0.6350683134867438,0.7724559775191742,0,0,0,0,0,0,0,,0,0,-14,29,krishna,0,0,0,0,0,0,0,0,0,0,0,0,0,0,0,0,0,winter,1,0,0,0,1,0,57357.0,58842.0,71664.0,64378.57142857143,68205.78571428571,58842.0
2024-02-10,"70,158","24,801",3.51,,,,05,10,https://news.tirumala.org/total-pilgrims-who-had-darshan-on-10-02-2024-70158/,ok,2024,2,10,5,Saturday,6,1,41,1,1,0,0,0,-0.9749279121818236,-0.2225209339563146,0.6482618097757122,0.7614175109532997,0,0,0,0,0,0,0,,0,0,-15,1,shukla,0,0,0,0,0,0,0,0,0,0,0,0,0,0,0,0,0,winter,1,0,0,0,1,0,62593.0,69232.0,76104.0,64914.42857142857,68420.25,69232.0
2024-02-11,"72,256","28,021",3.04,,,,21,15,https://news.tirumala.org/total-pilgrims-who-had-darshan-on-11-02-2024-72256/,ok,2024,2,11,6,Sunday,6,1,42,1,0,1,0,0,-0.7818314824680299,0.6234898018587334,0.6612634749656386,0.7501537286959042,0,0,0,0,0,0,0,,0,0,-16,2,shukla,0,0,0,0,0,0,0,0,0,0,0,0,0,0,0,0,0,winter,1,0,0,0,1,0,70158.0,70679.0,85142.0,65046.71428571428,68570.10714285714,70679.0
2024-02-12,"69,314","25,165",5.48,,,,20,12,https://news.tirumala.org/total-pilgrims-who-had-darshan-on-12-02-2024-69314/,ok,2024,2,12,0,Monday,7,1,43,0,0,0,0,0,0.0,1.0,0.6740694616546161,0.7386679638813748,0,0,0,0,0,0,0,,0,0,-17,3,shukla,0,0,0,0,0,0,0,0,0,0,0,0,0,0,0,0,0,winter,1,0,0,0,1,0,72256.0,64512.0,71082.0,65272.0,68075.42857142857,64512.0
2024-02-13,"68,363","19,609",4.55,,,,03,12,https://news.tirumala.org/total-pilgrims-who-had-darshan-on-13-02-2024-68363/,ok,2024,2,13,1,Tuesday,7,1,44,0,0,0,0,0,0.7818314824680298,0.6234898018587336,0.6866759803451553,0.726963615332308,0,0,0,0,0,0,0,,0,0,-18,4,shukla,0,0,0,0,0,0,0,0,0,0,0,0,0,0,0,0,0,winter,1,0,0,0,1,0,69314.0,64345.0,61135.0,65958.0,67659.35714285714,64345.0
2024-02-14,"67,275","25,293",3.07,,,,18,12,https://news.tirumala.org/total-pilgrims-who-had-darshan-on-14-02-2024-67275/,ok,2024,2,14,2,Wednesday,7,1,45,0,0,0,0,0,0.9749279121818236,-0.2225209339563143,0.6990793005655562,0.7150441465537444,0,0,0,0,0,0,0,,0,0,-19,5,shukla,0,0,0,0,0,0,0,0,0,0,0,0,0,0,0,0,0,winter,1,0,0,0,1,0,68363.0,65683.0,64635.0,66532.0,67493.17857142857,65683.0
2024-02-15,"45,825","21,380",4.03,,,,Outside Line at ATGH,24,https://news.tirumala.org/total-pilgrims-who-had-darshan-on-15-02-2024-45825/,ok,2024,2,15,3,Thursday,7,1,46,0,0,0,0,0,0.4338837391175582,-0.900968867902419,0.7112757519738152,0.7029130847082615,0,0,0,0,0,0,0,,0,0,-20,6,shukla,0,0,0,0,0,0,0,0,0,0,0,0,0,0,0,0,0,winter,1,0,0,0,1,0,67275.0,57357.0,57223.0,66759.42857142857,67315.03571428571,57357.0
2024-02-16,"77,483","19,276",3.0,,,,PresentDirect Line,8,https://news.tirumala.org/total-pilgrims-who-had-darshan-on-16-02-2024-77483/,ok,2024,2,16,4,Friday,7,1,47,0,0,0,0,0,-0.433883739117558,-0.9009688679024191,0.7232617254437388,0.6905740195722293,0,0,0,0,0,0,0,,0,0,-21,7,shukla,0,0,0,0,0,0,0,0,1,0,0,0,0,0,0,0,0,winter,1,0,0,0,1,0,45825.0,62593.0,58842.0,65112.0,66714.17857142857,62593.0
2024-02-17,"71,021","25,965",4.17,,,,05,8,https://news.tirumala.org/total-pilgrims-who-had-darshan-on-17-02-2024-71021/,ok,2024,2,17,5,Saturday,7,1,48,1,1,0,0,0,-0.9749279121818236,-0.2225209339563146,0.7350336741329413,0.6780306024735382,0,0,0,0,0,0,0,,0,0,-22,8,shukla,0,0,0,0,0,0,0,0,0,0,0,0,0,0,0,0,0,winter,1,0,0,0,1,0,77483.0,70158.0,69232.0,67239.14285714286,66985.92857142857,70158.0
2024-02-18,"70,338","22,741",3.96,,,,06,8,https://news.tirumala.org/total-pilgrims-who-had-darshan-on-18-02-2024-70338/,ok,2024,2,18,6,Sunday,7,1,49,1,0,1,0,0,-0.7818314824680299,0.6234898018587334,0.746588114532413,0.6652865452111116,0,0,0,0,0,0,0,,0,0,-23,9,shukla,0,0,0,0,0,0,0,0,0,0,0,0,0,0,0,0,0,winter,1,0,0,0,1,0,71021.0,72256.0,70679.0,67362.42857142857,66806.64285714286,72256.0
2024-02-19,"64,741","24,667",3.82,,,,20,14,https://news.tirumala.org/total-pilgrims-who-had-darshan-on-19-02-2024-64741/,ok,2024,2,19,0,Monday,8,1,50,0,0,0,0,0,0.0,1.0,0.7579216274973472,0.6523456189565257,0,0,0,0,0,0,0,,0,0,-24,10,shukla,0,0,0,0,0,0,0,0,0,0,0,0,0,0,0,0,0,winter,1,0,0,0,1,0,70338.0,69314.0,64512.0,67088.42857142857,66556.78571428571,69314.0
2024-02-20,"62,304","20,261",3.61,,,,14,10,https://news.tirumala.org/total-pilgrims-who-had-darshan-on-20-02-2024-62304/,ok,2024,2,20,1,Tuesday,8,1,51,0,0,0,0,0,0.7818314824680298,0.6234898018587336,0.7690308592589181,0.6392116531380588,0,0,0,0,0,0,0,,0,0,-25,11,shukla,1,0,0,0,0,0,0,0,0,0,0,0,0,0,0,0,0,winter,1,0,0,0,1,0,64741.0,68363.0,64345.0,66435.14285714286,66455.82142857143,68363.0
2024-02-21,"69,191","22,295",3.6,,,,13,12,https://news.tirumala.org/total-pilgrims-who-had-darshan-on-21-02-2024-69191/,ok,2024,2,21,2,Wednesday,8,1,52,0,0,0,0,0,0.9749279121818236,-0.2225209339563143,0.7799125224167177,0.6258885343075018,0,0,0,0,0,0,0,,0,0,-26,12,shukla,0,0,0,0,0,0,0,0,0,0,0,0,0,0,0,0,0,winter,1,0,0,0,1,0,62304.0,67275.0,65683.0,65569.57142857143,66407.21428571429,67275.0
2024-02-22,"57,973","21,722",3.95,,,,31,18,https://news.tirumala.org/total-pilgrims-who-had-darshan-on-22-02-2024-57973/,ok,2024,2,22,3,Thursday,8,1,53,0,0,0,0,0,0.4338837391175582,-0.900968867902419,0.7905633969115482,0.612380204990065,0,0,0,0,0,0,0,,0,0,-27,13,shukla,0,0,0,0,0,0,0,0,0,0,0,0,0,0,0,0,0,winter,1,0,0,0,1,0,69191.0,45825.0,57357.0,65843.28571428571,66521.5,45825.0
2024-02-23,"62,880","21,904",3.03,,,,20,15,https://news.tirumala.org/total-pilgrims-who-had-darshan-on-23-02-2024-62880/,ok,2024,2,23,4,Friday,8,1,54,0,0,0,0,0,-0.433883739117558,-0.9009688679024191,0.8009803309782905,0.5986906625177214,0,0,0,0,0,0,0,,0,0,-28,14,shukla,0,0,0,0,0,0,0,0,0,0,0,0,0,0,0,0,0,winter,1,0,0,0,1,0,57973.0,77483.0,62593.0,67578.71428571429,66659.64285714286,77483.0
2024-02-24,"72,175","29,543",3.74,,,,Outside Line at MBC,18,https://news.tirumala.org/total-pilgrims-who-had-darshan-on-24-02-2024-72175/,ok,2024,2,24,5,Saturday,8,1,55,1,1,0,0,0,-0.9749279121818236,-0.2225209339563146,0.8111602420785621,0.5848239578463322,0,0,0,0,0,0,0,,0,0,-29,15,shukla,0,1,0,0,0,0,0,0,0,0,0,0,0,0,0,0,0,winter,1,0,0,0,1,0,62880.0,71021.0,70158.0,65492.57142857143,66345.92857142857,71021.0
2024-02-25,"76,577","23,656",5.09,,,,22,10,https://news.tirumala.org/total-pilgrims-who-had-darshan-on-25-02-2024-76577/,ok,2024,2,25,6,Sunday,8,1,56,1,0,1,0,0,-0.7818314824680299,0.6234898018587334,0.8211001178128892,0.5707841943569036,0,0,0,0,0,0,0,,0,0,29,16,krishna,0,0,0,0,0,0,0,0,0,0,0,0,0,0,0,0,0,winter,1,0,0,0,1,0,72175.0,70338.0,72256.0,65657.42857142857,66205.60714285714,70338.0
2024-02-26,"70,077","24,427",3.73,,,,12,8,https://news.tirumala.org/total-pilgrims-who-had-darshan-on-26-02-2024-70077/,ok,2024,2,26,0,Monday,9,1,57,0,0,0,0,0,0.0,1.0,0.8307970168121247,0.5565755266413303,0,0,0,0,0,0,0,,0,0,28,17,krishna,0,0,0,0,0,0,0,0,0,0,0,0,0,0,0,0,0,winter,1,0,0,0,1,0,76577.0,64741.0,69314.0,66548.71428571429,65899.71428571429,64741.0
2024-02-27,"63,421","19,644",4.84,,,,11,12,https://news.tirumala.org/total-pilgrims-who-had-darshan-on-27-02-2024-63421/,ok,2024,2,27,1,Tuesday,9,1,58,0,0,0,0,0,0.7818314824680298,0.6234898018587336,0.8402480696078469,0.5422021592729844,0,0,0,0,0,0,0,,0,0,27,18,krishna,0,0,0,0,0,0,0,0,0,0,0,0,0,0,0,0,0,winter,1,0,0,0,1,0,70077.0,62304.0,68363.0,67311.0,65863.82142857143,62304.0
2024-02-28,"66,915","20,784",3.87,,,,02,8,https://news.tirumala.org/total-pilgrims-who-had-darshan-on-28-02-2024-66915/,ok,2024,2,28,2,Wednesday,9,1,59,0,0,0,0,0,0.9749279121818236,-0.2225209339563143,0.8494504794814806,0.527668345562516,0,0,0,0,0,0,0,,0,0,26,19,krishna,0,0,0,0,0,0,0,0,0,0,0,0,0,0,0,0,0,winter,1,0,0,0,1,0,63421.0,69191.0,67275.0,67470.57142857143,65945.46428571429,69191.0
2024-02-29,"57,338","19,852",4.67,,,,16,18,https://news.tirumala.org/total-pilgrims-who-had-darshan-on-29-02-2024-57338/,ok,2024,2,29,3,Thursday,9,1,60,0,0,0,0,1,0.4338837391175582,-0.900968867902419,0.8584015232918917,0.512978386299228,0,0,0,0,0,0,0,,0,0,25,20,krishna,0,0,0,0,0,0,0,0,0,0,0,0,0,0,0,0,0,winter,1,0,0,0,1,0,66915.0,57973.0,45825.0,67145.42857142857,66026.89285714286,57973.0
2024-03-01,"59,646","21,938",3.86,,,,7,8,https://news.tirumala.org/total-pilgrims-who-had-darshan-on-01-03-2024-59646/,ok,2024,3,1,4,Friday,9,1,61,0,0,0,1,0,-0.433883739117558,-0.9009688679024191,0.8670985522812081,0.4981366284784055,0,0,0,0,0,0,0,,0,0,24,21,krishna,0,0,0,0,0,0,0,0,0,0,0,0,0,0,0,0,0,summer,0,1,0,0,1,0,57338.0,62880.0,77483.0,67054.71428571429,66031.0,62880.0
2024-03-02,"70,422","30,867",3.6,,,,29,12,https://news.tirumala.org/total-pilgrims-who-had-darshan-on-02-03-2024-70422/,ok,2024,3,2,5,Saturday,9,1,62,1,1,0,0,0,-0.9749279121818236,-0.2225209339563146,0.8755389928586302,0.4831474640149687,0,0,0,0,0,0,0,,0,0,23,21,krishna,0,0,0,0,0,0,0,0,0,0,0,0,0,0,0,0,0,summer,0,1,0,0,1,0,59646.0,72175.0,71021.0,66592.71428571429,66059.71428571429,72175.0
2024-03-03,"76,876","23,424",4.2,,,,19,15,https://news.tirumala.org/total-pilgrims-who-had-darshan-on-03-03-2024-76876/,ok,2024,3,3,6,Sunday,9,1,63,1,0,1,0,0,-0.7818314824680299,0.6234898018587334,0.8837203473619977,0.4680153284438345,0,0,0,0,0,0,0,,0,0,22,22,krishna,0,0,0,0,0,0,0,0,0,0,0,0,0,0,0,0,0,summer,0,1,0,0,1,0,70422.0,76577.0,70338.0,66342.28571428571,66102.21428571429,76577.0
2024-03-04,"70,570","22,490",3.76,,,,12,12,https://news.tirumala.org/total-pilgrims-who-had-darshan-on-04-03-2024-70570/,ok,2024,3,4,0,Monday,10,1,64,0,0,0,0,0,0.0,1.0,0.8916401947968874,0.452744699607371,0,0,0,0,0,0,0,,0,0,21,23,krishna,0,0,0,0,0,0,0,0,0,0,0,0,0,0,0,0,0,summer,0,1,0,0,1,0,76876.0,70077.0,64741.0,66385.0,66323.53571428571,70077.0
2024-03-05,"64,552","19,900",3.91,,,,04,8,https://news.tirumala.org/total-pilgrims-who-had-darshan-on-05-03-2024-64552/,ok,2024,3,5,1,Tuesday,10,1,65,0,0,0,0,0,0.7818314824680298,0.6234898018587336,0.8992961915530253,0.4373400963303323,0,0,0,0,0,0,0,,0,0,20,24,krishna,0,0,0,0,0,0,0,0,0,0,0,0,0,0,0,0,0,summer,0,1,0,0,1,0,70570.0,63421.0,62304.0,66455.42857142857,66539.89285714286,63421.0
2024-03-06,"65,887","23,532",3.14,,,,06,8,https://news.tirumala.org/total-pilgrims-who-had-darshan-on-06-03-2024-65887/,ok,2024,3,6,2,Wednesday,10,1,66,0,0,0,0,0,0.9749279121818236,-0.2225209339563143,0.9066860720977984,0.4218060770826634,0,0,0,0,0,0,0,,0,0,19,25,krishna,0,0,0,0,0,0,0,0,0,0,0,0,0,0,0,0,0,summer,0,1,0,0,1,0,64552.0,66915.0,69191.0,66617.0,66547.28571428571,66915.0
2024-03-07,"57,880","19,772",4.15,,,,18,15,https://news.tirumala.org/total-pilgrims-who-had-darshan-on-07-03-2024-57880/,ok,2024,3,7,3,Thursday,10,1,67,0,0,0,0,0,0.4338837391175582,-0.900968867902419,0.9138076496466616,0.4061472386305789,0,0,0,0,0,0,0,,0,0,18,27,krishna,0,0,0,0,0,0,0,0,0,0,0,0,0,0,0,0,0,summer,0,1,0,0,1,0,65887.0,57338.0,57973.0,66470.14285714286,66554.57142857143,57338.0
2024-03-08,"63,831","25,367",3.36,,,,15,18,https://news.tirumala.org/total-pilgrims-who-had-darshan-on-08-03-2024-63831/,ok,2024,3,8,4,Friday,10,1,68,0,0,0,0,0,-0.433883739117558,-0.9009688679024191,0.9206588168102428,0.3903682146763026,0,0,0,0,0,0,0,,0,0,17,28,krishna,0,0,0,0,0,0,0,0,0,0,0,0,0,0,0,0,0,summer,0,1,0,0,1,0,57880.0,59646.0,62880.0,66547.57142857143,66573.25,59646.0
2024-03-09,"68,446","28,549",3.24,,,,30,18,https://news.tirumala.org/total-pilgrims-who-had-darshan-on-09-03-2024-68446/,ok,2024,3,9,5,Saturday,10,1,69,1,1,0,0,0,-0.9749279121818236,-0.2225209339563146,0.9272375462179536,0.374473674486883,0,0,0,0,0,0,0,,0,0,16,29,krishna,0,0,0,0,0,0,0,0,0,0,0,0,0,0,0,0,0,summer,0,1,0,0,1,0,63831.0,70422.0,72175.0,67145.42857142857,66617.46428571429,70422.0
2024-03-10,"76,213","19,477",3.88,,,,12,12,https://news.tirumala.org/total-pilgrims-who-had-darshan-on-10-03-2024-76213/,ok,2024,3,10,6,Sunday,10,1,70,1,0,1,0,0,-0.7818314824680299,0.6234898018587334,0.9335418911179212,0.3584683215124808,0,0,0,0,0,0,0,,0,0,15,30,krishna,0,0,1,0,0,0,0,0,0,0,0,0,0,0,0,0,0,summer,0,1,0,0,1,0,68446.0,76876.0,76577.0,66863.14285714286,66556.32142857143,76876.0
2024-03-11,"64,802","21,695",3.66,,,,01,8,https://news.tirumala.org/total-pilgrims-who-had-darshan-on-11-03-2024-64802/,ok,2024,3,11,0,Monday,11,1,71,0,0,0,0,0,0.0,1.0,0.9395699859530622,0.342356891994542,0,0,0,0,0,0,0,,0,0,14,1,shukla,0,0,0,0,0,0,0,0,0,0,0,0,0,0,0,0,0,summer,0,1,0,0,1,0,76213.0,70570.0,70077.0,66768.42857142857,66697.64285714286,70570.0
2024-03-12,"60,110","21,445",4.43,,,,05,8,https://news.tirumala.org/total-pilgrims-who-had-darshan-on-12-03-2024-60110/,ok,2024,3,12,1,Tuesday,11,1,72,0,0,0,0,0,0.7818314824680298,0.6234898018587336,0.945320046913132,0.3261441535642696,0,0,0,0,0,0,0,,0,0,13,2,shukla,0,0,0,0,0,0,0,0,0,0,0,0,0,0,0,0,0,summer,0,1,0,0,1,0,64802.0,64552.0,63421.0,65944.42857142857,66536.5,64552.0
2024-03-13,"67,832","25,636",3.55,,,,10,18,https://news.tirumala.org/total-pilgrims-who-had-darshan-on-13-03-2024-67832/,ok,2024,3,13,2,Wednesday,11,1,73,0,0,0,0,0,0.9749279121818236,-0.2225209339563143,0.9507903724625832,0.3098349038318025,0,0,0,0,0,0,0,,0,0,12,4,shukla,0,0,0,0,0,0,0,0,0,0,0,0,0,0,0,0,0,summer,0,1,0,0,1,0,60110.0,65887.0,66915.0,65309.857142857145,66241.75,65887.0
2024-03-14,"48,444","23,266",4.71,,,,Outside Line at ATGH,18,https://news.tirumala.org/total-pilgrims-who-had-darshan-on-14-03-2024-48444/,ok,2024,3,14,3,Thursday,11,1,74,0,0,0,0,0,0.4338837391175582,-0.900968867902419,0.9559793438440766,0.2934339689665273,0,0,0,0,0,0,0,,0,0,11,5,shukla,0,0,0,0,0,0,0,0,0,0,0,0,0,0,0,0,0,summer,0,1,0,0,1,0,67832.0,57880.0,57338.0,65587.71428571429,66261.64285714286,57880.0
2024-03-15,"66,322","24,672",3.39,,,,18,10,https://news.tirumala.org/total-pilgrims-who-had-darshan-on-15-03-2024-66322/,ok,2024,3,15,4,Friday,11,1,75,0,0,0,0,0,-0.433883739117558,-0.9009688679024191,0.9608854255574976,0.2769462022689364,0,0,0,0,0,0,0,,0,0,10,6,shukla,0,0,0,0,0,0,0,0,0,0,0,0,0,0,0,0,0,summer,0,1,0,0,1,0,48444.0,63831.0,59646.0,64239.71428571428,66355.17857142857,63831.0
2024-03-16,"74,351","34,164",3.04,,,,Outside Line at ATC,18,https://news.tirumala.org/total-pilgrims-who-had-darshan-on-16-03-2024-74351/,ok,2024,3,16,5,Saturday,11,1,76,1,1,0,0,0,-0.9749279121818236,-0.2225209339563146,0.9655071658143364,0.2603764827344581,0,0,0,0,0,0,0,,0,0,9,7,shukla,0,0,0,0,0,0,0,0,0,0,0,0,0,0,0,0,0,summer,0,1,0,0,1,0,66322.0,68446.0,70422.0,64595.57142857143,65956.57142857143,68446.0
2024-03-17,"83,825","25,690",,,,,Present Direct Line,6,https://news.tirumala.org/total-pilgrims-who-had-darshan-on-17-03-2024-83825/,ok,2024,3,17,6,Sunday,11,1,77,1,0,1,0,0,-0.7818314824680299,0.6234898018587334,0.969843196967294,0.2437297136096838,0,0,0,0,0,0,0,,0,0,8,8,shukla,0,0,0,0,0,0,0,0,0,0,0,0,0,0,0,0,0,summer,0,1,0,0,1,0,74351.0,76213.0,76876.0,65439.142857142855,66075.5,76213.0
2024-03-18,"65,051","23,107",4.78,,,,Present Direct Line,8,https://news.tirumala.org/total-pilgrims-who-had-darshan-on-18-03-2024-65051/,ok,2024,3,18,0,Monday,12,1,78,0,0,0,0,0,0.0,1.0,0.9738922359149924,0.2270108209414184,0,0,0,0,0,0,0,,0,0,7,9,shukla,0,0,0,0,0,0,0,0,0,0,0,0,0,0,0,0,0,summer,0,1,0,0,1,0,83825.0,64802.0,70570.0,66526.57142857143,66557.17857142857,64802.0
2024-03-19,"63,251","20,989",4.14,,,,Present Direct Line,6,https://news.tirumala.org/total-pilgrims-who-had-darshan-on-19-03-2024-63251/,ok,2024,3,19,1,Tuesday,12,1,79,0,0,0,0,0,0.7818314824680298,0.6234898018587336,0.977653084481664,0.2102247521189836,0,0,0,0,0,0,0,,0,0,6,10,shukla,0,0,0,0,0,0,0,0,0,0,0,0,0,0,0,0,0,summer,0,1,0,0,1,0,65051.0,60110.0,64552.0,66562.14285714286,66568.25,60110.0
2024-03-20,"69,072","26,239",3.51,,,,11,16,https://news.tirumala.org/total-pilgrims-who-had-darshan-on-20-03-2024-69072/,ok,2024,3,20,2,Wednesday,12,1,80,0,0,0,0,0,0.9749279121818236,-0.2225209339563143,0.981124629771712,0.1933764744102058,0,0,0,0,0,0,0,,0,0,5,11,shukla,1,0,0,0,0,0,0,0,0,1,0,0,0,0,0,0,0,summer,0,1,0,0,1,0,63251.0,67832.0,65887.0,67010.85714285714,66602.07142857143,67832.0
2024-03-21,"60,485","23,851",3.1,,,,23,12,https://news.tirumala.org/total-pilgrims-who-had-darshan-on-21-03-2024-60485/,ok,2024,3,21,3,Thursday,12,1,81,0,0,0,0,0,0.4338837391175582,-0.900968867902419,0.984305844499033,0.1764709734915216,0,0,0,0,0,0,0,,0,0,4,12,shukla,0,0,0,0,0,0,0,0,0,1,0,0,0,0,0,0,0,summer,0,1,0,0,1,0,69072.0,48444.0,57880.0,67188.0,66597.82142857143,48444.0
2024-03-22,"59,236","25,446",4.38,,,,15,12,https://news.tirumala.org/total-pilgrims-who-had-darshan-on-22-03-2024-59236/,ok,2024,3,22,4,Friday,12,1,82,0,0,0,0,0,-0.433883739117558,-0.9009688679024191,0.9871957872910084,0.1595132519726365,0,0,0,0,0,0,0,,0,0,3,13,shukla,0,0,0,0,0,0,0,0,0,1,0,0,0,0,0,0,0,summer,0,1,0,0,1,0,60485.0,66322.0,63831.0,68908.14285714286,66687.53571428571,66322.0
2024-03-23,"72,986","33,482",2.79,,,,Outside Line at ATGH,24,https://news.tirumala.org/total-pilgrims-who-had-darshan-on-23-03-2024-72986/,ok,2024,3,23,5,Saturday,12,1,83,1,1,0,0,0,-0.9749279121818236,-0.2225209339563146,0.9897936029670716,0.1425083279161708,0,0,0,0,0,0,0,,1,0,2,13,shukla,0,0,0,0,0,0,0,0,0,1,0,0,0,0,0,0,0,summer,0,1,0,0,1,0,59236.0,74351.0,68446.0,67895.85714285714,66557.39285714286,74351.0
2024-03-24,"80,532","29,438",3.95,,,,Outside Line at ATC,12,https://news.tirumala.org/total-pilgrims-who-had-darshan-on-24-03-2024-80532/,ok,2024,3,24,6,Sunday,12,1,84,1,0,1,0,0,-0.7818314824680299,0.6234898018587334,0.992098522791769,0.1254612333527364,0,0,0,0,0,0,0,,1,0,1,14,shukla,0,0,0,0,0,0,0,0,0,1,0,0,0,0,0,0,0,summer,0,1,0,0,1,0,72986.0,83825.0,76213.0,67700.85714285714,66586.35714285714,83825.0
2024-03-25,"78,731","25,156",3.4,,,,15,12,https://news.tirumala.org/total-pilgrims-who-had-darshan-on-25-03-2024-78731/,ok,2024,3,25,0,Monday,13,1,85,0,0,0,0,0,0.0,1.0,0.9941098647022418,0.108377012791876,1,1,1,1,1,1,1,Holi,1,0,0,15,shukla,0,1,0,0,0,0,0,0,0,1,0,0,0,0,0,0,0,summer,0,1,0,0,1,0,80532.0,65051.0,64802.0,67230.42857142857,66727.60714285714,65051.0
2024-03-26,"68,563","21,956",4.91,,,,10,8,https://news.tirumala.org/total-pilgrims-who-had-darshan-on-26-03-2024-68563/,ok,2024,3,26,1,Tuesday,13,1,86,0,0,0,0,0,0.7818314824680298,0.6234898018587336,0.9958270335100596,0.0912607217293118,0,0,0,0,0,0,0,,0,0,-1,16,krishna,0,0,0,0,0,0,0,0,0,0,0,0,0,0,0,0,0,summer,0,1,0,0,1,0,78731.0,63251.0,60110.0,69184.71428571429,67036.67857142857,63251.0
2024-03-27,"64,097","24,453",3.72,,,,09,8,https://news.tirumala.org/total-pilgrims-who-had-darshan-on-27-03-2024-64097/,ok,2024,3,27,2,Wednesday,13,1,87,0,0,0,0,0,0.9749279121818236,-0.2225209339563143,0.9972495210773452,0.0741174251509443,0,0,0,0,0,0,0,,0,0,-2,17,krishna,0,0,0,0,0,0,0,0,0,0,0,0,0,0,0,0,0,summer,0,1,0,0,1,0,68563.0,69072.0,67832.0,69943.57142857143,67220.32142857143,69072.0
2024-03-28,"65,992","25,698",3.53,,,,30,18,https://news.tirumala.org/total-pilgrims-who-had-darshan-on-28-03-2024-65992/,ok,2024,3,28,3,Thursday,13,1,88,0,0,0,0,0,0.4338837391175582,-0.900968867902419,0.998376906467142,0.0569521960340397,0,0,0,0,0,0,0,,0,0,1,18,krishna,0,0,0,0,0,0,0,0,0,0,0,0,0,0,0,0,0,summer,0,1,0,0,1,0,64097.0,60485.0,48444.0,69232.85714285714,67119.67857142857,60485.0
2024-03-29,"60,958","31,245",3.41,,,,Out side Line at Seva sadhan,24,https://news.tirumala.org/total-pilgrims-who-had-darshan-on-29-03-2024-60958/,ok,2024,3,29,4,Friday,13,1,89,0,0,0,0,0,-0.433883739117558,-0.9009688679024191,0.9992088560679752,0.0397701138460557,1,1,1,1,1,1,1,Good Friday,1,0,0,19,krishna,0,0,0,0,0,0,0,0,0,0,0,0,0,0,0,0,0,summer,0,1,0,0,1,0,65992.0,59236.0,66322.0,70019.57142857143,67428.75,59236.0
2024-03-30,"79,907","34,037",4.05,,,,Outside Line at ATGH,24,https://news.tirumala.org/total-pilgrims-who-had-darshan-on-30-03-2024-79907/,ok,2024,3,30,5,Saturday,13,1,90,1,1,0,0,0,-0.9749279121818236,-0.2225209339563146,0.9997451236925734,0.0225762630415454,0,0,0,0,0,0,0,,1,0,-1,20,krishna,0,0,0,0,0,0,0,0,0,0,0,0,0,0,0,0,0,summer,0,1,0,0,1,0,60958.0,72986.0,74351.0,70265.57142857143,67475.60714285714,72986.0
2024-03-31,"81,224","24,093",4.35,,,,21,24,https://news.tirumala.org/total-pilgrims-who-had-darshan-on-31-03-2024-81224/,ok,2024,3,31,6,Sunday,13,1,91,1,0,1,0,1,-0.7818314824680299,0.6234898018587334,0.9999855506507186,0.0053757315575838,0,0,0,0,0,0,0,,1,0,-2,21,krishna,0,0,0,0,0,0,0,0,0,0,0,0,0,0,0,0,0,summer,0,1,0,0,1,0,79907.0,80532.0,83825.0,71254.28571428571,67814.35714285714,80532.0
2024-04-01,"62,439","22,027",3.61,,,,16,14,https://news.tirumala.org/total-pilgrims-who-had-darshan-on-01-04-2024-62439/,ok,2024,4,1,0,Monday,14,2,92,0,0,0,1,0,0.0,1.0,0.9999300657962056,-0.0118263906918325,0,0,0,0,0,0,0,,0,0,-3,22,krishna,0,0,0,0,0,0,0,0,0,0,0,0,0,0,0,0,0,summer,0,1,0,0,1,0,81224.0,78731.0,65051.0,71353.14285714286,67969.64285714286,78731.0
2024-04-02,"56,228","18,886",4.04,,,,Present Direct Line,8,https://news.tirumala.org/total-pilgrims-who-had-darshan-on-02-04-2024-56228/,ok,2024,4,2,1,Tuesday,14,2,93,0,0,0,0,0,0.7818314824680298,0.6234898018587336,0.9995786855478958,-0.0290250133219752,0,0,0,0,0,0,0,,0,0,-4,23,krishna,0,0,0,0,0,0,0,0,0,0,0,0,0,0,0,0,0,summer,0,1,0,0,1,0,62439.0,68563.0,63251.0,69025.71428571429,67679.25,68563.0
2024-04-03,"61,087","22,530",3.34,,,,04,8,https://news.tirumala.org/total-pilgrims-who-had-darshan-on-03-04-2024-61087/,ok,2024,4,3,2,Wednesday,14,2,94,0,0,0,0,0,0.9749279121818236,-0.2225209339563143,0.9989315138848576,-0.0462150469837083,0,0,0,0,0,0,0,,0,0,-5,24,krishna,0,0,0,0,0,0,0,0,0,0,0,0,0,0,0,0,0,summer,0,1,0,0,1,0,56228.0,64097.0,69072.0,67263.57142857143,67381.96428571429,64097.0
2024-04-04,"62,549","26,816",3.33,,,,18,16,https://news.tirumala.org/total-pilgrims-who-had-darshan-on-04-04-2024-62549/,ok,2024,4,4,3,Thursday,14,2,95,0,0,0,0,0,0.4338837391175582,-0.900968867902419,0.9979887423155984,-0.0633914048695103,0,0,0,0,0,0,0,,0,0,-6,25,krishna,0,0,0,0,0,0,0,0,0,0,0,0,0,0,0,0,0,summer,0,1,0,0,1,0,61087.0,65992.0,60485.0,66833.57142857143,67210.53571428571,65992.0
2024-04-05,"59,621","28,351",3.45,,,,16,12,https://news.tirumala.org/total-pilgrims-who-had-darshan-on-05-04-2024-59621/,ok,2024,4,5,4,Friday,14,2,96,0,0,0,0,0,-0.433883739117558,-0.9009688679024191,0.9967506498213928,-0.0805490042187416,0,0,0,0,0,0,0,,0,0,6,26,krishna,1,0,0,0,0,0,0,0,0,0,0,0,0,0,0,0,0,summer,0,1,0,0,1,0,62549.0,60958.0,59236.0,66341.71428571429,67377.28571428571,60958.0
2024-04-06,"75,414","30,073",3.68,,,,17,12,https://news.tirumala.org/total-pilgrims-who-had-darshan-on-06-04-2024-75414/,ok,2024,4,6,5,Saturday,14,2,97,1,1,0,0,0,-0.9749279121818236,-0.2225209339563146,0.9952176027737294,-0.0976827678217159,0,0,0,0,0,0,0,,0,0,5,27,krishna,0,0,0,0,0,0,0,0,0,0,0,0,0,0,0,0,0,summer,0,1,0,0,1,0,59621.0,79907.0,72986.0,66150.71428571429,67226.92857142857,79907.0
2024-04-07,"73,801","23,055",3.72,,,,Present Direct Line,8,https://news.tirumala.org/total-pilgrims-who-had-darshan-on-07-04-2024-73801/,ok,2024,4,7,6,Sunday,14,2,98,1,0,1,0,0,-0.7818314824680299,0.6234898018587334,0.9933900548258936,-0.114787625522127,0,0,0,0,0,0,0,,0,0,4,28,krishna,0,0,0,0,0,0,0,0,0,0,0,0,0,0,0,0,0,summer,0,1,0,0,1,0,75414.0,81224.0,80532.0,65508.857142857145,67475.78571428571,81224.0
2024-04-08,"61,920","17,638",3.55,,,,05,8,https://news.tirumala.org/total-pilgrims-who-had-darshan-on-08-04-2024-61920/,ok,2024,4,8,0,Monday,15,2,99,0,0,0,0,0,0.0,1.0,0.9912685467787256,-0.1318585157173911,0,0,0,0,0,0,0,,0,0,3,30,krishna,0,0,1,0,0,0,0,0,0,0,0,0,0,0,0,0,0,summer,0,1,0,0,1,0,73801.0,62439.0,78731.0,64448.42857142857,67389.64285714286,62439.0
2024-04-09,"55,756","17,866",2.71,,,,Present Direct Line,8,https://news.tirumala.org/total-pilgrims-who-had-darshan-on-09-04-2024-55756/,ok,2024,4,9,1,Tuesday,15,2,100,0,0,0,0,0,0.7818314824680298,0.6234898018587336,0.9888537064205885,-0.1488903868564548,0,1,1,0,1,0,1,Ugadi,0,0,2,1,shukla,0,0,0,0,0,0,0,0,0,0,0,0,0,0,0,0,0,summer,0,1,0,0,1,0,61920.0,56228.0,68563.0,64374.28571428572,67286.71428571429,56228.0
2024-04-10,"65,750","24,446",3.53,,,,13,12,https://news.tirumala.org/total-pilgrims-who-had-darshan-on-10-04-2024-65750/,ok,2024,4,10,2,Wednesday,15,2,101,0,0,0,0,0,0.9749279121818236,-0.2225209339563143,0.986146248341595,-0.1658781989346314,0,0,0,0,0,0,0,,0,0,1,2,shukla,0,0,0,0,0,0,0,0,0,0,0,0,0,0,0,0,0,summer,0,1,0,0,1,0,55756.0,61087.0,64097.0,64306.857142857145,67131.21428571429,61087.0
2024-04-11,"62,366","29,633",3.01,,,,Out side Line at ATC,24,https://news.tirumala.org/total-pilgrims-who-had-darshan-on-11-04-2024-62366/,ok,2024,4,11,3,Thursday,15,2,102,0,0,0,0,0,0.4338837391175582,-0.900968867902419,0.98314697372215,-0.1828169249850199,1,1,1,1,1,1,1,Eid al-Fitr,0,0,0,3,shukla,0,0,0,0,0,0,0,0,0,0,0,0,0,0,0,0,0,summer,0,1,0,0,1,0,65750.0,62549.0,65992.0,64973.0,67056.85714285714,62549.0
2024-04-12,"63,163","31,287",2.99,,,,Outside Line at ATGH,18,https://news.tirumala.org/total-pilgrims-who-had-darshan-on-12-04-2024-63163/,ok,2024,4,12,4,Friday,15,2,103,0,0,0,0,0,-0.433883739117558,-0.9009688679024191,0.9798567700958664,-0.1997015525660636,0,0,0,0,0,0,0,,0,1,-1,4,shukla,0,0,0,0,0,0,0,0,0,0,0,0,0,0,0,0,0,summer,0,1,0,0,1,0,62366.0,59621.0,60958.0,64946.857142857145,67554.07142857143,59621.0
2024-04-13,"82,139","39,849",,,,,Outside Line at Krishna Teja Guest House,24,https://news.tirumala.org/total-pilgrims-who-had-darshan-on-13-04-2024-82139/,ok,2024,4,13,5,Saturday,15,2,104,1,1,0,0,0,-0.9749279121818236,-0.2225209339563146,0.976276611086932,-0.2165270852448143,0,0,0,0,0,0,0,,0,0,1,5,shukla,0,0,0,0,0,0,0,0,0,0,0,0,0,0,0,0,0,summer,0,1,0,0,1,0,63163.0,75414.0,79907.0,65452.857142857145,67441.25,75414.0
2024-04-14,"81,057","27,913",3.8,,,,18,12,https://news.tirumala.org/total-pilgrims-who-had-darshan-on-14-04-2024-81057/,ok,2024,4,14,6,Sunday,15,2,105,1,0,1,0,0,-0.7818314824680299,0.6234898018587334,0.9724075561219968,-0.2332885440754551,1,1,1,1,1,1,1,Dr. B. R. Ambedkar's Birthday,0,0,0,6,shukla,0,0,0,0,0,0,0,0,0,0,0,0,0,0,0,0,0,summer,0,1,0,0,1,0,82139.0,73801.0,81224.0,66413.57142857143,67719.39285714286,73801.0
2024-04-15,"77,511","26,553",4.28,,,,04,10,https://news.tirumala.org/total-pilgrims-who-had-darshan-on-15-04-2024-77511/,ok,2024,4,15,0,Monday,16,2,106,0,0,0,0,0,0.0,1.0,0.9682507501166718,-0.2499809690726521,0,0,0,0,0,0,0,,0,0,-1,7,shukla,0,0,0,0,0,0,0,0,0,0,0,0,0,0,0,0,0,summer,0,1,0,0,1,0,81057.0,61920.0,62439.0,67450.14285714286,67620.53571428571,61920.0
2024-04-16,"67,294","22,765",2.94,,,,04,6,https://news.tirumala.org/total-pilgrims-who-had-darshan-on-16-04-2024-67294/,ok,2024,4,16,1,Tuesday,16,2,107,0,0,0,0,0,0.7818314824680298,0.6234898018587336,0.9638074231367308,-0.2665994206792935,0,0,0,0,0,0,0,,0,0,1,8,shukla,0,0,0,0,0,0,0,0,0,0,0,0,0,0,0,0,0,summer,0,1,0,0,1,0,77511.0,55756.0,56228.0,69677.42857142857,68065.53571428571,55756.0
2024-04-17,"58,690","20,744",3.02,,,,01,6,https://news.tirumala.org/total-pilgrims-who-had-darshan-on-17-04-2024-58690/,ok,2024,4,17,2,Wednesday,16,2,108,0,0,0,0,0,0.9749279121818236,-0.2225209339563143,0.9590788900341132,-0.2831389812281835,1,1,1,1,1,1,1,Ram Navami,0,0,0,9,shukla,0,0,0,0,0,0,0,0,0,0,0,0,0,0,0,0,0,summer,0,1,0,0,1,0,67294.0,65750.0,61087.0,71325.71428571429,68209.92857142857,65750.0
2024-04-18,"55,537","20,486",3.02,,,,07,8,https://news.tirumala.org/total-pilgrims-who-had-darshan-on-18-04-2024-55537/,ok,2024,4,18,3,Thursday,16,2,109,0,0,0,0,0,0.4338837391175582,-0.900968867902419,0.9540665500578388,-0.2995947563972602,0,0,0,0,0,0,0,,0,0,-1,10,shukla,0,0,0,0,0,0,0,0,0,0,0,0,0,0,0,0,0,summer,0,1,0,0,1,0,58690.0,62366.0,62549.0,70317.14285714286,67839.14285714286,62366.0
2024-04-19,"60,517","27,788",3.53,,,,09,12,https://news.tirumala.org/total-pilgrims-who-had-darshan-on-19-04-2024-60517/,ok,2024,4,19,4,Friday,16,2,110,0,0,0,0,0,-0.433883739117558,-0.9009688679024191,0.9487718864399473,-0.3159618766579029,0,0,0,0,0,0,0,,0,0,-2,11,shukla,1,0,0,0,0,0,0,0,0,0,0,0,0,0,0,0,0,summer,0,1,0,0,1,0,55537.0,63163.0,59621.0,69341.57142857143,67662.42857142857,63163.0
2024-04-20,"73,051","34,599",2.92,,,,31,12,https://news.tirumala.org/total-pilgrims-who-had-darshan-on-20-04-2024-73051/,ok,2024,4,20,5,Saturday,16,2,111,1,1,0,0,0,-0.9749279121818236,-0.2225209339563146,0.9431964659565866,-0.3322354987159043,0,0,0,0,0,0,0,,0,0,1,12,shukla,0,0,0,0,0,0,0,0,0,0,0,0,0,0,0,0,0,summer,0,1,0,0,1,0,60517.0,82139.0,75414.0,68963.57142857143,67708.17857142857,82139.0
2024-04-21,"77,366","24,375",3.38,,,,03,6,https://news.tirumala.org/total-pilgrims-who-had-darshan-on-21-04-2024-77366/,ok,2024,4,21,6,Sunday,16,2,112,1,0,1,0,0,-0.7818314824680299,0.6234898018587334,0.9373419384643772,-0.3484108069446808,1,1,1,1,1,1,1,Mahavira's Birthday,0,0,0,13,shukla,0,0,0,0,0,0,0,0,0,0,0,0,0,0,0,0,0,summer,0,1,0,0,1,0,73051.0,81057.0,73801.0,67665.28571428571,67710.5,81057.0
2024-04-22,"62,894","22,894",3.31,,,,02,6,https://news.tirumala.org/total-pilgrims-who-had-darshan-on-22-04-2024-62894/,ok,2024,4,22,0,Monday,17,2,113,0,0,0,0,0,0.0,1.0,0.9312100364121948,-0.3644830148102912,0,0,0,0,0,0,0,,0,0,-1,14,shukla,0,0,0,0,0,0,0,0,0,0,0,0,0,0,0,0,0,summer,0,1,0,0,1,0,77366.0,77511.0,61920.0,67138.0,67597.42857142857,77511.0
2024-04-23,"60,371","20,301",3.09,,,,Present Direct Line.,6,https://news.tirumala.org/total-pilgrims-who-had-darshan-on-23-04-2024-60371/,ok,2024,4,23,1,Tuesday,17,2,114,0,0,0,0,0,0.7818314824680298,0.6234898018587336,0.9248025743285088,-0.3804473662878516,0,0,0,0,0,0,0,,0,0,-2,15,shukla,0,1,0,0,0,0,0,0,0,0,0,0,0,0,0,0,0,summer,0,1,0,0,1,0,62894.0,67294.0,55756.0,65049.857142857145,67031.82142857143,67294.0
2024-04-24,"61,492","27,660",2.72,,,,20,8,https://news.tirumala.org/total-pilgrims-who-had-darshan-on-24-04-2024-61492/,ok,2024,4,24,2,Wednesday,17,2,115,0,0,0,0,0,0.9749279121818236,-0.2225209339563143,0.9181214482844364,-0.3962991372689181,0,0,0,0,0,0,0,,0,0,-3,16,krishna,0,0,0,0,0,0,0,0,0,0,0,0,0,0,0,0,0,summer,0,1,0,0,1,0,60371.0,58690.0,65750.0,64060.857142857145,66739.25,58690.0
2024-04-25,"57,909","32,403",3.81,,,,31,18,https://news.tirumala.org/total-pilgrims-who-had-darshan-on-25-04-2024-57909/,ok,2024,4,25,3,Thursday,17,2,116,0,0,0,0,0,0.4338837391175582,-0.900968867902419,0.9111686353326632,-0.4120336369594263,0,0,0,0,0,0,0,,0,0,-4,16,krishna,0,0,0,0,0,0,0,0,0,0,0,0,0,0,0,0,0,summer,0,1,0,0,1,0,61492.0,55537.0,62366.0,64461.142857142855,66646.21428571429,55537.0
2024-04-26,"81,212","41,690",2.88,,,,31,18,https://news.tirumala.org/total-pilgrims-who-had-darshan-on-26-04-2024-81212/,ok,2024,4,26,4,Friday,17,2,117,0,0,0,0,0,-0.433883739117558,-0.9009688679024191,0.9039461929224012,-0.4276462092677746,0,0,0,0,0,0,0,,0,0,-5,17,krishna,0,0,0,0,0,0,0,0,0,0,0,0,0,0,0,0,0,summer,0,1,0,0,1,0,57909.0,60517.0,63163.0,64800.0,66357.53571428571,60517.0
2024-04-27,,,,,,,,,,not_found,2024,4,27,5,Saturday,17,2,118,1,1,0,0,0,-0.9749279121818236,-0.2225209339563146,0.8964562582905575,-0.4431322341826345,0,0,0,0,0,0,0,,0,0,-6,18,krishna,0,0,0,0,0,0,0,0,0,0,0,0,0,0,0,0,0,summer,0,1,0,0,1,0,81212.0,73051.0,82139.0,67756.42857142857,67080.89285714286,73051.0
2024-04-28,"86,241","31,730",3.65,,,,05,8,https://news.tirumala.org/total-pilgrims-who-had-darshan-on-28-04-2024-86241/,ok,2024,4,28,6,Sunday,17,2,119,1,0,1,0,0,-0.7818314824680299,0.6234898018587334,0.8887010478292915,-0.4584871291400876,0,0,0,0,0,0,0,,0,0,-7,19,krishna,0,0,0,0,0,0,0,0,0,0,0,0,0,0,0,0,0,summer,0,1,0,0,1,0,,77366.0,81057.0,66874.0,66605.85185185185,77366.0
2024-04-29,"77,673","30,607",4.1,,,,04,6,https://news.tirumala.org/total-pilgrims-who-had-darshan-on-29-04-2024-77673/,ok,2024,4,29,0,Monday,18,2,120,0,0,0,0,0,0.0,1.0,0.8806828564301475,-0.47370635037968,0,0,0,0,0,0,0,,0,0,-8,20,krishna,0,0,0,0,0,0,0,0,0,0,0,0,0,0,0,0,0,summer,0,1,0,0,1,0,86241.0,62894.0,77511.0,68353.16666666667,66791.66666666667,62894.0
2024-04-30,"72,310","28,731",3.59,,,,06,8,https://news.tirumala.org/total-pilgrims-who-had-darshan-on-30-04-2024-72310/,ok,2024,4,30,1,Tuesday,18,2,121,0,0,0,0,1,0.7818314824680298,0.6234898018587336,0.8724040568049612,-0.4887853942889926,0,0,0,0,0,0,0,,0,0,-9,21,krishna,0,0,0,0,0,0,0,0,0,0,0,0,0,0,0,0,0,summer,0,1,0,0,1,0,77673.0,60371.0,67294.0,70816.33333333333,67355.88888888889,60371.0
2024-05-01,"72,510","30,441",2.62,,,,16,12,https://news.tirumala.org/total-pilgrims-who-had-darshan-on-01-05-2024-72510/,ok,2024,5,1,2,Wednesday,18,2,122,0,0,0,1,0,0.9749279121818236,-0.2225209339563143,0.8638670987837349,-0.503719798736334,0,0,0,0,0,0,0,,0,0,-10,23,krishna,0,0,0,0,0,0,0,0,0,0,0,0,0,1,0,0,0,summer,0,1,0,0,0,0,72310.0,61492.0,58690.0,72806.16666666667,67951.51851851853,61492.0
2024-05-02,"65,313","28,780",3.54,,,,26,12,https://news.tirumala.org/total-pilgrims-who-had-darshan-on-02-05-2024-65313/,ok,2024,5,2,3,Thursday,18,2,123,0,0,0,0,0,0.4338837391175582,-0.900968867902419,0.8550745085896932,-0.518505144391157,0,0,0,0,0,0,0,,0,0,-11,24,krishna,0,0,0,0,0,0,0,0,0,0,0,0,0,1,0,0,0,summer,0,1,0,0,0,0,72510.0,57909.0,55537.0,74642.5,68374.5925925926,57909.0
2024-05-03,"62,624","32,638",2.96,,,,30,12,https://news.tirumala.org/total-pilgrims-who-had-darshan-on-03-05-2024-62624/,ok,2024,5,3,4,Friday,18,2,124,0,0,0,0,0,-0.433883739117558,-0.9009688679024191,0.8460288880917339,-0.533137056031809,0,0,0,0,0,0,0,,0,0,-12,25,krishna,0,0,0,0,0,0,0,0,0,0,0,0,0,1,0,0,0,summer,0,1,0,0,0,0,65313.0,81212.0,60517.0,75876.5,68476.96296296296,81212.0
2024-05-04,"77,848","39,317",2.95,,,,Outside Line at TBC,12,https://news.tirumala.org/total-pilgrims-who-had-darshan-on-04-05-2024-77848/,ok,2024,5,4,5,Saturday,18,2,125,1,1,0,0,0,-0.9749279121818236,-0.2225209339563146,0.8367329140344921,-0.5476112038402312,0,0,0,0,0,0,0,,0,0,-13,26,krishna,1,0,0,0,0,0,0,0,0,0,0,0,0,1,0,0,0,summer,0,1,0,0,0,0,62624.0,,73051.0,72778.5,68588.18518518518,
2024-05-05,"81,927","29,196",3.28,,,,19,12,https://news.tirumala.org/total-pilgrims-who-had-darshan-on-05-05-2024-81927/,ok,2024,5,5,6,Sunday,18,2,126,1,0,1,0,0,-0.7818314824680299,0.6234898018587334,0.8271893372462497,-0.5619233046832195,0,0,0,0,0,0,0,,0,0,-14,27,krishna,0,0,0,0,0,0,0,0,0,0,0,0,0,1,0,0,0,summer,0,1,0,0,0,0,77848.0,86241.0,77366.0,73502.71428571429,68678.33333333333,86241.0
2024-05-06,"76,748","30,688",4.1,,,,Present Direct Line.,8,https://news.tirumala.org/total-pilgrims-who-had-darshan-on-06-05-2024-76748/,ok,2024,5,6,0,Monday,19,2,127,0,0,0,0,0,0.0,1.0,0.8174009818249189,-0.5760691233798758,0,0,0,0,0,0,0,,0,0,-15,28,krishna,0,0,0,0,0,0,0,0,0,0,0,0,0,1,0,0,0,summer,0,1,0,0,0,0,81927.0,77673.0,62894.0,72886.42857142857,68979.29629629629,77673.0
2024-05-07,"65,146","25,306",3.02,,,,04,8,https://news.tirumala.org/total-pilgrims-who-had-darshan-on-07-05-2024-65146/,ok,2024,5,7,1,Tuesday,19,2,128,0,0,0,0,0,0.7818314824680298,0.6234898018587336,0.8073707443023492,-0.5900444739548627,0,0,0,0,0,0,0,,0,0,-16,29,krishna,0,0,0,0,0,0,0,0,0,0,0,0,0,1,0,0,0,summer,0,1,0,0,0,0,76748.0,72310.0,60371.0,72754.28571428571,69528.48148148147,72310.0
2024-05-08,"64,766","24,158",3.09,,,,04,8,https://news.tirumala.org/total-pilgrims-who-had-darshan-on-08-05-2024-64766/,ok,2024,5,8,2,Wednesday,19,2,129,0,0,0,0,0,0.9749279121818236,-0.2225209339563143,0.7971015927871943,-0.6038452208771035,0,0,0,0,0,0,0,,0,0,15,30,krishna,0,0,1,0,0,0,0,0,0,0,0,0,0,1,0,0,0,summer,0,1,0,0,0,0,65146.0,72510.0,61492.0,71730.85714285714,69876.25925925926,72510.0
2024-05-09,"65,508","25,996",2.97,,,,10,8,https://news.tirumala.org/total-pilgrims-who-had-darshan-on-09-05-2024-65508/,ok,2024,5,9,3,Thursday,19,2,130,0,0,0,0,0,0.4338837391175582,-0.900968867902419,0.7865965660866021,-0.6174672802835514,0,0,0,0,0,0,0,,0,0,14,1,shukla,0,0,0,0,0,0,0,0,0,0,0,0,0,1,0,0,0,summer,0,1,0,0,0,0,64766.0,65313.0,57909.0,70624.57142857143,69839.81481481482,65313.0
2024-05-10,"60,545","32,527",2.53,,,,31,12,https://news.tirumala.org/total-pilgrims-who-had-darshan-on-10-05-2024-60545/,ok,2024,5,10,4,Friday,19,2,131,0,0,0,0,0,-0.433883739117558,-0.9009688679024191,0.7758587728069828,-0.6309066211876704,0,0,0,0,0,0,0,,0,0,13,3,shukla,0,0,0,0,0,0,0,0,0,0,0,0,0,1,0,0,0,summer,0,1,0,0,0,0,65508.0,62624.0,81212.0,70652.42857142857,69956.18518518518,62624.0
2024-05-11,"76,945","33,844",2.67,,,,Outside line at ATC Circle.,16,https://news.tirumala.org/total-pilgrims-who-had-darshan-on-11-05-2024-76945/,ok,2024,5,11,5,Saturday,19,2,132,1,1,0,0,0,-0.9749279121818236,-0.2225209339563146,0.7648913904341225,-0.6441592666722685,0,0,0,0,0,0,0,,0,0,12,4,shukla,0,0,0,0,0,0,0,0,0,0,0,0,0,1,0,0,0,summer,0,1,0,0,0,0,60545.0,77848.0,,70355.42857142857,69859.22222222222,77848.0
2024-05-12,"80,001","24,307",3.25,,,,05,08,https://news.tirumala.org/total-pilgrims-who-had-darshan-on-12-05-2024-80001/,ok,2024,5,12,6,Sunday,19,2,133,1,0,1,0,0,-0.7818314824680299,0.6234898018587334,0.753697664392914,-0.6572212950663319,0,0,0,0,0,0,0,,0,0,11,5,shukla,0,0,0,0,0,0,0,0,0,0,0,0,0,1,0,0,0,summer,0,1,0,0,0,0,76945.0,81927.0,86241.0,70226.42857142857,69666.85185185185,81927.0
2024-05-13,"70,815","25,245",3.16,,,,08,08,https://news.tirumala.org/total-pilgrims-who-had-darshan-on-13-05-2024-70815/,ok,2024,5,13,0,Monday,20,2,134,0,0,0,0,0,0.0,1.0,0.742280907086982,-0.6700888411055113,0,0,0,0,0,0,0,,0,0,10,6,shukla,0,0,0,0,0,0,0,0,0,0,0,0,0,1,0,0,0,summer,0,1,0,0,0,0,80001.0,76748.0,77673.0,69951.28571428571,69627.74074074074,76748.0
2024-05-14,"75,783","35,665",3.08,,,,19,12,https://news.tirumala.org/total-pilgrims-who-had-darshan-on-14-05-2024-75783/,ok,2024,5,14,1,Tuesday,20,2,135,0,0,0,0,0,0.7818314824680298,0.6234898018587336,0.7306444969184916,-0.6827580970759147,0,0,0,0,0,0,0,,0,0,9,7,shukla,0,0,0,0,0,0,0,0,0,0,0,0,0,1,0,0,0,summer,0,1,0,0,0,0,70815.0,65146.0,72310.0,69103.71428571429,69379.74074074074,65146.0
2024-05-15,"81,930","41,224",3.9,,,,Out side Line at ATGH,18,https://news.tirumala.org/total-pilgrims-who-had-darshan-on-15-05-2024-81930/,ok,2024,5,15,2,Wednesday,20,2,136,0,0,0,0,0,0.9749279121818236,-0.2225209339563143,0.7187918772884232,-0.6952253139408722,0,0,0,0,0,0,0,,0,0,8,8,shukla,0,0,0,0,0,0,0,0,0,0,0,0,0,1,0,0,0,summer,0,1,0,0,0,0,75783.0,64766.0,72510.0,70623.28571428571,69694.14814814815,64766.0
2024-05-16,"76,369","41,927",3.63,,,,Out side Line at Sila thoranam,24,https://news.tirumala.org/total-pilgrims-who-had-darshan-on-16-05-2024-76369/,ok,2024,5,16,3,Thursday,20,2,137,0,0,0,0,0,0.4338837391175582,-0.900968867902419,0.7067265555776158,-0.7074868024503348,0,0,0,0,0,0,0,,0,0,7,8,shukla,0,0,0,0,0,0,0,0,0,0,0,0,0,1,0,0,0,summer,0,1,0,0,0,0,81930.0,65508.0,65313.0,73075.28571428571,70554.88888888889,65508.0
2024-05-17,"71,510","43,199",3.63,,,,Out side Line at Sila thoranam,24,https://news.tirumala.org/total-pilgrims-who-had-darshan-on-17-05-2024-71510/,ok,2024,5,17,4,Friday,20,2,138,0,0,0,0,0,-0.433883739117558,-0.9009688679024191,0.6944521021088763,-0.719538934232584,0,0,0,0,0,0,0,,0,0,6,9,shukla,0,0,0,0,0,0,0,0,0,0,0,0,0,1,0,0,0,summer,0,1,0,0,0,0,76369.0,60545.0,62624.0,74626.85714285714,71326.44444444444,60545.0
2024-05-18,"90,721","50,599",3.28,,,,Outside Line at Octopus Building.,24,https://news.tirumala.org/total-pilgrims-who-had-darshan-on-18-05-2024-90721/,ok,2024,5,18,5,Saturday,20,2,139,1,1,0,0,0,-0.9749279121818236,-0.2225209339563146,0.6819721490904629,-0.7313781428679254,0,0,0,0,0,0,0,,0,0,5,10,shukla,0,0,0,0,0,0,0,0,0,0,0,0,0,1,0,0,0,summer,0,1,0,0,0,0,71510.0,76945.0,77848.0,76193.28571428571,71733.5925925926,76945.0
2024-05-19,"86,721","39,559",3.87,,,,Outside Line at Krishna Teja Guest House,16,https://news.tirumala.org/total-pilgrims-who-had-darshan-on-19-05-2024-86721/,ok,2024,5,19,6,Sunday,20,2,140,1,0,1,0,0,-0.7818314824680299,0.6234898018587334,0.6692903895412567,-0.7430009249440493,0,0,0,0,0,0,0,,0,0,4,11,shukla,1,0,0,0,0,0,0,0,0,0,0,0,0,1,0,0,0,summer,0,1,0,0,0,0,90721.0,80001.0,81927.0,78161.28571428571,72388.03703703704,80001.0
2024-05-20,"85,825","36,146",4.4,,,,Out side Line at ATC,15,https://news.tirumala.org/total-pilgrims-who-had-darshan-on-20-05-2024-85825/,ok,2024,5,20,0,Monday,21,2,141,0,0,0,0,0,0.0,1.0,0.6564105761979381,-0.7544038410927472,0,0,0,0,0,0,0,,0,0,3,12,shukla,0,0,0,0,0,0,0,0,0,0,0,0,0,1,0,0,0,summer,0,1,0,0,0,0,86721.0,70815.0,76748.0,79121.28571428571,72734.51851851853,70815.0
2024-05-21,"80,744","35,726",3.67,,,,Out side Line at TBC,18,https://news.tirumala.org/total-pilgrims-who-had-darshan-on-21-05-2024-80744/,ok,2024,5,21,1,Tuesday,21,2,142,0,0,0,0,0,0.7818314824680298,0.6234898018587336,0.6433365204044917,-0.765583517007675,0,0,0,0,0,0,0,,0,0,2,13,shukla,0,0,0,0,0,0,0,0,0,0,0,0,0,1,0,0,0,summer,0,1,0,0,0,0,85825.0,75783.0,65146.0,81265.57142857143,73583.81481481482,75783.0
2024-05-22,"80,048","35,403",4.17,,,,Out side Line at ATC,20,https://news.tirumala.org/total-pilgrims-who-had-darshan-on-22-05-2024-80048/,ok,2024,5,22,2,Wednesday,21,2,143,0,0,0,0,0,0.9749279121818236,-0.2225209339563143,0.6300720909843687,-0.7765366444428655,0,0,0,0,0,0,0,,0,0,1,14,shukla,0,0,0,0,0,0,0,0,0,0,0,0,0,1,0,0,0,summer,0,1,0,0,0,0,80744.0,81930.0,64766.0,81974.28571428571,74338.37037037036,81930.0
2024-05-23,"65,416","36,128",3.51,,,,Out side Line at Sila Thoranam,20,https://news.tirumala.org/total-pilgrims-who-had-darshan-on-23-05-2024-65416/,ok,2024,5,23,3,Thursday,21,2,144,0,0,0,0,0,0.4338837391175582,-0.900968867902419,0.6166212130956382,-0.7872599821916922,1,1,1,1,1,1,1,Buddha Purnima,0,0,0,15,shukla,0,1,0,0,0,0,0,0,0,0,0,0,0,1,0,0,0,summer,0,1,0,0,0,0,80048.0,76369.0,65508.0,81705.42857142857,75025.62962962964,76369.0
2024-05-24,"70,668","38,036",3.64,,,,Out side Line at Sila Thoranam,20,https://news.tirumala.org/total-pilgrims-who-had-darshan-on-24-05-2024-70668/,ok,2024,5,24,4,Friday,21,2,145,0,0,0,0,0,-0.433883739117558,-0.9009688679024191,0.6029878670694714,-0.7977503570459932,0,0,0,0,0,0,0,,0,1,-1,16,krishna,0,0,0,0,0,0,0,0,0,0,0,0,0,1,0,0,0,summer,0,1,0,0,0,0,65416.0,71510.0,60545.0,80140.71428571429,75303.66666666667,71510.0
2024-05-25,"83,866","44,479",4.15,,,,Outside Line at Krishna Teja Guest House.,20,https://news.tirumala.org/total-pilgrims-who-had-darshan-on-25-05-2024-83866/,ok,2024,5,25,5,Saturday,21,2,146,1,1,0,0,0,-0.9749279121818236,-0.2225209339563146,0.5891760872322963,-0.8080046647350754,0,0,0,0,0,0,0,,0,0,-2,17,krishna,0,0,0,0,0,0,0,0,0,0,0,0,0,1,0,0,0,summer,0,1,0,0,0,0,70668.0,90721.0,76945.0,80020.42857142857,74913.14814814815,90721.0
2024-05-26,"89,161","36,450",3.77,,,,31,16,https://news.tirumala.org/total-pilgrims-who-had-darshan-on-26-05-2024-89161/,ok,2024,5,26,6,Sunday,21,2,147,1,0,1,0,0,-0.7818314824680299,0.6234898018587334,0.5751899607119775,-0.8180198708443174,0,0,0,0,0,0,0,,0,0,-3,18,krishna,0,0,0,0,0,0,0,0,0,0,0,0,0,1,0,0,0,summer,0,1,0,0,0,0,83866.0,86721.0,80001.0,79041.14285714286,75232.89285714286,86721.0
2024-05-27,"81,831","34,542",4.25,,,,26,12,https://news.tirumala.org/total-pilgrims-who-had-darshan-on-27-05-2024-81831/,ok,2024,5,27,0,Monday,22,2,148,0,0,0,0,0,0.0,1.0,0.5610336262283677,-0.8277930117131022,0,0,0,0,0,0,0,,0,0,-4,19,krishna,0,0,0,0,0,0,0,0,0,0,0,0,0,1,0,0,0,summer,0,1,0,0,0,0,89161.0,85825.0,70815.0,79389.71428571429,75337.17857142857,85825.0
2024-05-28,"76,381","33,509",3.85,,,,17,12,https://news.tirumala.org/total-pilgrims-who-had-darshan-on-28-05-2024-76381/,ok,2024,5,28,1,Tuesday,22,2,149,0,0,0,0,0,0.7818314824680298,0.6234898018587336,0.5467112728685939,-0.8373211953118121,0,0,0,0,0,0,0,,0,0,-5,20,krishna,0,0,0,0,0,0,0,0,0,0,0,0,0,1,0,0,0,summer,0,1,0,0,0,0,81831.0,80744.0,75783.0,78819.14285714286,75485.67857142857,80744.0
2024-05-29,"73,811","34,901",3.19,,,,31,18,https://news.tirumala.org/total-pilgrims-who-had-darshan-on-29-05-2024-73811/,ok,2024,5,29,2,Wednesday,22,2,150,0,0,0,0,0,0.9749279121818236,-0.2225209339563143,0.5322271388474397,-0.8466016020976267,0,0,0,0,0,0,0,,0,0,-6,21,krishna,0,0,0,0,0,0,0,0,0,0,0,0,0,1,0,0,0,summer,0,1,0,0,0,0,76381.0,80048.0,81930.0,78195.85714285714,75631.07142857143,80048.0
2024-05-30,"64,115","32,711",4.23,,,,Outside line at Octopus circle,24-30,https://news.tirumala.org/total-pilgrims-who-had-darshan-on-30-05-2024-64115/,ok,2024,5,30,3,Thursday,22,2,151,0,0,0,0,0,0.4338837391175582,-0.900968867902419,0.5175855102531889,-0.8556314858488706,0,0,0,0,0,0,0,,0,0,-7,22,krishna,0,0,0,0,0,0,0,0,0,0,0,0,0,1,0,0,0,summer,0,1,0,0,0,0,73811.0,65416.0,76369.0,77304.85714285714,75677.53571428571,65416.0
2024-05-31,"67,873","33,532",3.93,,,,Outside line at Silathoranam,24-30,https://news.tirumala.org/total-pilgrims-who-had-darshan-on-31-05-2024-67873/,ok,2024,5,31,4,Friday,22,2,152,0,0,0,0,1,-0.433883739117558,-0.9009688679024191,0.5027907197793043,-0.8644081744776648,0,0,0,0,0,0,0,,0,0,-8,23,krishna,0,0,0,0,0,0,0,0,0,0,0,0,0,1,0,0,0,summer,0,1,0,0,0,0,64115.0,70668.0,71510.0,77119.0,75634.75,70668.0
2024-06-01,"78,686","37,888",3.54,,,,Outside line at Silathoranam,20-24,https://news.tirumala.org/total-pilgrims-who-had-darshan-on-01-06-2024-78686/,ok,2024,6,1,5,Saturday,22,2,153,1,1,0,1,0,-0.9749279121818236,-0.2225209339563146,0.4878471454423119,-0.8729290708206411,0,0,0,0,0,0,0,,0,0,-9,24,krishna,0,0,0,0,0,0,0,0,0,0,0,0,0,1,0,0,0,monsoon,0,0,1,0,0,0,67873.0,83866.0,90721.0,76719.71428571429,75822.21428571429,83866.0
2024-06-02,"83,740","35,462",3.71,,,,19,12,https://news.tirumala.org/total-pilgrims-who-had-darshan-on-02-06-2024-83740/,ok,2024,6,2,6,Sunday,22,2,154,1,0,1,0,0,-0.7818314824680299,0.6234898018587334,0.4727592092862775,-0.881191653407483,0,0,1,0,0,0,1,,0,0,-10,26,krishna,1,0,0,0,0,0,0,0,0,0,0,0,0,1,0,0,0,monsoon,0,0,1,0,0,0,78686.0,89161.0,86721.0,75979.71428571429,75852.14285714286,89161.0
2024-06-03,"76,362","33,902",3.86,,,,12,12,https://news.tirumala.org/total-pilgrims-who-had-darshan-on-03-06-2024-76362/,ok,2024,6,3,0,Monday,23,2,155,0,0,0,0,0,0.0,1.0,0.4575313760742512,-0.8891934772070711,0,0,0,0,0,0,0,,0,0,-11,27,krishna,0,0,0,0,0,0,0,0,0,0,0,0,0,1,0,0,0,monsoon,0,0,1,0,0,0,83740.0,81831.0,85825.0,75205.28571428571,75916.89285714286,81831.0
2024-06-04,"76,291","28,495",3.14,,,,Present Direct Line.,6,https://news.tirumala.org/total-pilgrims-who-had-darshan-on-04-06-2024-76291/,ok,2024,6,4,1,Tuesday,23,2,156,0,0,0,0,0,0.7818314824680298,0.6234898018587336,0.442168151967072,-0.8969321743510065,0,0,0,0,0,0,0,,0,0,-12,28,krishna,0,0,0,0,0,0,0,0,0,0,0,0,0,1,0,0,0,monsoon,0,0,1,0,0,0,76362.0,76381.0,80744.0,74424.0,75903.10714285714,76381.0
2024-06-05,"67,320","27,919",4.03,,,,06,8,https://news.tirumala.org/total-pilgrims-who-had-darshan-on-05-06-2024-67320/,ok,2024,6,5,2,Wednesday,23,2,157,0,0,0,0,0,0.9749279121818236,-0.2225209339563143,0.4266740831899246,-0.9044054548343,0,0,0,0,0,0,0,,0,0,12,29,krishna,0,0,0,0,0,0,0,0,0,0,0,0,0,1,0,0,0,monsoon,0,0,1,0,0,0,76291.0,73811.0,80048.0,74411.14285714286,76301.14285714286,73811.0
2024-06-06,"62,161","28,923",3.35,,,,27,10,https://news.tirumala.org/total-pilgrims-who-had-darshan-on-06-06-2024-62161/,ok,2024,6,6,3,Thursday,23,2,158,0,0,0,0,0,0.4338837391175582,-0.900968867902419,0.4110537546870351,-0.911611107193024,0,0,0,0,0,0,0,,0,0,11,30,krishna,0,0,1,0,0,0,0,0,0,0,0,0,0,1,0,0,0,monsoon,0,0,1,0,0,0,67320.0,64115.0,65416.0,73483.85714285714,76392.35714285714,64115.0
2024-06-07,"63,830","30,810",3.2,,,,19,10-12,https://news.tirumala.org/total-pilgrims-who-had-darshan-on-07-06-2024-63830/,ok,2024,6,7,4,Friday,23,2,159,0,0,0,0,0,-0.433883739117558,-0.9009688679024191,0.3953117887649151,-0.9185469991587164,0,0,0,0,0,0,0,,0,0,10,1,shukla,0,0,0,0,0,0,0,0,0,0,0,0,0,1,0,0,0,monsoon,0,0,1,0,0,0,62161.0,67873.0,70668.0,73204.71428571429,76272.82142857143,67873.0
2024-06-08,"79,398","43,557",2.9,,,,22,10-12,https://news.tirumala.org/total-pilgrims-who-had-darshan-on-08-06-2024-79398/,ok,2024,6,8,5,Saturday,23,2,160,1,1,0,0,0,-0.9749279121818236,-0.2225209339563146,0.3794528437245443,-0.925211078289358,0,0,0,0,0,0,0,,0,0,9,2,shukla,0,0,0,0,0,0,0,0,0,0,0,0,0,1,0,0,0,monsoon,0,0,1,0,0,0,63830.0,78686.0,83866.0,72627.14285714286,76390.14285714286,78686.0
2024-06-09,"78,064","33,869",3.7,,,,31,15-18,https://news.tirumala.org/total-pilgrims-who-had-darshan-on-09-06-2024-78064/,ok,2024,6,9,6,Sunday,23,2,161,1,0,1,0,0,-0.7818314824680299,0.6234898018587334,0.3634816124829063,-0.9316013725767188,0,0,0,0,0,0,0,,0,0,8,3,shukla,0,0,0,0,0,0,0,0,0,0,0,0,0,1,0,0,0,monsoon,0,0,1,0,0,0,79398.0,83740.0,89161.0,72728.85714285714,76477.75,83740.0
2024-06-10,,,,,,,,,,not_found,2024,6,10,0,Monday,24,2,162,0,0,0,0,0,0.0,1.0,0.3474028211842774,-0.9377159910299092,0,0,0,0,0,0,0,,0,0,7,4,shukla,0,0,0,0,0,0,0,0,0,0,0,0,0,1,0,0,0,monsoon,0,0,1,0,0,0,78064.0,76362.0,81831.0,71918.0,76408.57142857143,76362.0
2024-06-11,"76,665","31,377",4.58,,,,21,12-18,https://news.tirumala.org/total-pilgrims-who-had-darshan-on-11-06-2024-76665/,ok,2024,6,11,1,Tuesday,24,2,163,0,0,0,0,0,0.7818314824680298,0.6234898018587336,0.3312212278016865,-0.9435531242349544,0,0,0,0,0,0,0,,0,0,6,5,shukla,0,0,0,0,0,0,0,0,0,0,0,0,0,1,0,0,0,monsoon,0,0,1,0,0,0,,76291.0,76381.0,71177.33333333333,76615.74074074074,76291.0
2024-06-12,"75,068","33,372",3.48,,,,31,16-18,https://news.tirumala.org/total-pilgrims-who-had-darshan-on-12-06-2024-75068/,ok,2024,6,12,2,Wednesday,24,2,164,0,0,0,0,0,0.9749279121818236,-0.2225209339563143,0.3149416207289519,-0.9491110448902284,0,0,0,0,0,0,0,,0,0,5,6,shukla,0,0,0,0,0,0,0,0,0,0,0,0,0,0,0,0,0,monsoon,0,0,1,0,0,0,76665.0,67320.0,73811.0,71239.66666666667,76648.4074074074,67320.0
2024-06-13,"61,499","33,384",3.04,,,,Out side line at Sila thoranam,18-20,https://news.tirumala.org/total-pilgrims-who-had-darshan-on-13-06-2024-61499/,ok,2024,6,13,3,Thursday,24,2,165,0,0,0,0,0,0.4338837391175582,-0.900968867902419,0.2985688173637202,-0.9543881083175908,0,0,0,0,0,0,0,,0,0,4,7,shukla,0,0,0,0,0,0,0,0,0,0,0,0,0,0,0,0,0,monsoon,0,0,1,0,0,0,75068.0,62161.0,64115.0,72531.0,76394.25925925926,62161.0
2024-06-14,"66,782","36,229",3.71,,,,Outside line at Krishna Teja Guest House.,18 – 20,https://news.tirumala.org/total-pilgrims-who-had-darshan-on-14-06-2024-66782/,ok,2024,6,14,4,Friday,24,2,166,0,0,0,0,0,-0.433883739117558,-0.9009688679024191,0.2821076626819194,-0.9593827529490744,0,0,0,0,0,0,0,,0,0,3,8,shukla,0,0,0,0,0,0,0,0,0,0,0,0,0,0,0,0,0,monsoon,0,0,1,0,0,0,61499.0,63830.0,67873.0,72420.66666666667,75843.51851851853,63830.0
2024-06-15,"82,886","44,234",4.09,,,,Outside line at Nandakam Guest House,30,https://news.tirumala.org/total-pilgrims-who-had-darshan-on-15-06-2024-82886/,ok,2024,6,15,5,Saturday,24,2,167,1,1,0,0,0,-0.9749279121818236,-0.2225209339563146,0.2655630278040559,-0.9640935007889756,0,0,0,0,0,0,0,,1,0,2,9,shukla,0,0,0,0,0,0,0,0,0,0,0,0,0,0,0,0,0,monsoon,0,0,1,0,0,0,66782.0,79398.0,78686.0,72912.66666666667,75668.4074074074,79398.0
2024-06-16,"69,870","42,119",4.0,,,,Outside line at Bata Gangamma Temple.,24,https://news.tirumala.org/total-pilgrims-who-had-darshan-on-16-06-2024-69870/,ok,2024,6,16,6,Sunday,24,2,168,1,0,1,0,0,-0.7818314824680299,0.6234898018587334,0.2489398085537665,-0.9685189578512204,0,0,0,0,0,0,0,,1,0,1,10,shukla,0,0,0,0,0,0,0,0,0,0,0,0,0,0,0,0,0,monsoon,0,0,1,0,0,0,82886.0,78064.0,83740.0,73494.0,75378.22222222222,78064.0
2024-06-17,"75,872","37,236",3.64,,,,Outside line at Silathoranam.,30,https://news.tirumala.org/total-pilgrims-who-had-darshan-on-17-06-2024-75872/,ok,2024,6,17,0,Monday,25,2,169,0,0,0,0,0,0.0,1.0,0.2322429240090701,-0.9726578145718654,1,1,1,1,1,1,1,Eid al-Adha,1,0,0,11,shukla,1,0,0,0,0,0,0,0,0,0,0,0,0,0,0,0,0,monsoon,0,0,1,0,0,0,69870.0,,76362.0,72128.33333333333,74754.11111111111,
2024-06-18,"75,125","31,140",5.41,,,,Outside line at Krishna Teja Guest House.,20,https://news.tirumala.org/total-pilgrims-who-had-darshan-on-18-06-2024-75125/,ok,2024,6,18,1,Tuesday,25,2,170,0,0,0,0,0,0.7818314824680298,0.6234898018587336,0.2154773150467301,-0.976508846196619,0,0,0,0,0,0,0,,0,0,-1,11,shukla,1,0,0,0,0,0,0,0,0,0,0,0,0,0,0,0,0,monsoon,0,0,1,0,0,0,75872.0,76665.0,76291.0,72663.14285714286,74385.48148148147,76665.0
2024-06-19,"79,584","31,848",4.18,,,,Outside line at ATGH,18,https://news.tirumala.org/total-pilgrims-who-had-darshan-on-19-06-2024-79584/,ok,2024,6,19,2,Wednesday,25,2,171,0,0,0,0,0,0.9749279121818236,-0.2225209339563143,0.1986479428801711,-0.9800709131432666,0,0,0,0,0,0,0,,0,0,-2,12,shukla,0,0,0,0,0,0,0,0,0,0,0,0,0,0,0,0,0,monsoon,0,0,1,0,0,0,75125.0,75068.0,67320.0,72443.14285714286,74177.37037037036,75068.0
2024-06-20,"62,756","31,510",4.23,,,,Outside line Adding at Bata Gangamma Temple.,24,https://news.tirumala.org/total-pilgrims-who-had-darshan-on-20-06-2024-62756/,ok,2024,6,20,3,Thursday,25,2,172,0,0,0,0,0,0.4338837391175582,-0.900968867902419,0.1817597875913753,-0.9833429613388902,0,0,0,0,0,0,0,,0,0,-3,13,shukla,0,0,0,0,0,0,0,0,0,0,0,0,0,0,0,0,0,monsoon,0,0,1,0,0,0,79584.0,61499.0,62161.0,73088.28571428571,74160.18518518518,61499.0
2024-06-21,"72,294","31,855",3.39,,,,Outside line Adding at ATC,15,https://news.tirumala.org/total-pilgrims-who-had-darshan-on-21-06-2024-72294/,ok,2024,6,21,4,Friday,25,2,173,0,0,0,0,0,-0.433883739117558,-0.9009688679024191,0.1648178466571979,-0.9863240225317866,0,0,0,0,0,0,0,,0,0,-4,14,shukla,0,0,0,0,0,0,0,0,0,0,0,0,0,0,0,0,0,monsoon,0,0,1,0,0,0,62756.0,66782.0,63830.0,73267.85714285714,74061.66666666667,66782.0
2024-06-22,"74,467","40,005",3.77,,,,Outside line Addind at Silathoranam,24,https://news.tirumala.org/total-pilgrims-who-had-darshan-on-22-06-2024-74467/,ok,2024,6,22,5,Saturday,25,2,174,1,1,0,0,0,-0.9749279121818236,-0.2225209339563146,0.1478271334705304,-0.9890132145779884,0,0,0,0,0,0,0,,0,0,-5,15,shukla,0,1,0,0,0,0,0,0,0,0,0,0,0,0,0,0,0,monsoon,0,0,1,0,0,0,72294.0,82886.0,79398.0,74055.28571428571,74121.88888888889,82886.0
2024-06-23,"81,455","31,251",3.67,,,,31,18,https://news.tirumala.org/total-pilgrims-who-had-darshan-on-23-06-2024-81455/,ok,2024,6,23,6,Sunday,25,2,175,1,0,1,0,0,-0.7818314824680299,0.6234898018587334,0.1307926758567592,-0.9914097417023038,0,0,0,0,0,0,0,,0,0,-6,17,krishna,0,0,0,0,0,0,0,0,0,0,0,0,0,0,0,0,0,monsoon,0,0,1,0,0,0,74467.0,69870.0,78064.0,72852.57142857143,73773.77777777778,69870.0
2024-06-24,"77,878","30,140",4.46,,,,31,18,https://news.tirumala.org/total-pilgrims-who-had-darshan-on-24-06-2024-77878/,ok,2024,6,24,0,Monday,26,2,176,0,0,0,0,0,0.0,1.0,0.1137195145859496,-0.9935128947338008,0,0,0,0,0,0,0,,0,0,-7,18,krishna,0,0,0,0,0,0,0,0,0,0,0,0,0,0,0,0,0,monsoon,0,0,1,0,0,0,81455.0,75872.0,,74507.57142857143,73488.37037037036,75872.0
2024-06-25,"71,824","28,462",4.01,,,,16,12,https://news.tirumala.org/total-pilgrims-who-had-darshan-on-25-06-2024-71824/,ok,2024,6,25,1,Tuesday,26,2,177,0,0,0,0,0,0.7818314824680298,0.6234898018587336,0.0966127018812031,-0.9953220513156602,0,0,0,0,0,0,0,,0,0,-8,19,krishna,0,0,0,0,0,0,0,0,0,0,0,0,0,0,0,0,0,monsoon,0,0,1,0,0,0,77878.0,75125.0,76665.0,74794.14285714286,73341.96296296296,75125.0
2024-06-26,"77,332","30,540",4.38,,,,21,16 -18,https://news.tirumala.org/total-pilgrims-who-had-darshan-on-26-06-2024-77332/,ok,2024,6,26,2,Wednesday,26,2,178,0,0,0,0,0,0.9749279121818236,-0.2225209339563143,0.0794772999236209,-0.9968366760893436,0,0,0,0,0,0,0,,0,0,-9,20,krishna,0,0,0,0,0,0,0,0,0,0,0,0,0,0,0,0,0,monsoon,0,0,1,0,0,0,71824.0,79584.0,75068.0,74322.57142857143,73173.18518518518,79584.0
2024-06-27,"60,782","30,100",3.53,,,,Outside line at Krishna Teja Guest House.,18,https://news.tirumala.org/total-pilgrims-who-had-darshan-on-27-06-2024-60782/,ok,2024,6,27,3,Thursday,26,2,179,0,0,0,0,0,0.4338837391175582,-0.900968867902419,0.062318379354325,-0.998056320853012,0,0,0,0,0,0,0,,0,0,-10,21,krishna,0,0,0,0,0,0,0,0,0,0,0,0,0,0,0,0,0,monsoon,0,0,1,0,0,0,77332.0,62756.0,61499.0,74000.85714285714,73303.5925925926,62756.0
2024-06-28,"66,256","30,087",3.54,,,,31,16 – 18,https://news.tirumala.org/total-pilgrims-who-had-darshan-on-28-06-2024-66256/,ok,2024,6,28,4,Friday,26,2,180,0,0,0,0,0,-0.433883739117558,-0.9009688679024191,0.0451410177739719,-0.998980624694158,0,0,0,0,0,0,0,,0,0,-11,22,krishna,0,0,0,0,0,0,0,0,0,0,0,0,0,0,0,0,0,monsoon,0,0,1,0,0,0,60782.0,72294.0,66782.0,73718.85714285714,73180.14814814815,72294.0
2024-06-29,"80,404","35,825",3.83,,,,Outside line at TBC.,18,https://news.tirumala.org/total-pilgrims-who-had-darshan-on-29-06-2024-80404/,ok,2024,6,29,5,Saturday,26,2,181,1,1,0,0,0,-0.9749279121818236,-0.2225209339563146,0.0279502982402103,-0.999609314096404,0,0,0,0,0,0,0,,0,0,-12,23,krishna,0,0,0,0,0,0,0,0,0,0,0,0,0,0,0,0,0,monsoon,0,0,1,0,0,0,66256.0,74467.0,82886.0,72856.28571428571,73120.25925925926,74467.0
2024-06-30,"81,005","28,244",3.94,,,,04,6 – 8,https://news.tirumala.org/total-pilgrims-who-had-darshan-on-30-06-2024-81005/,ok,2024,6,30,6,Sunday,26,2,182,1,0,1,0,1,-0.7818314824680299,0.6234898018587334,0.0107513077635219,-0.9999422030204416,0,0,0,0,0,0,0,,0,0,-13,24,krishna,0,0,0,0,0,0,0,0,0,0,0,0,0,0,0,0,0,monsoon,0,0,1,0,0,0,80404.0,81455.0,69870.0,73704.42857142857,73183.88888888889,81455.0
2024-07-01,"75,449","27,121",4.91,,,,10,8,https://news.tirumala.org/total-pilgrims-who-had-darshan-on-01-07-2024-75449/,ok,2024,7,1,0,Monday,27,3,183,0,0,0,1,0,0.0,1.0,-0.0064508641981051,-0.9999791929590824,0,0,0,0,0,0,0,,0,0,-14,25,krishna,0,0,0,0,0,0,0,0,0,0,0,0,0,0,0,0,0,monsoon,0,0,1,0,0,0,81005.0,77878.0,75872.0,73640.14285714286,73082.5925925926,77878.0
2024-07-02,"67,398","26,512",4.09,,,,08,6 – 8,https://news.tirumala.org/total-pilgrims-who-had-darshan-on-02-07-2024-67398/,ok,2024,7,2,1,Tuesday,27,3,184,0,0,0,0,0,0.7818314824680298,0.6234898018587336,-0.0236511272452315,-0.9997202729664084,0,0,0,0,0,0,0,,0,0,-15,26,krishna,1,0,0,0,0,0,0,0,0,0,0,0,0,0,0,0,0,monsoon,0,0,1,0,0,0,75449.0,71824.0,75125.0,73293.14285714286,73048.77777777778,71824.0
2024-07-03,"69,632","30,179",3.32,,,,31,16 – 18,https://news.tirumala.org/total-pilgrims-who-had-darshan-on-03-07-2024-69632/,ok,2024,7,3,2,Wednesday,27,3,185,0,0,0,0,0,0.9749279121818236,-0.2225209339563143,-0.0408443915432961,-0.9991655196610107,0,0,0,0,0,0,0,,0,0,14,27,krishna,0,0,0,0,0,0,0,0,0,0,0,0,0,0,0,0,0,monsoon,0,0,1,0,0,0,67398.0,77332.0,79584.0,72660.85714285714,72719.4074074074,77332.0
2024-07-04,"63,826","27,530",4.23,,,,Outside line at ATC,18,https://news.tirumala.org/total-pilgrims-who-had-darshan-on-04-07-2024-63826/,ok,2024,7,4,3,Thursday,27,3,186,0,0,0,0,0,0.4338837391175582,-0.900968867902419,-0.0580255693287803,-0.9983150972033183,0,0,0,0,0,0,0,,0,0,13,28,krishna,0,0,0,0,0,0,0,0,0,0,0,0,0,0,0,0,0,monsoon,0,0,1,0,0,0,69632.0,60782.0,62756.0,71560.85714285714,72805.03703703704,60782.0
2024-07-05,"65,775","25,126",3.41,,,,18,10,https://news.tirumala.org/total-pilgrims-who-had-darshan-on-05-07-2024-65775/,ok,2024,7,5,4,Friday,27,3,187,0,0,0,0,0,-0.433883739117558,-0.9009688679024191,-0.0751895764147585,-0.9971692572470178,0,0,0,0,0,0,0,,0,0,12,30,krishna,0,0,1,0,0,0,0,0,0,0,0,0,0,0,0,0,0,monsoon,0,0,1,0,0,0,63826.0,66256.0,72294.0,71995.71428571429,72866.70370370371,66256.0
2024-07-06,"77,995","30,250",3.72,,,,24,10,https://news.tirumala.org/total-pilgrims-who-had-darshan-on-06-07-2024-77995/,ok,2024,7,6,5,Saturday,27,3,188,1,1,0,0,0,-0.9749279121818236,-0.2225209339563146,-0.0923313336953912,-0.9957283388645872,0,0,0,0,0,0,0,,0,0,11,1,shukla,0,0,0,0,0,0,0,0,0,0,0,0,0,0,0,0,0,monsoon,0,0,1,0,0,0,65775.0,80404.0,74467.0,71927.0,72938.74074074074,80404.0
2024-07-07,"78,912","32,039",3.83,,,,23,8 – 10,https://news.tirumala.org/total-pilgrims-who-had-darshan-on-07-07-2024-78912/,ok,2024,7,7,6,Sunday,27,3,189,1,0,1,0,0,-0.7818314824680299,0.6234898018587334,-0.1094457686489155,-0.993992768446958,0,0,0,0,0,0,0,,0,0,10,2,shukla,0,0,0,0,0,0,0,0,0,0,0,0,0,0,0,0,0,monsoon,0,0,1,0,0,0,77995.0,81005.0,81455.0,71582.85714285714,72886.77777777778,81005.0
2024-07-08,"63,619","28,572",3.78,,,,31,12,https://news.tirumala.org/total-pilgrims-who-had-darshan-on-08-07-2024-63619/,ok,2024,7,8,0,Monday,28,3,190,0,0,0,0,0,0.0,1.0,-0.1265278168386831,-0.9919630595773395,0,0,0,0,0,0,0,,0,0,9,3,shukla,0,0,0,0,0,0,0,0,0,0,0,0,0,0,0,0,0,monsoon,0,0,1,0,0,0,78912.0,75449.0,77878.0,71283.85714285714,72918.18518518518,75449.0
2024-07-09,"67,245","25,054",4.51,,,,14,8 – 10,https://news.tirumala.org/total-pilgrims-who-had-darshan-on-09-07-2024-67245/,ok,2024,7,9,1,Tuesday,28,3,191,0,0,0,0,0,0.7818314824680298,0.6234898018587336,-0.1435724234118113,-0.9896398128792412,0,0,0,0,0,0,0,,0,0,8,3,shukla,0,0,0,0,0,0,0,0,0,0,0,0,0,0,0,0,0,monsoon,0,0,1,0,0,0,63619.0,67398.0,71824.0,69593.85714285714,72586.07142857143,67398.0
2024-07-10,"73,353","28,444",3.05,,,,31,18,https://news.tirumala.org/total-pilgrims-who-had-darshan-on-10-07-2024-73353/,ok,2024,7,10,2,Wednesday,28,3,192,0,0,0,0,0,0.9749279121818236,-0.2225209339563143,-0.1605745445949937,-0.9870237158387384,0,0,0,0,0,0,0,,0,0,7,4,shukla,0,0,0,0,0,0,0,0,0,0,0,0,0,0,0,0,0,monsoon,0,0,1,0,0,0,67245.0,69632.0,77332.0,69572.0,72249.64285714286,69632.0
2024-07-11,"65,392","29,015",4.23,,,,Out side line at TBC.,24,https://news.tirumala.org/total-pilgrims-who-had-darshan-on-11-07-2024-65-392/,ok,2024,7,11,3,Thursday,28,3,193,0,0,0,0,0,0.4338837391175582,-0.900968867902419,-0.1775291491870349,-0.984115542601034,0,0,0,0,0,0,0,,0,0,6,5,shukla,0,0,0,0,0,0,0,0,0,0,0,0,0,0,0,0,0,monsoon,0,0,1,0,0,0,73353.0,63826.0,60782.0,70103.57142857143,72188.39285714286,63826.0
2024-07-12,"63,493","31,676",4.69,,,,Outside line at Krishna Teja guest house,24 – 30,https://news.tirumala.org/total-pilgrims-who-had-darshan-on-12-07-2024-63-493/,ok,2024,7,12,4,Friday,28,3,194,0,0,0,0,0,-0.433883739117558,-0.9009688679024191,-0.1944312200476619,-0.9809161537413774,0,0,0,0,0,0,0,,0,0,5,6,shukla,0,0,0,0,0,0,0,0,0,0,0,0,0,0,0,0,0,monsoon,0,0,1,0,0,0,65392.0,65775.0,66256.0,70327.28571428571,72327.42857142857,65775.0
2024-07-13,"75,916","42,920",3.87,,,,Outside line at TBC,24,https://news.tirumala.org/total-pilgrims-who-had-darshan-on-13-07-2024-75-916/,ok,2024,7,13,5,Saturday,28,3,195,1,1,0,0,0,-0.9749279121818236,-0.2225209339563146,-0.2112757555821793,-0.9774264960104057,0,0,0,0,0,0,0,,0,0,4,7,shukla,0,0,0,0,0,0,0,0,0,0,0,0,0,0,0,0,0,monsoon,0,0,1,0,0,0,63493.0,77995.0,80404.0,70001.28571428571,72209.96428571429,77995.0
2024-07-14,"84,797","29,497",3.98,,,,31,18 – 24,https://news.tirumala.org/total-pilgrims-who-had-darshan-on-14-07-2024-84797/,ok,2024,7,14,6,Sunday,28,3,196,1,0,1,0,0,-0.7818314824680299,0.6234898018587334,-0.2280577712215198,-0.9736476020539838,0,0,0,0,0,0,0,,0,0,3,8,shukla,0,0,0,0,0,0,0,0,0,0,0,0,0,0,0,0,0,monsoon,0,0,1,0,0,0,75916.0,78912.0,81005.0,69704.28571428571,71961.03571428571,78912.0
2024-07-15,"75,054","26,239",4.72,,,,31,18,https://news.tirumala.org/total-pilgrims-who-had-darshan-on-15-07-2024-75054/,ok,2024,7,15,0,Monday,29,3,197,0,0,0,0,0,0.0,1.0,-0.2447723008972595,-0.9695805901076308,0,0,0,0,0,0,0,,0,0,2,9,shukla,0,0,0,0,0,0,0,0,0,0,0,0,0,0,0,0,0,monsoon,0,0,1,0,0,0,84797.0,63619.0,75449.0,70545.0,72494.14285714286,63619.0
2024-07-16,"71,409","26,128",4.15,,,,10,8 -12,https://news.tirumala.org/total-pilgrims-who-had-darshan-on-16-07-2024-71409/,ok,2024,7,16,1,Tuesday,29,3,198,0,0,0,0,0,0.7818314824680298,0.6234898018587336,-0.2614143985111562,-0.965226663665613,0,0,0,0,0,0,0,,0,0,1,10,shukla,0,0,0,0,0,0,0,0,0,0,0,0,0,0,0,0,0,monsoon,0,0,1,0,0,0,75054.0,67245.0,67398.0,72178.57142857143,72464.92857142857,67245.0
2024-07-17,"69,029","28,547",2.9,,,,31,18,https://news.tirumala.org/total-pilgrims-who-had-darshan-on-17-07-2024-69029/,ok,2024,7,17,2,Wednesday,29,3,199,0,0,0,0,0,0.9749279121818236,-0.2225209339563143,-0.2779791393987801,-0.9605871111248128,1,1,1,1,1,1,1,Ashura,0,0,0,11,shukla,1,0,0,0,0,0,0,0,0,0,0,0,0,0,0,0,0,monsoon,0,0,1,0,0,0,71409.0,73353.0,69632.0,72773.42857142857,72332.21428571429,73353.0
2024-07-18,"67,223","24,549",4.66,,,,Out side line at TBC,18-20,https://news.tirumala.org/total-pilgrims-who-had-darshan-on-18-07-2024-67223/,ok,2024,7,18,3,Thursday,29,3,200,0,0,0,0,0,0.4338837391175582,-0.900968867902419,-0.2944616217868012,-0.9556633054034704,0,0,0,0,0,0,0,,0,0,-1,12,shukla,0,0,0,0,0,0,0,0,0,0,0,0,0,0,0,0,0,monsoon,0,0,1,0,0,0,69029.0,65392.0,63826.0,72155.71428571429,71955.25,65392.0
2024-07-19,"65,134","26,100",4.27,,,,25,16-18,https://news.tirumala.org/total-pilgrims-who-had-darshan-on-19-07-2024-65134/,ok,2024,7,19,4,Friday,29,3,201,0,0,0,0,0,-0.433883739117558,-0.9009688679024191,-0.3108569682435036,-0.9504567035349152,0,0,0,0,0,0,0,,0,0,-2,13,shukla,0,0,0,0,0,0,0,0,0,0,0,0,0,0,0,0,0,monsoon,0,0,1,0,0,0,67223.0,63493.0,65775.0,72417.28571428571,72114.78571428571,63493.0
2024-07-20,"83,538","30,267",4.25,,,,31,16-18,https://news.tirumala.org/total-pilgrims-who-had-darshan-on-20-07-2024-83538/,ok,2024,7,20,5,Saturday,29,3,202,1,1,0,0,0,-0.9749279121818236,-0.2225209339563146,-0.3271603271220951,-0.9449688462364056,0,0,0,0,0,0,0,,0,0,-3,14,shukla,0,0,0,0,0,0,0,0,0,0,0,0,0,0,0,0,0,monsoon,0,0,1,0,0,0,65134.0,75916.0,77995.0,72651.71428571429,71859.07142857143,75916.0
2024-07-21,"75,963","26,956",3.99,,,,30,16-18,https://news.tirumala.org/total-pilgrims-who-had-darshan-on-21-07-2024-75963/,ok,2024,7,21,6,Sunday,29,3,203,1,0,1,0,0,-0.7818314824680299,0.6234898018587334,-0.343366873996388,-0.939201357453208,0,0,0,0,0,0,0,,0,0,-4,15,shukla,0,1,0,0,0,0,0,0,0,0,0,0,0,0,0,0,0,monsoon,0,0,1,0,0,0,83538.0,84797.0,78912.0,73740.57142857143,72183.03571428571,84797.0
2024-07-22,"71,939","26,327",4.9,,,,17,8-12,https://news.tirumala.org/total-pilgrims-who-had-darshan-on-22-07-2024-71939/,ok,2024,7,22,0,Monday,30,3,204,0,0,0,0,0,0.0,1.0,-0.3594718130884232,-0.9331559438780432,0,0,0,0,0,0,0,,0,0,-5,16,krishna,0,0,0,0,0,0,0,0,0,0,0,0,0,0,0,0,0,monsoon,0,0,1,0,0,0,75963.0,75054.0,63619.0,72478.57142857143,71986.89285714286,75054.0
2024-07-23,"73,332","25,202",3.73,,,,10,8-10,https://news.tirumala.org/total-pilgrims-who-had-darshan-on-23-07-2024-73332/,ok,2024,7,23,1,Tuesday,30,3,205,0,0,0,0,0,0.7818314824680298,0.6234898018587336,-0.3754703786876202,-0.9268343944460494,0,0,0,0,0,0,0,,0,0,-6,17,krishna,0,0,0,0,0,0,0,0,0,0,0,0,0,0,0,0,0,monsoon,0,0,1,0,0,0,71939.0,71409.0,67245.0,72033.57142857143,71774.78571428571,71409.0
2024-07-24,"73,023","26,942",3.98,,,,17,8-10,https://news.tirumala.org/total-pilgrims-who-had-darshan-on-24-07-2024-73023/,ok,2024,7,24,2,Wednesday,30,3,206,0,0,0,0,0,0.9749279121818236,-0.2225209339563143,-0.3913578365610259,-0.9202385798054076,0,0,0,0,0,0,0,,0,0,-7,18,krishna,0,0,0,0,0,0,0,0,0,0,0,0,0,0,0,0,0,monsoon,0,0,1,0,0,0,73332.0,69029.0,73353.0,72308.28571428571,71828.64285714286,69029.0
2024-07-25,"61,699","25,082",3.55,,,,Outside line at TBC,16 -18,https://news.tirumala.org/total-pilgrims-who-had-darshan-on-25-07-2024-61699/,ok,2024,7,25,3,Thursday,30,3,207,0,0,0,0,0,0.4338837391175582,-0.900968867902419,-0.4071294853542516,-0.9133704517637858,0,0,0,0,0,0,0,,0,0,-8,20,krishna,0,0,0,0,0,0,0,0,0,0,0,0,0,0,0,0,0,monsoon,0,0,1,0,0,0,73023.0,67223.0,65392.0,72878.85714285714,71674.75,67223.0
2024-07-26,"65,980","27,441",4.21,,,,26,14 -18,https://news.tirumala.org/total-pilgrims-who-had-darshan-on-26-07-2024-65980/,ok,2024,7,26,4,Friday,30,3,208,0,0,0,0,0,-0.433883739117558,-0.9009688679024191,-0.4227806579826773,-0.9062320427107696,0,0,0,0,0,0,0,,0,0,-9,21,krishna,0,0,0,0,0,0,0,0,0,0,0,0,0,0,0,0,0,monsoon,0,0,1,0,0,0,61699.0,65134.0,63493.0,72089.71428571429,71707.5,65134.0
2024-07-27,"84,173","32,519",3.5,,,,31,8 -10,https://news.tirumala.org/total-pilgrims-who-had-darshan-on-27-07-2024-84173/,ok,2024,7,27,5,Saturday,30,3,209,1,1,0,0,0,-0.9749279121818236,-0.2225209339563146,-0.4383067230125192,-0.898825465016444,0,0,0,0,0,0,0,,0,0,-10,22,krishna,0,0,0,0,0,0,0,0,0,0,0,0,0,0,0,0,0,monsoon,0,0,1,0,0,0,65980.0,83538.0,75916.0,72210.57142857143,71697.64285714286,83538.0
2024-07-28,"79,327","25,894",3.93,,,,Present Direct line.,8,https://news.tirumala.org/total-pilgrims-who-had-darshan-on-28-07-2024-79327/,ok,2024,7,28,6,Sunday,30,3,210,1,0,1,0,0,-0.7818314824680299,0.6234898018587334,-0.4537030860313442,-0.8911529104063088,0,0,0,0,0,0,0,,0,0,-11,23,krishna,0,0,0,0,0,0,0,0,0,0,0,0,0,0,0,0,0,monsoon,0,0,1,0,0,0,84173.0,75963.0,84797.0,72301.28571428571,71832.25,75963.0
2024-07-29,"65,874","23,782",4.48,,,,12,8-12,https://news.tirumala.org/total-pilgrims-who-had-darshan-on-29-07-2024-65874/,ok,2024,7,29,0,Monday,31,3,211,0,0,0,0,0,0.0,1.0,-0.4689651910076318,-0.8832166493127127,0,0,1,0,0,0,1,,0,0,-12,24,krishna,0,0,0,0,0,0,0,0,0,0,0,0,0,0,0,0,0,monsoon,0,0,1,0,0,0,79327.0,71939.0,75054.0,72781.85714285714,71772.32142857143,71939.0
2024-07-30,"69,937","22,978",4.58,,,,6,8,https://news.tirumala.org/total-pilgrims-who-had-darshan-on-30-07-2024-69937/,ok,2024,7,30,1,Tuesday,31,3,212,0,0,0,0,0,0.7818314824680298,0.6234898018587336,-0.4840885216389758,-0.8750190302029955,0,0,0,0,0,0,0,,0,0,-13,25,krishna,0,0,0,0,0,0,0,0,0,0,0,0,0,0,0,0,0,monsoon,0,0,1,0,0,0,65874.0,73332.0,71409.0,71915.42857142857,71430.35714285714,73332.0
2024-07-31,"67,916","23,010",3.93,,,,10,8,https://news.tirumala.org/total-pilgrims-who-had-darshan-on-31-07-2024-67916/,ok,2024,7,31,2,Wednesday,31,3,213,0,0,0,0,1,0.9749279121818236,-0.2225209339563143,-0.4990686026885319,-0.8665624788845385,0,0,0,0,0,0,0,,0,0,-14,26,krishna,1,0,0,0,0,0,0,0,0,0,0,0,0,0,0,0,0,monsoon,0,0,1,0,0,0,69937.0,73023.0,69029.0,71430.42857142857,71521.03571428571,73023.0
2024-08-01,"61,465","21,206",3.66,,,,18,12-15,https://news.tirumala.org/total-pilgrims-who-had-darshan-on-01-08-2024-61465/,ok,2024,8,1,3,Thursday,31,3,214,0,0,0,1,0,0.4338837391175582,-0.900968867902419,-0.5139010013093103,-0.8578494977869301,0,0,0,0,0,0,0,,0,0,14,27,krishna,0,0,0,0,0,0,0,0,0,0,0,0,0,0,0,0,0,monsoon,0,0,1,0,0,0,67916.0,61699.0,67223.0,70700.85714285714,71459.75,61699.0
2024-08-02,"62,540","24,241",3.92,,,,05,8-10,https://news.tirumala.org/total-pilgrims-who-had-darshan-on-02-08-2024-62540/,ok,2024,8,2,4,Friday,31,3,215,0,0,0,0,0,-0.433883739117558,-0.9009688679024191,-0.5285813283559292,-0.8488826652214553,0,0,0,0,0,0,0,,0,0,13,28,krishna,0,0,0,0,0,0,0,0,0,0,0,0,0,0,0,0,0,monsoon,0,0,1,0,0,0,61465.0,65980.0,65134.0,70667.42857142857,71375.42857142857,65980.0
2024-08-03,"75,140","28,256",3.76,,,,11,8-10,https://news.tirumala.org/total-pilgrims-who-had-darshan-on-03-08-2024-75140/,ok,2024,8,3,5,Saturday,31,3,216,1,1,0,0,0,-0.9749279121818236,-0.2225209339563146,-0.5431052396834317,-0.8396646346181327,0,0,0,0,0,0,0,,0,0,12,29,krishna,0,0,0,0,0,0,0,0,0,0,0,0,0,0,0,0,0,monsoon,0,0,1,0,0,0,62540.0,84173.0,83538.0,70176.0,71259.89285714286,84173.0
2024-08-04,"75,356","21,815",3.9,,,,Present Direct Line.,6,https://news.tirumala.org/total-pilgrims-who-had-darshan-on-04-08-2024-75356/,ok,2024,8,4,6,Sunday,31,3,217,1,0,1,0,0,-0.7818314824680299,0.6234898018587334,-0.5574684374327892,-0.8301981337405212,0,0,0,0,0,0,0,,0,0,11,30,krishna,0,0,1,0,0,0,0,0,0,0,0,0,0,0,0,0,0,monsoon,0,0,1,0,0,0,75140.0,79327.0,75963.0,68885.57142857143,71157.92857142857,79327.0
2024-08-05,"63,095","23,127",3.72,,,,Present Direct Line.,6,https://news.tirumala.org/total-pilgrims-who-had-darshan-on-05-08-2024-63095/,ok,2024,8,5,0,Monday,32,3,218,0,0,0,0,0,0.0,1.0,-0.5716666713027052,-0.8204859638785327,0,0,0,0,0,0,0,,0,0,10,1,shukla,0,0,0,0,0,0,0,0,0,0,0,0,0,0,0,0,0,monsoon,0,0,1,0,0,0,75356.0,65874.0,71939.0,68318.28571428571,71030.92857142857,65874.0
2024-08-06,"66,235","26,730",3.7,,,,02,6,https://news.tirumala.org/total-pilgrims-who-had-darshan-on-06-08-2024-66235/,ok,2024,8,6,1,Tuesday,32,3,219,0,0,0,0,0,0.7818314824680298,0.6234898018587336,-0.5856957398073508,-0.8105309990194823,0,0,0,0,0,0,0,,0,0,9,2,shukla,0,0,0,0,0,0,0,0,0,0,0,0,0,0,0,0,0,monsoon,0,0,1,0,0,0,63095.0,69937.0,73332.0,67921.28571428571,71012.21428571429,69937.0
2024-08-07,"75,109","30,285",3.4,,,,13,8,https://news.tirumala.org/total-pilgrims-who-had-darshan-on-07-08-2024-75109/,ok,2024,8,7,2,Wednesday,32,3,220,0,0,0,0,0,0.9749279121818236,-0.2225209339563143,-0.5995514915196489,-0.8003361849976323,0,0,0,0,0,0,0,,0,0,8,3,shukla,0,0,0,0,0,0,0,0,0,0,0,0,0,0,0,0,0,monsoon,0,0,1,0,0,0,66235.0,67916.0,73023.0,67392.42857142857,70976.14285714286,67916.0
2024-08-08,"63,535","28,685",3.81,,,,31,18,https://news.tirumala.org/total-pilgrims-who-had-darshan-on-08-08-2024-63535/,ok,2024,8,8,3,Thursday,32,3,221,0,0,0,0,0,0.4338837391175582,-0.900968867902419,-0.6132298262997502,-0.7899045386224707,0,0,0,0,0,0,0,,0,0,7,4,shukla,0,0,0,0,0,0,0,0,0,0,0,0,0,0,0,0,0,monsoon,0,0,1,0,0,0,75109.0,61465.0,61699.0,68420.0,71038.85714285714,61465.0
2024-08-09,"65,131","30,998",4.66,,,,26,12,https://news.tirumala.org/total-pilgrims-who-had-darshan-on-09-08-2024-63131/,ok,2024,8,9,4,Friday,32,3,222,0,0,0,0,0,-0.433883739117558,-0.9009688679024191,-0.6267266965083301,-0.7792391467859886,0,0,0,0,0,0,0,,0,0,6,5,shukla,0,0,0,0,0,0,0,0,0,0,0,0,0,0,0,0,0,monsoon,0,0,1,0,0,0,63535.0,62540.0,65980.0,68715.71428571429,70972.53571428571,62540.0
2024-08-10,"73,313","39,344",3.65,,,,outside line at ATGH,24,https://news.tirumala.org/total-pilgrims-who-had-darshan-on-10-08-2024-73313/,ok,2024,8,10,5,Saturday,32,3,223,1,1,0,0,0,-0.9749279121818236,-0.2225209339563146,-0.6400381082043503,-0.7683431655492202,0,0,0,0,0,0,0,,0,0,5,6,shukla,0,0,0,0,0,0,0,0,0,0,0,0,0,0,0,0,0,monsoon,0,0,1,0,0,0,65131.0,75140.0,84173.0,69085.85714285714,71031.03571428571,75140.0
2024-08-11,"86,604","31,536",3.89,,,,14,10 – 12,https://news.tirumala.org/total-pilgrims-who-had-darshan-on-11-08-2024-86604/,ok,2024,8,11,6,Sunday,32,3,224,1,0,1,0,0,-0.7818314824680299,0.6234898018587334,-0.65316012232693,-0.7572198192083127,0,0,0,0,0,0,0,,0,0,4,7,shukla,0,0,0,0,0,0,0,0,0,0,0,0,0,0,0,0,0,monsoon,0,0,1,0,0,0,73313.0,75356.0,79327.0,68824.85714285714,70938.07142857143,75356.0
2024-08-12,"70,728","29,611",4.66,,,,,10  – 12,https://news.tirumala.org/total-pilgrims-who-had-darshan-on-12-08-2024-70728/,ok,2024,8,12,0,Monday,33,3,225,0,0,0,0,0,0.0,1.0,-0.666088855860977,-0.7458723993404063,0,0,0,0,0,0,0,,0,0,3,7,shukla,0,0,0,0,0,0,0,0,0,0,0,0,0,0,0,0,0,monsoon,0,0,1,0,0,0,86604.0,63095.0,65874.0,70431.71428571429,71002.60714285714,63095.0
2024-08-13,"73,246","28,133",4.35,,,,31,18,https://news.tirumala.org/total-pilgrims-who-had-darshan-on-13-08-2024-73246/,ok,2024,8,13,1,Tuesday,33,3,226,0,0,0,0,0,0.7818314824680298,0.6234898018587336,-0.6788204829862355,-0.734304263829602,0,0,0,0,0,0,0,,0,0,2,8,shukla,0,0,0,0,0,0,0,0,0,0,0,0,0,0,0,0,0,monsoon,0,0,1,0,0,0,70728.0,66235.0,69937.0,71522.14285714286,70848.10714285714,66235.0
2024-08-14,"72,967","32,421",5.26,,,,26,10-12,https://news.tirumala.org/total-pilgrims-who-had-darshan-on-14-08-2024-72967/,ok,2024,8,14,2,Wednesday,33,3,227,0,0,0,0,0,0.9749279121818236,-0.2225209339563143,-0.6913512362094071,-0.722518835873311,0,0,0,0,0,0,0,,0,0,1,9,shukla,0,0,0,0,0,0,0,0,0,0,0,0,0,0,0,0,0,monsoon,0,0,1,0,0,0,73246.0,75109.0,67916.0,72523.71428571429,70913.71428571429,75109.0
2024-08-15,"76,695","34,395",3.9,,,,31,16,https://news.tirumala.org/total-pilgrims-who-had-darshan-on-15-08-2024-76695/,ok,2024,8,15,3,Thursday,33,3,228,0,0,0,0,0,0.4338837391175582,-0.900968867902419,-0.7036774074790128,-0.7105196029692745,1,1,1,1,1,1,1,Independence Day,0,0,0,10,shukla,0,0,0,0,0,0,0,0,0,0,0,0,0,0,0,0,0,monsoon,0,0,1,0,0,0,72967.0,63535.0,61465.0,72217.71428571429,71054.35714285714,63535.0
2024-08-16,"62,625","34,462",3.63,,,,Outside Line at Silathoranam.,18 – 24,https://news.tirumala.org/total-pilgrims-who-had-darshan-on-16-08-2024-62625/,ok,2024,8,16,4,Friday,33,3,229,0,0,0,0,0,-0.433883739117558,-0.9009688679024191,-0.7157953492826642,-0.6983101158835584,0,0,0,0,0,0,0,,0,1,-1,11,shukla,1,0,0,0,0,0,0,0,0,0,0,0,0,0,0,0,0,monsoon,0,0,1,0,0,0,76695.0,65131.0,62540.0,74097.71428571429,71392.64285714286,65131.0
2024-08-17,"77,807","38,340",4.02,,,,Outside Line at ATGH.,18 – 24,https://news.tirumala.org/total-pilgrims-who-had-darshan-on-17-08-2024-77807/,ok,2024,8,17,5,Saturday,33,3,230,1,1,0,0,0,-0.9749279121818236,-0.2225209339563146,-0.7277014757264236,-0.6858939875998223,0,0,0,0,0,0,0,,0,0,-2,12,shukla,0,0,0,0,0,1,0,0,0,0,0,0,0,0,0,0,0,monsoon,0,0,1,0,0,0,62625.0,73313.0,75140.0,73739.71428571429,71303.03571428571,73313.0
2024-08-18,"77,807","31,222",4.21,,,,20,8 – 12,https://news.tirumala.org/total-pilgrims-who-had-darshan-on-18-08-2024-77807/,ok,2024,8,18,6,Sunday,33,3,231,1,0,1,0,0,-0.7818314824680299,0.6234898018587334,-0.7393922635959241,-0.673274892250183,0,0,0,0,0,0,0,,0,0,-3,14,shukla,0,0,0,0,0,1,0,0,0,0,0,0,0,0,0,0,0,monsoon,0,0,1,0,0,0,77807.0,86604.0,75356.0,74381.71428571429,71098.35714285714,86604.0
2024-08-19,"71,595","28,981",3.89,,,,22,18,https://news.tirumala.org/total-pilgrims-who-had-darshan-on-19-08-2024-71595/,ok,2024,8,19,0,Monday,34,3,232,0,0,0,0,0,0.0,1.0,-0.7508642533989489,-0.6604565640279754,0,0,0,0,0,0,0,,0,0,-4,15,shukla,0,1,0,0,0,1,0,0,0,0,0,0,0,0,0,0,0,monsoon,0,0,1,0,0,0,77807.0,70728.0,63095.0,73125.0,71164.21428571429,70728.0
2024-08-20,"73,082","27,972",4.46,,,,01,8,https://news.tirumala.org/total-pilgrims-who-had-darshan-on-20-08-2024-73082/,ok,2024,8,20,1,Tuesday,34,3,233,0,0,0,0,0,0.7818314824680298,0.6234898018587336,-0.7621140503891487,-0.6474427960827475,0,0,0,0,0,0,0,,0,0,-5,16,krishna,0,0,0,0,0,1,0,0,0,0,0,0,0,0,0,0,0,monsoon,0,0,1,0,0,0,71595.0,73246.0,66235.0,73248.85714285714,71151.92857142857,73246.0
2024-08-21,"74,957","33,066",4.12,,,,11,12,https://news.tirumala.org/total-pilgrims-who-had-darshan-on-21-08-2024-74957/,ok,2024,8,21,2,Wednesday,34,3,234,0,0,0,0,0,0.9749279121818236,-0.2225209339563143,-0.7731383255706026,-0.6342374393978054,0,0,0,0,0,0,0,,0,0,5,17,krishna,0,0,0,0,0,1,0,0,0,0,0,0,0,0,0,0,0,monsoon,0,0,1,0,0,0,73082.0,72967.0,75109.0,73225.42857142857,71143.0,72967.0
2024-08-22,"63,202","34,057",4.37,,,,Out side Line at TBC,18,https://news.tirumala.org/total-pilgrims-who-had-darshan-on-22-08-2024-63202/,ok,2024,8,22,3,Thursday,34,3,235,0,0,0,0,0,0.4338837391175582,-0.900968867902419,-0.7839338166829201,-0.620844401650647,0,0,0,0,0,0,0,,0,0,4,18,krishna,0,0,0,0,0,1,0,0,0,0,0,0,0,0,0,0,0,monsoon,0,0,1,0,0,0,74957.0,76695.0,63535.0,73509.71428571429,71212.07142857143,76695.0
2024-08-23,"69,098","34,707",3.56,,,,31,18-24,https://news.tirumala.org/total-pilgrims-who-had-darshan-on-23-08-2024-69098/,ok,2024,8,23,4,Friday,34,3,236,0,0,0,0,0,-0.433883739117558,-0.9009688679024191,-0.7944973291665992,-0.6072676460566135,0,0,0,0,0,0,0,,0,0,3,19,krishna,0,0,0,0,0,1,0,0,0,0,0,0,0,0,0,0,0,monsoon,0,0,1,0,0,0,63202.0,62625.0,65131.0,71582.14285714286,71265.75,62625.0
2024-08-24,"79,521","40,152",3.87,,,,Outside line at Bata Gangamma Temple.,24,https://news.tirumala.org/total-pilgrims-who-had-darshan-on-24-08-2024-79521/,ok,2024,8,24,5,Saturday,34,3,237,1,1,0,0,0,-0.9749279121818236,-0.2225209339563146,-0.8048257371083452,-0.593511190196115,0,0,0,0,0,0,0,,1,0,2,20,krishna,0,0,0,0,0,1,0,0,0,0,0,0,0,0,0,0,0,monsoon,0,0,1,0,0,0,69098.0,77807.0,73313.0,72506.85714285714,71377.10714285714,77807.0
2024-08-25,"84,060","34,985",4.01,,,,Outside line at TBC.,18,https://news.tirumala.org/total-pilgrims-who-had-darshan-on-25-08-2024-84060/,ok,2024,8,25,6,Sunday,34,3,238,1,0,1,0,0,-0.7818314824680299,0.6234898018587334,-0.8149159841660791,-0.5795791048257612,0,0,0,0,0,0,0,,1,0,1,22,krishna,0,0,0,0,0,1,0,0,0,0,0,0,0,0,0,0,0,monsoon,0,0,1,0,0,0,79521.0,77807.0,86604.0,72751.71428571429,71210.96428571429,77807.0
2024-08-26,"76,910","30,320",4.26,,,,31,18 -20,https://news.tirumala.org/total-pilgrims-who-had-darshan-on-26-08-2024-76910/,ok,2024,8,26,0,Monday,35,3,239,0,0,0,0,0,0.0,1.0,-0.8247650844733614,-0.5654755126737576,1,1,1,1,1,1,1,Janmashtami (Vaishnava),1,0,0,23,krishna,0,0,0,0,0,1,0,0,0,0,0,0,0,0,0,0,0,monsoon,0,0,1,0,0,0,84060.0,71595.0,70728.0,73645.0,71380.0,71595.0
2024-08-27,"71,153","25,863",4.32,,,,14,8 -12,https://news.tirumala.org/total-pilgrims-who-had-darshan-on-27-08-2024-71153/,ok,2024,8,27,1,Tuesday,35,3,240,0,0,0,0,0,0.7818314824680298,0.6234898018587336,-0.8343701235229538,-0.5512045872199277,0,0,0,0,0,0,0,,0,0,-1,24,krishna,0,0,0,0,0,1,0,0,0,0,0,0,0,0,0,0,0,monsoon,0,0,1,0,0,0,76910.0,73082.0,73246.0,74404.28571428571,71774.14285714286,73082.0
2024-08-28,"76,772","30,293",3.82,,,,19,18,https://news.tirumala.org/total-pilgrims-who-had-darshan-on-28-08-2024-76772/,ok,2024,8,28,2,Wednesday,35,3,241,0,0,0,0,0,0.9749279121818236,-0.2225209339563143,-0.8437282590292712,-0.5367705514607103,0,0,0,0,0,0,0,,0,0,-2,25,krishna,0,0,0,0,0,1,0,0,0,0,0,0,0,0,0,0,0,monsoon,0,0,1,0,0,0,71153.0,74957.0,72967.0,74128.71428571429,71817.57142857143,74957.0
2024-08-29,"62,529","29,730",4.51,,,,Outside line at TBC,18,https://news.tirumala.org/total-pilgrims-who-had-darshan-on-29-08-2024-62529/,ok,2024,8,29,3,Thursday,35,3,242,0,0,0,0,0,0.4338837391175582,-0.900968867902419,-0.8528367217694595,-0.522177676659508,0,0,0,0,0,0,0,,0,0,-3,26,krishna,1,0,0,0,0,1,0,0,0,0,0,0,0,0,0,0,0,monsoon,0,0,1,0,0,0,76772.0,63202.0,76695.0,74388.0,72133.85714285714,63202.0
2024-08-30,"65,080","27,394",3.8,,,,17,12,https://news.tirumala.org/total-pilgrims-who-had-darshan-on-30-08-2024-65080/,ok,2024,8,30,4,Friday,35,3,243,0,0,0,0,0,-0.433883739117558,-0.9009688679024191,-0.8616928164028522,-0.5074302810827518,0,0,0,0,0,0,0,,0,0,-4,27,krishna,0,0,0,0,0,1,0,0,0,0,0,0,0,0,0,0,0,monsoon,0,0,1,0,0,0,62529.0,69098.0,62625.0,74291.85714285714,72171.85714285714,69098.0
2024-08-31,"81,207","31,414",4.53,,,,05,8,https://news.tirumala.org/total-pilgrims-who-had-darshan-on-31-08-2024-81207/,ok,2024,8,31,5,Saturday,35,3,244,1,1,0,0,1,-0.9749279121818236,-0.2225209339563146,-0.8702939222685674,-0.4925327287220543,0,0,0,0,0,0,0,,0,0,-5,28,krishna,0,0,0,0,0,1,0,0,0,0,0,0,0,0,0,0,0,monsoon,0,0,1,0,0,0,65080.0,79521.0,77807.0,73717.85714285714,72262.57142857143,79521.0
2024-09-01,"74,498","25,355",4.06,,,,Present Direct Line.,6,https://news.tirumala.org/total-pilgrims-who-had-darshan-on-01-09-2024-74498/,ok,2024,9,1,6,Sunday,35,3,245,1,0,1,1,0,-0.7818314824680299,0.6234898018587334,-0.8786374941610001,-0.4774894280028391,0,0,0,0,0,0,0,,0,0,-6,29,krishna,0,0,0,0,0,1,0,0,0,0,0,0,0,0,0,0,0,monsoon,0,0,1,0,0,1,81207.0,84060.0,77807.0,73958.71428571429,72479.25,84060.0
2024-09-02,"63,936","18,697",4.55,,,,Present Direct Line.,6,https://news.tirumala.org/total-pilgrims-who-had-darshan-on-02-09-2024-63936/,ok,2024,9,2,0,Monday,36,3,246,0,0,0,0,0,0.0,1.0,-0.886721063082993,-0.4623048304798108,0,0,0,0,0,0,0,,0,0,-7,30,krishna,0,0,1,0,0,1,0,0,0,0,0,0,0,0,0,0,0,monsoon,0,0,1,0,0,1,74498.0,76910.0,71595.0,72592.71428571429,72448.60714285714,76910.0
2024-09-03,"57,817","17,592",3.53,,,,Present Direct Line.,6,https://news.tirumala.org/total-pilgrims-who-had-darshan-on-03-09-2024-57817/,ok,2024,9,3,1,Tuesday,36,3,247,0,0,0,0,0,0.7818314824680298,0.6234898018587336,-0.8945422369764496,-0.4469834295196741,0,0,0,0,0,0,0,,0,0,-8,30,krishna,0,0,1,0,0,1,0,0,0,0,0,0,0,0,0,0,0,monsoon,0,0,1,0,0,1,63936.0,71153.0,73082.0,70739.28571428571,72478.64285714286,71153.0
2024-09-04,"57,390","20,628",3.45,,,,05,8,https://news.tirumala.org/total-pilgrims-who-had-darshan-on-04-09-2024-57390/,ok,2024,9,4,2,Wednesday,36,3,248,0,0,0,0,0,0.9749279121818236,-0.2225209339563143,-0.9020987014301836,-0.4315297589714714,0,0,0,0,0,0,0,,0,0,-9,1,shukla,0,0,0,0,0,1,0,0,0,0,0,0,0,0,0,0,0,monsoon,0,0,1,0,0,1,57817.0,76772.0,74957.0,68834.14285714286,72178.0,76772.0
2024-09-05,"61,142","21,525",3.2,,,,08,6-8,https://news.tirumala.org/total-pilgrims-who-had-darshan-on-05-09-2024-61142/,ok,2024,9,5,3,Thursday,36,3,249,0,0,0,0,0,0.4338837391175582,-0.900968867902419,-0.9093882203647924,-0.4159483918249421,0,0,0,0,0,0,0,,0,0,-10,2,shukla,0,0,0,0,0,1,0,0,0,0,0,0,0,0,0,0,0,monsoon,0,0,1,0,0,1,57390.0,62529.0,63202.0,66065.28571428571,71545.17857142857,62529.0
2024-09-06,"58,100","20,817",3.39,,,,Present Direct Line,6,https://news.tirumala.org/total-pilgrims-who-had-darshan-on-06-09-2024-58100/,ok,2024,9,6,4,Friday,36,3,250,0,0,0,0,0,-0.433883739117558,-0.9009688679024191,-0.9164086366943458,-0.4002439388573056,0,0,0,0,0,0,0,,0,0,10,3,shukla,0,0,0,0,0,1,0,0,0,0,0,0,0,0,0,0,0,monsoon,0,0,1,0,0,1,61142.0,65080.0,69098.0,65867.14285714286,71459.71428571429,65080.0
2024-09-07,"83,960","32,342",,,,,20,8,https://news.tirumala.org/total-pilgrims-who-had-darshan-on-07-09-2024-83960/,ok,2024,9,7,5,Saturday,36,3,251,1,1,0,0,0,-0.9749279121818236,-0.2225209339563146,-0.923157872964704,-0.3844210472688554,0,0,0,0,0,0,0,,0,0,9,4,shukla,0,0,0,0,0,1,0,0,0,0,0,0,0,0,0,0,0,monsoon,0,0,1,0,0,1,58100.0,81207.0,79521.0,64870.0,71208.60714285714,81207.0
2024-09-08,"81,178","25,643",3.25,,,,Present Direct Line.,6,https://news.tirumala.org/total-pilgrims-who-had-darshan-on-08-09-2024-81178/,ok,2024,9,8,6,Sunday,36,3,252,1,0,1,0,0,-0.7818314824680299,0.6234898018587334,-0.9296339319682696,-0.3684843993077793,0,0,0,0,0,0,0,,0,0,8,5,shukla,0,0,0,0,0,1,0,0,0,0,0,0,0,0,0,0,0,monsoon,0,0,1,0,0,1,83960.0,74498.0,84060.0,65263.28571428572,71588.85714285714,74498.0
2024-09-09,"67,030","23,476",3.6,,,,Present Direct Line.,6,https://news.tirumala.org/total-pilgrims-who-had-darshan-on-09-09-2024-67030/,ok,2024,9,9,0,Monday,37,3,253,0,0,0,0,0,0.0,1.0,-0.935834897334994,-0.3524387108846032,0,0,0,0,0,0,0,,0,0,7,6,shukla,0,0,0,0,0,1,0,0,0,0,0,0,0,0,0,0,0,monsoon,0,0,1,0,0,1,81178.0,63936.0,76910.0,66217.57142857143,71395.07142857143,63936.0
2024-09-10,"62,380","21,405",3.95,,,,Present Direct Line.,6,https://news.tirumala.org/total-pilgrims-who-had-darshan-on-10-09-2024-62380/,ok,2024,9,10,1,Tuesday,37,3,254,0,0,0,0,0,0.7818314824680298,0.6234898018587336,-0.9417589340994617,-0.3362887301766828,0,0,0,0,0,0,0,,0,0,6,7,shukla,0,0,0,0,0,1,0,0,0,0,0,0,0,0,0,0,0,monsoon,0,0,1,0,0,1,67030.0,57817.0,71153.0,66659.57142857143,71263.0,57817.0
2024-09-11,"67,668","23,157",3.56,,,,04,8,https://news.tirumala.org/total-pilgrims-who-had-darshan-on-11-09-2024-67668/,ok,2024,9,11,2,Wednesday,37,3,255,0,0,0,0,0,0.9749279121818236,-0.2225209339563143,-0.9474042892438844,-0.3200392362231385,0,0,0,0,0,0,0,,0,0,5,8,shukla,0,0,0,0,0,1,0,0,0,0,0,0,0,0,0,0,0,monsoon,0,0,1,0,0,1,62380.0,57390.0,76772.0,67311.42857142857,70874.92857142857,57390.0
2024-09-12,"63,544","22,942",3.37,,,,09,8,https://news.tirumala.org/total-pilgrims-who-had-darshan-on-12-09-2024-63544/,ok,2024,9,12,3,Thursday,37,3,256,0,0,0,0,0,0.4338837391175582,-0.900968867902419,-0.9527692922168512,-0.3036950375106588,0,0,0,0,0,0,0,,0,0,4,9,shukla,0,0,0,0,0,1,0,0,0,0,0,0,0,0,0,0,0,monsoon,0,0,1,0,0,1,67668.0,61142.0,62529.0,68779.71428571429,70685.67857142857,61142.0
2024-09-13,"60,694","27,350",3.78,,,,13,12,https://news.tirumala.org/total-pilgrims-who-had-darshan-on-13-09-2024-60694/,ok,2024,9,13,4,Friday,37,3,257,0,0,0,0,0,-0.433883739117558,-0.9009688679024191,-0.9578523554276668,-0.2872609705505963,0,0,0,0,0,0,0,,0,0,3,10,shukla,0,0,0,0,0,1,0,0,0,0,0,0,0,0,0,0,0,monsoon,0,0,1,0,0,1,63544.0,58100.0,65080.0,69122.85714285714,70216.0,58100.0
2024-09-14,"80,735","40,524",3.19,,,,Outside line at Krishna Teja Guest House.,24,https://news.tirumala.org/total-pilgrims-who-had-darshan-on-14-09-2024-80735/,ok,2024,9,14,5,Saturday,37,3,258,1,1,0,0,0,-0.9749279121818236,-0.2225209339563146,-0.9626519747161488,-0.2707418984477642,0,0,0,0,0,0,0,,1,0,2,11,shukla,1,0,0,0,0,1,0,0,0,0,0,0,0,0,0,0,0,monsoon,0,0,1,0,0,1,60694.0,83960.0,81207.0,69493.42857142857,70147.03571428571,83960.0
2024-09-15,"85,626","33,138",4.13,,,,Outside line at TBC.,18 – 24,https://news.tirumala.org/total-pilgrims-who-had-darshan-on-15-09-2024-85626/,ok,2024,9,15,6,Sunday,37,3,259,1,0,1,0,0,-0.7818314824680299,0.6234898018587334,-0.9671667297977312,-0.2541427094613622,0,0,0,0,0,1,1,,1,0,1,12,shukla,0,0,0,0,0,1,0,0,0,0,0,0,0,0,0,0,0,monsoon,0,0,1,0,0,1,80735.0,81178.0,74498.0,69032.71428571429,70251.60714285714,81178.0
2024-09-16,"76,200","29,492",4.61,,,,Outside line at Krishna Teja Guest House.,24,https://news.tirumala.org/total-pilgrims-who-had-darshan-on-16-09-2024-76200/,ok,2024,9,16,0,Monday,38,3,260,0,0,0,0,0,0.0,1.0,-0.97139528468375,-0.2374683155584684,1,1,1,1,1,1,1,Prophet's Birthday,1,0,0,13,shukla,0,0,0,0,0,1,0,0,0,0,0,0,0,0,0,0,0,monsoon,0,0,1,0,0,1,85626.0,67030.0,63936.0,69668.14285714286,70530.85714285714,67030.0
2024-09-17,"72,072","30,384",4.16,,,,Outside line at Krishna Teja Guest House.,24,https://news.tirumala.org/total-pilgrims-who-had-darshan-on-17-09-2024-72072/,ok,2024,9,17,1,Tuesday,38,3,261,0,0,0,0,0,0.7818314824680298,0.6234898018587336,-0.9753363880767836,-0.2207236509605022,0,0,0,0,0,0,0,,0,0,-1,14,shukla,0,0,0,0,0,0,0,0,0,0,0,0,0,0,0,0,0,monsoon,0,0,1,0,0,1,76200.0,62380.0,57817.0,70978.14285714286,70695.32142857143,62380.0
2024-09-18,"78,690","26,086",4.18,,,,31,18,https://news.tirumala.org/total-pilgrims-who-had-darshan-on-18-09-2024-78690/,ok,2024,9,18,2,Wednesday,38,3,262,0,0,0,0,0,0.9749279121818236,-0.2225209339563143,-0.978988873740932,-0.2039136706831147,0,0,0,0,0,0,0,,0,0,-2,15,shukla,0,1,0,0,0,0,0,0,0,0,0,0,0,0,0,0,0,monsoon,0,0,1,0,0,1,72072.0,67668.0,57390.0,72362.71428571429,70659.25,67668.0
2024-09-19,"68,835","25,883",4.96,,,,Outside line at Krishna Teja Guest House.,24,https://news.tirumala.org/total-pilgrims-who-had-darshan-on-19-09-2024-68835/,ok,2024,9,19,3,Thursday,38,3,263,0,0,0,0,0,0.4338837391175582,-0.900968867902419,-0.9823516608469236,-0.1870433490699165,0,0,0,0,0,0,0,,0,0,-3,17,krishna,0,0,0,0,0,0,0,0,0,0,0,0,0,0,0,0,0,monsoon,0,0,1,0,0,1,78690.0,63544.0,61142.0,73937.28571428571,70792.57142857143,63544.0
2024-09-20,"73,104","28,330",3.25,,,,16,18,https://news.tirumala.org/total-pilgrims-who-had-darshan-on-20-09-2024-73104/,ok,2024,9,20,4,Friday,38,3,264,0,0,0,0,0,-0.433883739117558,-0.9009688679024191,-0.9854237542919524,-0.1701176783204905,0,0,0,0,0,0,0,,0,0,-4,18,krishna,0,0,0,0,0,0,0,0,0,0,0,0,0,0,0,0,0,monsoon,0,0,1,0,0,1,68835.0,60694.0,58100.0,74693.14285714286,70993.75,60694.0
2024-09-21,"82,406","31,151",3.68,,,,25,8,https://news.tirumala.org/total-pilgrims-who-had-darshan-on-21-09-2024-82406/,ok,2024,9,21,5,Saturday,38,3,265,1,1,0,0,0,-0.9749279121818236,-0.2225209339563146,-0.9882042449941422,-0.15314166701312,0,0,0,0,0,0,0,,0,0,-5,19,krishna,0,0,0,1,0,0,0,0,0,0,0,0,0,0,0,0,0,monsoon,0,0,1,0,0,1,73104.0,80735.0,83960.0,76466.0,71136.82142857143,80735.0
2024-09-22,"82,646","25,437",4.57,,,,Present Direct Line.,6,https://news.tirumala.org/total-pilgrims-who-had-darshan-on-22-09-2024-82646/,ok,2024,9,22,6,Sunday,38,3,266,1,0,1,0,0,-0.7818314824680299,0.6234898018587334,-0.9906923101615608,-0.136120338622667,0,0,0,0,0,0,0,,0,0,-6,20,krishna,0,0,0,0,0,0,0,0,0,0,0,0,0,0,0,0,0,monsoon,0,0,1,0,0,1,82406.0,85626.0,81178.0,76704.71428571429,71239.85714285714,85626.0
2024-09-23,"65,604","24,266",3.85,,,,01,6,https://news.tirumala.org/total-pilgrims-who-had-darshan-on-23-09-2024-65604/,ok,2024,9,23,0,Monday,39,3,267,0,0,0,0,0,0.0,1.0,-0.9928872135356962,-0.1190587300340498,0,0,0,0,0,0,0,,0,0,-7,21,krishna,0,0,0,0,0,0,0,0,0,0,0,0,0,0,0,0,0,monsoon,0,0,1,0,0,1,82646.0,76200.0,67030.0,76279.0,71189.35714285714,76200.0
2024-09-24,"77,939","22,668",3.5,,,,06,8,https://news.tirumala.org/total-pilgrims-who-had-darshan-on-24-09-2024-77939/,ok,2024,9,24,1,Tuesday,39,3,268,0,0,0,0,0,0.7818314824680298,0.6234898018587336,-0.994788305609327,-0.1019618900517457,0,0,0,0,0,0,0,,0,0,-8,22,krishna,0,0,0,0,0,0,0,0,0,0,0,0,0,0,1,0,0,monsoon,0,0,1,0,0,1,65604.0,72072.0,62380.0,74765.28571428571,70785.57142857143,72072.0
2024-09-25,"61,328","22,033",3.84,,,,17,10,https://news.tirumala.org/total-pilgrims-who-had-darshan-on-25-09-2024-61328/,ok,2024,9,25,2,Wednesday,39,3,269,0,0,0,0,0,0.9749279121818236,-0.2225209339563143,-0.9963950238187232,-0.0848348779057653,0,0,0,0,0,0,0,,0,0,7,23,krishna,0,0,0,0,0,0,0,0,0,0,0,0,0,0,1,0,0,monsoon,0,0,1,0,0,1,77939.0,78690.0,67668.0,75603.42857142857,71027.92857142857,78690.0
2024-09-26,,,,,,,,,,not_found,2024,9,26,3,Thursday,39,3,270,0,0,0,0,0,0.4338837391175582,-0.900968867902419,-0.9977068927101168,-0.0676827617545516,0,0,0,0,0,0,0,,0,0,6,24,krishna,0,0,0,0,0,0,0,0,0,0,0,0,0,0,1,0,0,monsoon,0,0,1,0,0,1,61328.0,68835.0,63544.0,73123.14285714286,70476.35714285714,68835.0
2024-09-27,"64,158","24,938",3.31,,,,12,8,https://news.tirumala.org/total-pilgrims-who-had-darshan-on-27-09-2024-64158/,ok,2024,9,27,4,Friday,39,3,271,0,0,0,0,0,-0.433883739117558,-0.9009688679024191,-0.9987235240803972,-0.0505106171852228,0,0,0,0,0,0,0,,0,0,5,25,krishna,0,0,0,0,0,0,0,0,0,0,0,0,0,0,1,0,0,monsoon,0,0,1,0,0,1,,73104.0,60694.0,73837.83333333333,70770.70370370371,73104.0
2024-09-28,"71,133","35,502",3.28,,,,Outside line at Krishna Teja Guest House.,24,https://news.tirumala.org/total-pilgrims-who-had-darshan-on-28-09-2024-71133/,ok,2024,9,28,5,Saturday,39,3,272,1,1,0,0,0,-0.9749279121818236,-0.2225209339563146,-0.9994446170919858,-0.0333235257116313,0,0,0,0,0,0,0,,0,0,4,26,krishna,1,0,0,1,0,0,0,0,0,0,0,0,0,0,1,0,0,monsoon,0,0,1,0,0,1,64158.0,82406.0,80735.0,72346.83333333333,70736.55555555556,82406.0
2024-09-29,"84,066","29,044",4.02,,,,Outside line at ATC.,18,https://news.tirumala.org/total-pilgrims-who-had-darshan-on-29-09-2024-84066/,ok,2024,9,29,6,Sunday,39,3,273,1,0,1,0,0,-0.7818314824680299,0.6234898018587334,-0.9998699583618592,-0.0161265732706577,0,0,0,0,0,0,0,,0,0,3,27,krishna,0,0,0,0,0,0,0,0,0,0,0,0,0,0,1,0,0,monsoon,0,0,1,0,0,1,71133.0,82646.0,85626.0,70468.0,70363.44444444444,82646.0
2024-09-30,"66,986","26,163",5.05,,,,Outside line at TBC,18,https://news.tirumala.org/total-pilgrims-who-had-darshan-on-30-09-2024-66986/,ok,2024,9,30,0,Monday,40,3,274,0,0,0,0,1,0.0,1.0,-0.9999994220246924,0.0010751512827982,0,0,0,0,0,0,0,,0,0,2,28,krishna,0,0,0,0,0,0,0,0,0,0,0,0,0,0,1,0,0,monsoon,0,0,1,0,0,1,84066.0,65604.0,76200.0,70704.66666666667,70717.81481481482,65604.0
2024-10-01,"69,300","21,884",4.23,,,,16,12,https://news.tirumala.org/total-pilgrims-who-had-darshan-on-01-10-2024-69300/,ok,2024,10,1,1,Tuesday,40,4,275,0,0,0,1,0,0.7818314824680298,0.6234898018587336,-0.999832969770105,0.0182765576816912,0,0,0,0,0,0,0,,0,0,1,29,krishna,0,0,0,0,0,0,0,0,0,0,0,0,0,0,1,0,0,post_monsoon,0,0,0,1,0,1,66986.0,77939.0,72072.0,70935.0,70830.77777777778,77939.0
2024-10-02,"80,613","24,403",2.92,,,,31,12,https://news.tirumala.org/total-pilgrims-who-had-darshan-on-02-10-2024-80613/,ok,2024,10,2,2,Wednesday,40,4,276,0,0,0,0,0,0.9749279121818236,-0.2225209339563143,-0.9993706508539968,0.0354725557531255,1,1,1,1,1,1,1,Mahatma Gandhi's Birthday,0,0,0,30,krishna,0,0,1,0,0,0,0,0,0,0,0,0,0,0,1,0,0,post_monsoon,0,0,0,1,0,1,69300.0,61328.0,78690.0,69495.16666666667,71256.07407407407,61328.0
2024-10-03,"63,376","25,146",3.56,,,,12,12-18,https://news.tirumala.org/total-pilgrims-who-had-darshan-on-03-10-2024-63376/,ok,2024,10,3,3,Thursday,40,4,277,0,0,0,0,0,0.4338837391175582,-0.900968867902419,-0.9986126020839734,0.052658056924614,0,0,0,0,0,0,0,,0,0,-1,1,shukla,0,0,0,0,0,0,0,0,0,0,1,0,0,0,0,0,0,post_monsoon,0,0,0,1,0,1,80613.0,,68835.0,72709.33333333333,72116.18518518518,
2024-10-04,"54,866","28,657",2.6,,,,Out side line at ATGH,18,https://news.tirumala.org/total-pilgrims-who-had-darshan-on-04-10-2024-54866/,ok,2024,10,4,4,Friday,40,4,278,0,0,0,0,0,-0.433883739117558,-0.9009688679024191,-0.9975590477788612,0.0698279757298708,0,0,0,0,0,0,0,,0,0,-2,2,shukla,0,0,0,0,0,0,0,0,0,0,1,0,0,0,0,0,0,post_monsoon,0,0,0,1,0,1,63376.0,64158.0,73104.0,71376.0,72198.92592592593,64158.0
2024-10-05,"75,552","35,885",2.54,,,,Outside line at Bata Gangamma Temple.,24,https://news.tirumala.org/total-pilgrims-who-had-darshan-on-05-10-2024-75552/,ok,2024,10,5,5,Saturday,40,4,279,1,1,0,0,0,-0.9749279121818236,-0.2225209339563146,-0.9962102997023295,0.0869772313136861,0,0,0,0,0,0,0,,0,0,-3,3,shukla,0,0,0,1,0,0,0,0,0,0,1,0,0,0,0,0,0,post_monsoon,0,0,0,1,0,1,54866.0,71133.0,82406.0,70048.57142857143,72079.14814814815,71133.0
2024-10-06,"86,859","37,173",3.63,,,,Outside line at Krishna Teja Guest house.,24,https://news.tirumala.org/total-pilgrims-who-had-darshan-on-06-10-2024-86859/,ok,2024,10,6,6,Sunday,40,4,280,1,0,1,0,0,-0.7818314824680299,0.6234898018587334,-0.9945667569706336,0.1041007489354256,0,0,0,0,0,0,0,,0,0,-4,3,shukla,0,0,0,0,0,0,0,0,0,0,1,0,0,0,0,0,0,post_monsoon,0,0,0,1,0,1,75552.0,84066.0,82646.0,70679.85714285714,71767.74074074074,84066.0
2024-10-07,"81,481","38,762",3.31,,,,Out side line at Vakulamatha Rest house.,18 – 24,https://news.tirumala.org/total-pilgrims-who-had-darshan-on-07-10-2024-81481/,ok,2024,10,7,0,Monday,41,4,281,0,0,0,0,0,0.0,1.0,-0.9926289059345096,0.121193461470736,0,0,0,0,0,0,0,,0,0,-5,4,shukla,0,0,0,0,0,0,0,0,0,0,1,0,0,0,0,0,0,post_monsoon,0,0,0,1,0,1,86859.0,66986.0,65604.0,71078.85714285714,71978.14814814815,66986.0
2024-10-08,"82,043","30,100",4.1,,,,Out side line at TBC.,18 – 20,https://news.tirumala.org/total-pilgrims-who-had-darshan-on-08-10-2024-82043/,ok,2024,10,8,1,Tuesday,41,4,282,0,0,0,0,0,0.7818314824680298,0.6234898018587336,-0.9903973200352558,0.1382503109109819,0,0,0,0,0,0,0,,0,0,4,5,shukla,0,0,0,0,0,0,0,0,0,0,1,1,0,0,0,0,0,post_monsoon,0,0,0,1,0,1,81481.0,69300.0,77939.0,73149.57142857143,72513.37037037036,69300.0
2024-10-09,"79,753","29,623",3.48,,,,31,8,https://news.tirumala.org/total-pilgrims-who-had-darshan-on-09-10-2024-79753/,ok,2024,10,9,2,Wednesday,41,4,283,0,0,0,0,0,0.9749279121818236,-0.2225209339563143,-0.9878726596350428,0.1552662498599956,0,0,0,0,0,0,0,,0,0,3,6,shukla,0,0,0,0,0,0,0,0,0,0,1,0,0,0,0,0,0,post_monsoon,0,0,0,1,0,1,82043.0,80613.0,61328.0,74970.0,73241.62962962964,80613.0
2024-10-10,"60,775","25,288",3.88,,,,26,12,https://news.tirumala.org/total-pilgrims-who-had-darshan-on-10-10-2024-60775/,ok,2024,10,10,3,Thursday,41,4,284,0,0,0,0,0,0.4338837391175582,-0.900968867902419,-0.9850556718215012,0.172236243027682,0,0,0,0,0,0,0,,0,0,2,7,shukla,0,0,0,0,0,0,0,0,0,0,1,0,0,0,0,0,0,post_monsoon,0,0,0,1,0,1,79753.0,63376.0,,74847.14285714286,73689.22222222222,63376.0
2024-10-11,"71,443","26,948",2.52,,,,12,10-12,https://news.tirumala.org/total-pilgrims-who-had-darshan-on-11-10-2024-71443/,ok,2024,10,11,4,Friday,41,4,285,0,0,0,0,0,-0.433883739117558,-0.9009688679024191,-0.981947190186646,0.1891552687200409,0,0,0,0,0,0,0,,0,0,1,8,shukla,0,0,0,0,0,0,0,0,0,0,1,0,0,0,0,0,0,post_monsoon,0,0,0,1,0,1,60775.0,54866.0,64158.0,74475.57142857143,73586.66666666667,54866.0
2024-10-12,"73,684","36,482",2.72,,,,Outside line at Bata Gangamma Temple.,24,https://news.tirumala.org/total-pilgrims-who-had-darshan-on-12-10-2024-73684/,ok,2024,10,12,5,Saturday,41,4,286,1,1,0,0,0,-0.9749279121818236,-0.2225209339563146,-0.9785481345802032,0.2060183203251708,1,1,1,1,1,1,1,Dussehra,0,0,0,9,shukla,0,0,0,1,0,0,0,0,0,0,1,0,0,0,0,0,0,post_monsoon,0,0,0,1,0,1,71443.0,75552.0,71133.0,76843.71428571429,73984.77777777778,75552.0
2024-10-13,"86,900","28,739",2.56,,,,20,12,https://news.tirumala.org/total-pilgrims-who-had-darshan-on-13-10-2024-86900/,ok,2024,10,13,6,Sunday,41,4,287,1,0,1,0,0,-0.7818314824680299,0.6234898018587334,-0.9748595108374124,0.2228204077947995,0,0,0,0,0,0,0,,0,0,-1,10,shukla,0,0,0,0,0,0,0,0,0,0,0,0,0,0,0,0,0,post_monsoon,0,0,0,1,0,1,73684.0,86859.0,84066.0,76576.85714285714,73723.62962962964,86859.0
2024-10-14,"75,361","28,850",3.91,,,,Outside line at ATC.,18 – 20,https://news.tirumala.org/total-pilgrims-who-had-darshan-on-14-10-2024-75361/,ok,2024,10,14,0,Monday,42,4,288,0,0,0,0,0,0.0,1.0,-0.9708824104813836,0.239556559120927,0,0,0,0,0,0,0,,0,0,-2,11,shukla,1,0,0,0,0,0,0,0,0,0,0,0,0,0,0,0,0,post_monsoon,0,0,0,1,0,1,86900.0,81481.0,66986.0,76582.71428571429,73770.81481481482,81481.0
2024-10-15,"73,891","24,423",3.53,,,,15,18,https://news.tirumala.org/total-pilgrims-who-had-darshan-on-15-10-2024-73891/,ok,2024,10,15,1,Tuesday,42,4,289,0,0,0,0,0,0.7818314824680298,0.6234898018587336,-0.9666180104000972,0.2562218218071163,0,0,0,0,0,0,0,,0,0,-3,13,shukla,0,0,0,0,0,0,0,0,0,0,0,0,0,0,0,0,0,post_monsoon,0,0,0,1,0,1,75361.0,82043.0,69300.0,75708.42857142857,73739.74074074074,82043.0
2024-10-16,"75,371","24,065",4.21,,,,08,8,https://news.tirumala.org/total-pilgrims-who-had-darshan-on-16-10-2024-75371/,ok,2024,10,16,2,Wednesday,42,4,290,0,0,0,0,0,0.9749279121818236,-0.2225209339563143,-0.9620675724981452,0.2728112643340191,0,0,0,0,0,0,0,,0,0,-4,14,shukla,0,0,0,0,0,0,0,0,0,0,0,0,0,0,0,0,0,post_monsoon,0,0,0,1,0,1,73891.0,79753.0,80613.0,74543.85714285714,73807.11111111111,79753.0
2024-10-17,"58,637","21,956",3.69,,,,26,12-15,https://news.tirumala.org/total-pilgrims-who-had-darshan-on-17-10-2024-58637/,ok,2024,10,17,3,Thursday,42,4,291,0,0,0,0,0,0.4338837391175582,-0.900968867902419,-0.957232443323312,0.2893199776186952,0,0,0,0,0,0,0,,0,0,-5,15,shukla,0,1,0,0,0,0,0,0,0,0,0,0,0,0,0,0,0,post_monsoon,0,0,0,1,0,1,75371.0,60775.0,63376.0,73917.85714285714,73684.18518518518,60775.0
2024-10-18,"61,576","23,412",3.54,,,,08,8,https://news.tirumala.org/total-pilgrims-who-had-darshan-on-18-10-2024-61576/,ok,2024,10,18,4,Friday,42,4,292,0,0,0,0,0,-0.433883739117558,-0.9009688679024191,-0.9521140536681102,0.3057430764672831,0,0,0,0,0,0,0,,0,0,-6,16,krishna,0,0,0,0,0,0,0,0,0,0,0,0,0,0,0,0,0,post_monsoon,0,0,0,1,0,1,58637.0,71443.0,54866.0,73612.42857142857,73306.48148148147,71443.0
2024-10-19,"80,741","31,581",3.45,,,,05,6-8,https://news.tirumala.org/total-pilgrims-who-had-darshan-on-19-10-2024-80741/,ok,2024,10,19,5,Saturday,42,4,293,1,1,0,0,0,-0.9749279121818236,-0.2225209339563146,-0.9467139181463862,0.3220757010206104,0,0,0,0,0,0,0,,0,0,-7,17,krishna,0,0,0,0,0,0,0,0,0,0,0,0,0,0,0,0,0,post_monsoon,0,0,0,1,0,1,61576.0,73684.0,75552.0,72202.85714285714,72879.51851851853,73684.0
2024-10-20,"73,926","23,726",3.87,,,,Present Direct Line.,6,https://news.tirumala.org/total-pilgrims-who-had-darshan-on-20-10-2024-73926/,ok,2024,10,20,6,Sunday,42,4,294,1,0,1,0,0,-0.7818314824680299,0.6234898018587334,-0.9410336347451196,0.3383130181923076,0,0,0,0,0,0,0,,0,0,-8,18,krishna,0,0,0,0,0,0,0,0,0,0,0,0,0,0,0,0,0,post_monsoon,0,0,0,1,0,1,80741.0,86900.0,86859.0,73211.0,72817.85185185185,86900.0
2024-10-21,"64,894","23,355",3.82,,,,02,6,https://news.tirumala.org/total-pilgrims-who-had-darshan-on-21-10-2024-64894/,ok,2024,10,21,0,Monday,43,4,295,0,0,0,0,0,0.0,1.0,-0.9350748843515574,0.3544502230989869,0,0,0,0,0,0,0,,0,0,-9,20,krishna,0,0,0,0,0,0,0,0,0,0,0,0,0,0,0,0,0,post_monsoon,0,0,0,1,0,1,73926.0,75361.0,81481.0,71357.57142857143,72494.88888888889,75361.0
2024-10-22,"64,359","20,711",3.59,,,,Present Direct Line.,6,https://news.tirumala.org/total-pilgrims-who-had-darshan-on-22-10-2024-64359/,ok,2024,10,22,1,Tuesday,43,4,296,0,0,0,0,0,0.7818314824680298,0.6234898018587336,-0.9288394302558068,0.3704825404820963,0,0,0,0,0,0,0,,0,0,9,21,krishna,0,0,0,0,0,0,0,0,0,0,0,0,0,0,0,0,0,post_monsoon,0,0,0,1,0,1,64894.0,73891.0,82043.0,69862.28571428571,72468.5925925926,73891.0
2024-10-23,"64,447","25,555",3.38,,,,07,8,https://news.tirumala.org/total-pilgrims-who-had-darshan-on-23-10-2024-64447/,ok,2024,10,23,2,Wednesday,43,4,297,0,0,0,0,0,0.9749279121818236,-0.2225209339563143,-0.9223291176290545,0.3864052261209853,0,0,0,0,0,0,0,,0,0,8,22,krishna,0,0,0,0,0,0,0,0,0,0,0,0,0,0,0,0,0,post_monsoon,0,0,0,1,0,1,64359.0,75371.0,79753.0,68500.57142857143,71965.62962962964,75371.0
2024-10-24,"61,004","20,173",3.48,,,,09,6,https://news.tirumala.org/total-pilgrims-who-had-darshan-on-24-10-2024-61004/,ok,2024,10,24,3,Thursday,43,4,298,0,0,0,0,0,0.4338837391175582,-0.900968867902419,-0.9155458729775467,0.4022135682368036,0,0,0,0,0,0,0,,0,0,7,23,krishna,0,0,0,0,0,0,0,0,0,0,0,0,0,0,0,0,0,post_monsoon,0,0,0,1,0,1,64447.0,58637.0,60775.0,66940.0,72081.14814814815,58637.0
2024-10-25,"56,501","21,203",3.78,,,,05,6,https://news.tirumala.org/total-pilgrims-who-had-darshan-on-25-10-2024-56501/,ok,2024,10,25,4,Friday,43,4,299,0,0,0,0,0,-0.433883739117558,-0.9009688679024191,-0.9084917035725082,0.4179028888867866,0,0,0,0,0,0,0,,0,0,6,24,krishna,0,0,0,0,0,0,0,0,0,0,0,0,0,0,0,0,0,post_monsoon,0,0,0,1,0,1,61004.0,61576.0,71443.0,67278.14285714286,71685.53571428571,61576.0
2024-10-26,"77,844","27,418",3.27,,,,Present Direct Line.,6-8,https://news.tirumala.org/total-pilgrims-who-had-darshan-on-26-10-2024-77844/,ok,2024,10,26,5,Saturday,43,4,300,1,1,0,0,0,-0.9749279121818236,-0.2225209339563146,-0.9011686968561567,0.4334685453485363,0,0,0,0,0,0,0,,0,0,5,25,krishna,0,0,0,0,0,0,0,0,0,0,0,0,0,0,0,0,0,post_monsoon,0,0,0,1,0,1,56501.0,80741.0,73684.0,66553.14285714286,71412.07142857143,80741.0
2024-10-27,"69,333","22,606",3.53,,,,Present Direct Line.,6,https://news.tirumala.org/total-pilgrims-who-had-darshan-on-27-10-2024-69333/,ok,2024,10,27,6,Sunday,43,4,301,1,0,1,0,0,-0.7818314824680299,0.6234898018587334,-0.8935790198239952,0.4489059314938798,0,0,0,0,0,0,0,,0,0,4,26,krishna,1,0,0,0,0,0,0,0,0,0,0,0,0,0,0,0,0,post_monsoon,0,0,0,1,0,1,77844.0,73926.0,86900.0,66139.28571428571,71651.75,73926.0
2024-10-28,"63,729","20,957",3.85,,,,Present Direct Line.,6,https://news.tirumala.org/total-pilgrims-who-had-darshan-on-28-10-2024-63729/,ok,2024,10,28,0,Monday,44,4,302,0,0,0,0,0,0.0,1.0,-0.8857249183835637,0.4642104791518923,0,0,0,0,0,0,0,,0,0,3,26,krishna,1,0,0,0,0,0,0,0,0,0,0,0,0,0,0,0,0,post_monsoon,0,0,0,1,0,1,69333.0,64894.0,75361.0,65483.142857142855,71125.57142857143,64894.0
2024-10-29,"59,140","16,937",3.31,,,,Present Direct Line.,6,https://news.tirumala.org/total-pilgrims-who-had-darshan-on-29-10-2024-59140/,ok,2024,10,29,1,Tuesday,44,4,303,0,0,0,0,0,0.7818314824680298,0.6234898018587336,-0.8776087166898392,0.4793776594606945,0,0,0,0,0,0,0,,0,0,2,27,krishna,0,0,0,0,0,0,0,0,0,0,0,0,0,0,0,0,0,post_monsoon,0,0,0,1,0,1,63729.0,64359.0,73891.0,65316.71428571428,71009.25,64359.0
2024-10-30,"59,140","16,211",4.37,,,,10,12,https://news.tirumala.org/total-pilgrims-who-had-darshan-on-30-10-2024-59140/,ok,2024,10,30,2,Wednesday,44,4,304,0,0,0,0,0,0.9749279121818236,-0.2225209339563143,-0.8692328164574792,0.4944029842076181,0,0,0,0,0,0,0,,0,0,1,28,krishna,0,0,0,0,0,0,0,0,0,0,0,0,0,0,0,0,0,post_monsoon,0,0,0,1,0,1,59140.0,64447.0,75371.0,64571.142857142855,70646.39285714286,64447.0
2024-10-31,"63,987","20,902",2.66,,,,Outside line at TBC.,18,https://news.tirumala.org/total-pilgrims-who-had-darshan-on-31-10-2024-63987/,ok,2024,10,31,3,Thursday,44,4,305,0,0,0,0,1,0.4338837391175582,-0.900968867902419,-0.8605996962501181,0.5092820071573356,1,1,1,1,1,1,1,Diwali (Deepavali),0,0,0,29,krishna,0,0,0,0,0,0,0,0,0,0,0,0,0,0,0,0,0,post_monsoon,0,0,0,1,0,1,59140.0,61004.0,58637.0,63813.0,69879.5,61004.0
2024-11-01,"67,785","27,753",2.38,,,,Outside line at ATGH.,18-20,https://news.tirumala.org/total-pilgrims-who-had-darshan-on-01-11-2024-67785/,ok,2024,11,1,4,Friday,44,4,306,0,0,0,1,0,-0.433883739117558,-0.9009688679024191,-0.8517119107469189,0.5240103253675756,0,1,0,0,1,1,1,Andhra Pradesh Foundation Day,0,1,-1,30,krishna,0,0,1,0,0,0,0,0,0,0,0,0,0,0,0,0,0,post_monsoon,0,0,0,1,0,1,63987.0,56501.0,61576.0,64239.142857142855,69901.32142857143,56501.0
2024-11-02,"88,076","36,829",3.52,,,,Outside line at Silathoranam.,18-20,https://news.tirumala.org/total-pilgrims-who-had-darshan-on-02-11-2024-88076/,ok,2024,11,2,5,Saturday,44,4,307,1,1,0,0,0,-0.9749279121818236,-0.2225209339563146,-0.8425720899866032,0.5385835804920232,0,0,0,0,0,0,0,,0,0,-2,1,shukla,0,0,0,0,0,0,0,0,0,0,0,0,0,0,0,0,0,post_monsoon,0,0,0,1,0,1,67785.0,77844.0,80741.0,65851.14285714286,70362.71428571429,77844.0
2024-11-03,"84,489","28,871",3.76,,,,26.,8,https://news.tirumala.org/total-pilgrims-who-had-darshan-on-03-11-2024-84489/,ok,2024,11,3,6,Sunday,44,4,308,1,0,1,0,0,-0.7818314824680299,0.6234898018587334,-0.8331829385891785,0.5529974600700271,0,0,0,0,0,0,0,,0,0,-3,2,shukla,0,0,0,0,0,0,0,0,0,0,0,0,0,0,0,0,0,post_monsoon,0,0,0,1,0,1,88076.0,69333.0,73926.0,67312.85714285714,70810.0,69333.0
2024-11-04,"74,651","24,712",4.14,,,,13.,10-12,https://news.tirumala.org/total-pilgrims-who-had-darshan-on-04-11-2024-74651/,ok,2024,11,4,0,Monday,45,4,309,0,0,0,0,0,0.0,1.0,-0.8235472349556007,0.5672476988027229,0,0,0,0,0,0,0,,0,0,-4,3,shukla,0,0,0,0,0,0,0,0,0,0,0,0,0,0,0,0,0,post_monsoon,0,0,0,1,0,1,84489.0,63729.0,64894.0,69478.0,70725.35714285714,63729.0
2024-11-05,"68,146","22,667",4.23,,,,17.,18-20,https://news.tirumala.org/total-pilgrims-who-had-darshan-on-05-11-2024-68146/,ok,2024,11,5,1,Tuesday,45,4,310,0,0,0,0,0,0.7818314824680298,0.6234898018587336,-0.8136678304455991,0.5813300798152042,0,0,0,0,0,0,0,,0,0,-5,4,shukla,0,0,0,0,0,0,0,0,0,0,0,0,0,0,0,0,0,post_monsoon,0,0,0,1,0,1,74651.0,59140.0,64359.0,71038.28571428571,70481.42857142857,59140.0
2024-11-06,"66,163","25,299",3.86,,,,17.,9,https://news.tirumala.org/total-pilgrims-who-had-darshan-on-06-11-2024-66163/,ok,2024,11,6,2,Wednesday,45,4,311,0,0,0,0,0,0.9749279121818236,-0.2225209339563143,-0.8035476485339116,0.5952404359043674,0,0,0,0,0,0,0,,0,0,-6,5,shukla,0,0,0,0,0,0,0,0,0,0,0,0,0,0,0,0,0,post_monsoon,0,0,0,1,0,1,68146.0,59140.0,64447.0,72324.85714285714,69985.10714285714,59140.0
2024-11-07,"52,643","24,527",3.73,,,,Outside line at Gogarbam Dam Circle (Octopus building).,20,https://news.tirumala.org/total-pilgrims-who-had-darshan-on-07-11-2024-66163/,ok,2024,11,7,3,Thursday,45,4,312,0,0,0,0,0,0.4338837391175582,-0.900968867902419,-0.7931896839451843,0.6089746507720486,0,0,0,0,0,0,0,,0,0,-7,6,shukla,0,0,0,0,0,0,0,0,0,0,0,0,0,0,0,0,0,post_monsoon,0,0,0,1,0,1,66163.0,63987.0,61004.0,73328.14285714286,69499.75,63987.0
2024-11-08,"64,983","25,324",3.49,,,,26,20,https://news.tirumala.org/total-pilgrims-who-had-darshan-on-08-11-2024-64983/,ok,2024,11,8,4,Friday,45,4,313,0,0,0,0,0,-0.433883739117558,-0.9009688679024191,-0.7825970017677834,0.6225286602431057,0,0,0,0,0,0,0,,0,0,7,7,shukla,0,0,0,0,0,0,0,0,0,0,0,0,0,0,0,0,0,post_monsoon,0,0,0,1,0,1,52643.0,67785.0,56501.0,71707.57142857143,69209.32142857143,67785.0
2024-11-09,"73,558","32,675",3.79,,,,25,8,https://news.tirumala.org/total-pilgrims-who-had-darshan-on-09-11-2024-73558/,ok,2024,11,9,5,Saturday,45,4,314,1,1,0,0,0,-0.9749279121818236,-0.2225209339563146,-0.7717727365467836,0.6358984534680745,0,0,0,0,0,0,0,,0,0,6,8,shukla,0,0,0,0,0,0,0,0,0,0,0,0,0,0,0,0,0,post_monsoon,0,0,0,1,0,1,64983.0,88076.0,77844.0,71307.28571428571,68978.60714285714,88076.0
2024-11-10,"82,558","26,415",3.45,,,,10,8,https://news.tirumala.org/total-pilgrims-who-had-darshan-on-10-11-2024-82558/,ok,2024,11,10,6,Sunday,45,4,315,1,0,1,0,0,-0.7818314824680299,0.6234898018587334,-0.7607200913564104,0.6490800741100398,0,0,0,0,0,0,0,,0,0,5,9,shukla,0,0,0,0,0,0,0,0,0,0,0,0,0,0,0,0,0,post_monsoon,0,0,0,1,0,1,73558.0,84489.0,69333.0,69233.28571428571,68974.10714285714,84489.0
2024-11-11,"73,917","25,161",,,,,01,6,https://news.tirumala.org/total-pilgrims-who-had-darshan-on-11-11-2024-73917/,ok,2024,11,11,0,Monday,46,4,316,0,0,0,0,0,0.0,1.0,-0.7494423368521954,0.6620696215153815,0,0,0,0,0,0,0,,0,0,4,10,shukla,0,0,0,0,0,0,0,0,0,0,0,0,0,0,0,0,0,post_monsoon,0,0,0,1,0,1,82558.0,74651.0,63729.0,68957.42857142857,68819.03571428571,74651.0
2024-11-12,"61,446","21,374",3.81,,,,23,20,https://news.tirumala.org/total-pilgrims-who-had-darshan-on-12-11-2024-61446/,ok,2024,11,12,1,Tuesday,46,4,317,0,0,0,0,0,0.7818314824680298,0.6234898018587336,-0.7379428103031386,0.6748632518680403,0,0,0,0,0,0,0,,0,0,3,11,shukla,1,0,0,0,0,0,0,0,0,0,0,0,0,0,0,0,0,post_monsoon,0,0,0,1,0,1,73917.0,68146.0,59140.0,68852.57142857143,68767.46428571429,68146.0
2024-11-13,"66,441","20,639",4.12,,,,02,08,https://news.tirumala.org/total-pilgrims-who-had-darshan-on-13-11-2024-66441/,ok,2024,11,13,2,Wednesday,46,4,318,0,0,0,0,0,0.9749279121818236,-0.2225209339563143,-0.7262249146041543,0.6874571793269664,0,0,0,0,0,0,0,,0,0,2,12,shukla,0,0,0,0,0,0,0,0,0,0,0,0,0,0,0,0,0,post_monsoon,0,0,0,1,0,1,61446.0,66163.0,59140.0,67895.42857142857,68323.0,66163.0
2024-11-14,"56,711","19,775",3.64,,,,19,12,https://news.tirumala.org/total-pilgrims-who-had-darshan-on-14-11-2024-56711/,ok,2024,11,14,3,Thursday,46,4,319,0,0,0,0,0,0.4338837391175582,-0.900968867902419,-0.7142921172691032,0.699847677146407,0,0,0,0,0,0,0,,0,0,1,13,shukla,0,0,0,0,0,0,0,0,0,0,0,0,0,0,0,0,0,post_monsoon,0,0,0,1,0,1,66441.0,52643.0,63987.0,67935.14285714286,68004.07142857143,52643.0
2024-11-15,"61,613","20,291",3.12,,,,Present Direct line,8,https://news.tirumala.org/total-pilgrims-who-had-darshan-on-15-11-2024-61613/,ok,2024,11,15,4,Friday,46,4,320,0,0,0,0,0,-0.433883739117558,-0.9009688679024191,-0.7021479494046978,0.7120310787787131,1,1,1,1,1,1,1,Guru Nanak's Birthday,1,0,0,14,shukla,0,0,0,0,0,0,0,0,0,0,0,0,0,0,0,0,0,post_monsoon,0,0,0,1,0,1,56711.0,64983.0,67785.0,68516.28571428571,67935.28571428571,64983.0
2024-11-16,"73,179","25,602",4.03,,,,17,10,https://news.tirumala.org/total-pilgrims-who-had-darshan-on-16-11-2024-73179/,ok,2024,11,16,5,Saturday,46,4,321,1,1,0,0,0,-0.9749279121818236,-0.2225209339563146,-0.6897960046655887,0.7240037789593305,0,0,0,0,0,0,0,,1,0,-1,16,krishna,0,0,0,0,0,0,0,0,0,0,0,0,0,0,0,0,0,post_monsoon,0,0,0,1,0,1,61613.0,73558.0,88076.0,68034.85714285714,67936.60714285714,73558.0
2024-11-17,"71,441","23,595",3.87,,,,03,8,https://news.tirumala.org/total-pilgrims-who-had-darshan-on-17-11-2024-71441/,ok,2024,11,17,6,Sunday,46,4,322,1,0,1,0,0,-0.7818314824680299,0.6234898018587334,-0.6772399381909491,0.7357622347736527,0,0,0,0,0,0,0,,1,0,-2,17,krishna,0,0,0,0,1,0,0,0,0,0,0,0,0,0,0,0,0,post_monsoon,0,0,0,1,0,1,73179.0,82558.0,84489.0,67980.71428571429,67666.53571428571,82558.0
2024-11-18,"62,085","21,335",3.78,,,,01,8,https://news.tirumala.org/total-pilgrims-who-had-darshan-on-18-11-2024-62085/,ok,2024,11,18,0,Monday,47,4,323,0,0,0,0,0,0.0,1.0,-0.6644834655228552,0.7473029667054296,0,0,0,0,0,0,0,,0,0,-3,18,krishna,0,0,0,0,1,0,0,0,0,0,0,0,0,0,0,0,0,post_monsoon,0,0,0,1,0,1,71441.0,73917.0,74651.0,66392.57142857143,67577.78571428571,73917.0
2024-11-19,,,,,,,,,,not_found,2024,11,19,1,Tuesday,47,4,324,0,0,0,0,0,0.7818314824680298,0.6234898018587336,-0.6515303615068021,0.75862255966641,0,0,0,0,0,0,0,,0,0,-4,19,krishna,0,0,0,0,1,0,0,0,0,0,0,0,0,0,0,0,0,post_monsoon,0,0,0,1,0,1,62085.0,61446.0,68146.0,64702.28571428572,67477.46428571429,61446.0
2024-11-20,"59,231","22,029",3.08,,,,09,6,https://news.tirumala.org/total-pilgrims-who-had-darshan-on-20-11-2024-59231/,ok,2024,11,20,2,Wednesday,47,4,325,0,0,0,0,0,0.9749279121818236,-0.2225209339563143,-0.6383844591746642,0.7697176640069211,0,0,0,0,0,0,0,,0,0,-5,20,krishna,0,0,0,0,1,0,0,0,0,0,0,0,0,0,0,0,0,post_monsoon,0,0,0,1,0,1,,66441.0,66163.0,65245.0,67592.96296296296,66441.0
2024-11-21,"60,803","21,930",3.27,,,,19,18,https://news.tirumala.org/total-pilgrims-who-had-darshan-on-21-11-2024-60803/,ok,2024,11,21,3,Thursday,47,4,326,0,0,0,0,0,0.4338837391175582,-0.900968867902419,-0.6250496486104377,0.7805849965070866,0,0,0,0,0,0,0,,0,0,-6,21,krishna,0,0,0,0,1,0,0,0,0,0,0,0,0,0,0,0,0,post_monsoon,0,0,0,1,0,1,59231.0,56711.0,52643.0,64043.333333333336,67399.77777777778,56711.0
2024-11-22,"63,731","22,890",3.94,,,,16,8,https://news.tirumala.org/total-pilgrims-who-had-darshan-on-22-11-2024-63731/,ok,2024,11,22,4,Friday,47,4,327,0,0,0,0,0,-0.433883739117558,-0.9009688679024191,-0.6115298757991053,0.7912213413483807,0,0,0,0,0,0,0,,0,0,-7,22,krishna,0,0,0,0,1,0,0,0,0,0,0,0,0,0,0,0,0,post_monsoon,0,0,0,1,0,1,60803.0,61613.0,64983.0,64725.333333333336,67392.33333333333,61613.0
2024-11-23,"75,147","28,096",3.16,,,,15,10,https://news.tirumala.org/total-pilgrims-who-had-darshan-on-23-11-2024-75147/,ok,2024,11,23,5,Saturday,47,4,328,1,1,0,0,0,-0.9749279121818236,-0.2225209339563146,-0.5978291414589552,0.801623551065242,0,0,0,0,0,0,0,,0,0,-8,23,krishna,0,0,0,0,1,0,0,0,0,0,0,0,0,0,0,0,0,post_monsoon,0,0,0,1,0,1,63731.0,73179.0,73558.0,65078.333333333336,67660.11111111111,73179.0
2024-11-24,"75,737","23,208",4.14,,,,02,8,https://news.tirumala.org/total-pilgrims-who-had-darshan-on-24-11-2024-75737/,ok,2024,11,24,6,Sunday,47,4,329,1,0,1,0,0,-0.7818314824680299,0.6234898018587334,-0.5839514998576998,0.8117885474764613,0,0,0,0,0,0,0,,0,0,-9,24,krishna,0,0,0,0,1,0,0,0,0,0,0,0,0,0,0,0,0,post_monsoon,0,0,0,1,0,1,75147.0,71441.0,82558.0,65406.333333333336,67560.22222222222,71441.0
2024-11-25,"63,637","24,016",4.2,,,,07,10-12,https://news.tirumala.org/total-pilgrims-who-had-darshan-on-25-11-2024-63637/,ok,2024,11,25,0,Monday,48,4,330,0,0,0,0,0,0.0,1.0,-0.5699010576127624,0.8217133225960589,0,0,0,0,0,0,0,,0,0,-10,25,krishna,0,0,0,0,1,0,0,0,0,0,0,0,0,0,0,0,0,post_monsoon,0,0,0,1,0,1,75737.0,62085.0,73917.0,66122.33333333333,67797.4074074074,62085.0
2024-11-26,"64,525","19,880",3.53,,,,Present Direct Line,8,https://news.tirumala.org/total-pilgrims-who-had-darshan-on-26-11-2024-64525/,ok,2024,11,26,1,Tuesday,48,4,331,0,0,0,0,0,0.7818314824680298,0.6234898018587336,-0.5556819724760489,0.8313949395234058,0,0,0,0,0,0,0,,0,0,-11,26,krishna,1,0,0,0,1,0,0,0,0,0,0,0,0,0,0,0,0,post_monsoon,0,0,0,1,0,1,63637.0,,61446.0,66381.0,67794.0,
2024-11-27,"67,626","22,231",3.75,,,,3,10,https://news.tirumala.org/total-pilgrims-who-had-darshan-on-27-11-2024-67626/,ok,2024,11,27,2,Wednesday,48,4,332,0,0,0,0,0,0.9749279121818236,-0.2225209339563143,-0.5412984521036173,0.8408305333122887,0,0,0,0,0,0,0,,0,0,-12,27,krishna,0,0,0,0,1,0,0,0,0,0,0,0,0,0,0,0,0,post_monsoon,0,0,0,1,0,1,64525.0,59231.0,66441.0,66115.85714285714,67993.44444444444,59231.0
2024-11-28,"56,952","21,714",3.84,,,,25,13,https://news.tirumala.org/total-pilgrims-who-had-darshan-on-28-11-2024-56952/,ok,2024,11,28,3,Thursday,48,4,333,0,0,0,0,0,0.4338837391175582,-0.900968867902419,-0.5267547528105542,0.8500173118187018,0,0,0,0,0,0,0,,0,0,-13,27,krishna,0,0,0,0,1,0,0,0,0,0,0,0,0,0,0,0,0,post_monsoon,0,0,0,1,0,1,67626.0,60803.0,56711.0,67315.14285714286,68307.74074074074,60803.0
2024-11-29,"62,147","23,096",3.77,,,,10,18,https://news.tirumala.org/total-pilgrims-who-had-darshan-on-29-11-2024-62147/,ok,2024,11,29,4,Friday,48,4,334,0,0,0,0,0,-0.433883739117558,-0.9009688679024191,-0.5120551783114646,0.8589525565270845,0,0,0,0,0,0,0,,0,0,-14,28,krishna,0,0,0,0,1,0,0,0,0,0,0,0,0,0,0,0,0,post_monsoon,0,0,0,1,0,1,56952.0,63731.0,61613.0,66765.0,68047.18518518518,63731.0
2024-11-30,"73,169","25,112",3.35,,,,4,12,https://news.tirumala.org/total-pilgrims-who-had-darshan-on-30-11-2024-73169/,ok,2024,11,30,5,Saturday,48,4,335,1,1,0,0,1,-0.9749279121818236,-0.2225209339563146,-0.4972040784469378,0.8676336233547726,0,0,0,0,0,0,0,,0,0,-15,29,krishna,0,0,0,0,1,0,0,0,0,0,0,0,0,0,0,0,0,post_monsoon,0,0,0,1,0,1,62147.0,75147.0,73179.0,66538.71428571429,67838.37037037036,75147.0
2024-12-01,"67,496","19,064",3.33,,,,Present Direct line,6,https://news.tirumala.org/total-pilgrims-who-had-darshan-on-01-12-2024-67496/,ok,2024,12,1,6,Sunday,48,4,336,1,0,1,1,0,-0.7818314824680299,0.6234898018587334,-0.4822058478963526,0.8760579434344281,0,0,0,0,0,0,0,,0,0,-16,30,krishna,0,0,1,0,1,0,0,0,0,0,0,0,0,0,0,0,0,winter,1,0,0,0,0,1,73169.0,75737.0,71441.0,66256.14285714286,67286.25925925926,75737.0
2024-12-02,"58,607","19,841",3.61,,,,3,12,https://news.tirumala.org/total-pilgrims-who-had-darshan-on-02-12-2024-58607/,ok,2024,12,2,0,Monday,49,4,337,0,0,0,0,0,0.0,1.0,-0.4670649248774303,0.8842230238742036,0,0,0,0,0,0,0,,0,0,-17,1,shukla,0,0,0,0,1,0,0,0,0,0,0,0,0,0,0,0,0,winter,1,0,0,0,0,1,67496.0,63637.0,62085.0,65078.857142857145,66656.88888888889,63637.0
2024-12-03,"60,301","20,222",3.32,,,,1,8,https://news.tirumala.org/total-pilgrims-who-had-darshan-on-03-12-2024-60301/,ok,2024,12,3,1,Tuesday,49,4,338,0,0,0,0,0,0.7818314824680298,0.6234898018587336,-0.451785789832884,0.8921264484954345,0,0,0,0,0,0,0,,0,0,-18,2,shukla,0,0,0,0,1,0,0,0,0,0,0,0,0,0,0,0,0,winter,1,0,0,0,0,1,58607.0,64525.0,,64360.28571428572,66062.66666666667,64525.0
2024-12-04,"65,265","21,384",3.27,,,,4,8,https://news.tirumala.org/total-pilgrims-who-had-darshan-on-04-12-2024-65265/,ok,2024,12,4,2,Wednesday,49,4,339,0,0,0,0,0,0.9749279121818236,-0.2225209339563143,-0.4363729641045924,0.8997658785476209,0,0,0,0,0,0,0,,0,0,-19,3,shukla,0,0,0,0,1,0,0,0,0,0,0,0,0,0,0,0,0,winter,1,0,0,0,0,1,60301.0,67626.0,59231.0,63756.857142857145,65772.11111111111,67626.0
2024-12-05,"46,957","21,560",2.97,,,,Outside line At TBC,18,https://news.tirumala.org/total-pilgrims-who-had-darshan-on-05-12-2024-46957/,ok,2024,12,5,3,Thursday,49,4,340,0,0,0,0,0,0.4338837391175582,-0.900968867902419,-0.4208310085956556,0.9071390534005044,0,0,0,0,0,0,0,,0,0,-20,4,shukla,0,0,0,0,1,0,0,0,0,0,0,0,0,0,0,0,0,winter,1,0,0,0,0,1,65265.0,56952.0,60803.0,63419.57142857143,65738.85185185185,56952.0
2024-12-06,"75,782","26,057",2.97,,,,2,8,https://news.tirumala.org/total-pilgrims-who-had-darshan-on-06-12-2024-75782/,ok,2024,12,6,4,Friday,49,4,341,0,0,0,0,0,-0.433883739117558,-0.9009688679024191,-0.4051645224207563,0.9142437912130223,0,0,0,0,0,0,0,,0,0,19,5,shukla,0,0,0,0,1,0,0,0,0,0,0,0,0,0,0,0,0,winter,1,0,0,0,0,1,46957.0,62147.0,63731.0,61991.71428571428,65528.25925925926,62147.0
2024-12-07,"78,569","28,193",3.54,,,,24,13,https://news.tirumala.org/total-pilgrims-who-had-darshan-on-07-12-2024-78569/,ok,2024,12,7,5,Saturday,49,4,342,1,1,0,0,0,-0.9749279121818236,-0.2225209339563146,-0.3893781415452015,0.9210779895789526,0,0,0,0,0,0,0,,0,0,18,6,shukla,0,0,0,0,1,0,0,0,0,0,0,0,0,0,0,0,0,winter,1,0,0,0,0,1,75782.0,73169.0,75147.0,63939.57142857143,65928.22222222222,73169.0
2024-12-08,"73,107","22,721",3.58,,,,01,6,https://news.tirumala.org/total-pilgrims-who-had-darshan-on-08-12-2024-73107/,ok,2024,12,8,6,Sunday,49,4,343,1,0,1,0,0,-0.7818314824680299,0.6234898018587334,-0.3734765374130707,0.9276396261490468,0,0,0,0,0,0,0,,0,0,17,7,shukla,0,0,0,0,1,0,0,0,0,0,0,0,0,0,0,0,0,winter,1,0,0,0,0,1,78569.0,67496.0,75737.0,64711.0,66113.81481481482,67496.0
2024-12-09,"67,124","24,069",3.77,,,,03,12,https://news.tirumala.org/total-pilgrims-who-had-darshan-on-09-12-2024-67124/,ok,2024,12,9,0,Monday,50,4,344,0,0,0,0,0,0.0,1.0,-0.3574644155648614,0.9339267592294762,0,0,0,0,0,0,0,,0,0,16,8,shukla,0,0,0,0,1,0,0,0,0,0,0,0,0,0,0,0,0,winter,1,0,0,0,0,1,73107.0,58607.0,63637.0,65512.57142857143,65763.77777777778,58607.0
2024-12-10,"67,284","19,064",4.27,,,,01,08,https://news.tirumala.org/total-pilgrims-who-had-darshan-on-10-12-2024-67284/,ok,2024,12,10,1,Tuesday,50,4,345,0,0,0,0,0,0.7818314824680298,0.6234898018587336,-0.3413465142450361,0.9399375283564132,0,0,0,0,0,0,0,,0,0,15,10,shukla,0,0,0,0,1,0,0,0,0,0,0,0,0,0,0,0,0,winter,1,0,0,0,0,1,67124.0,60301.0,64525.0,66729.28571428571,65512.18518518518,60301.0
2024-12-11,"65,887","25,725",3.88,,,,15,06,https://news.tirumala.org/total-pilgrims-who-had-darshan-on-11-12-2024-65887/,ok,2024,12,11,2,Wednesday,50,4,346,0,0,0,0,0,0.9749279121818236,-0.2225209339563143,-0.3251276029999093,0.9456701548465688,0,0,0,0,0,0,0,,0,0,14,11,shukla,1,0,0,0,1,0,0,0,0,0,0,0,0,0,0,0,0,winter,1,0,0,0,0,1,67284.0,65265.0,67626.0,67726.85714285714,65728.4074074074,65265.0
2024-12-12,"61,178","22,464",3.85,,,,21,24,https://news.tirumala.org/total-pilgrims-who-had-darshan-on-12-12-2024-61178/,ok,2024,12,12,3,Thursday,50,4,347,0,0,0,0,0,0.4338837391175582,-0.900968867902419,-0.3088124812662537,0.9511229423235356,0,0,0,0,0,0,0,,0,0,13,12,shukla,0,0,0,0,1,0,0,0,0,0,0,0,0,0,0,0,0,winter,1,0,0,0,0,1,65887.0,46957.0,56952.0,67815.71428571429,65707.88888888889,46957.0
2024-12-13,"63,722","22,225",3.77,,,,7,09,https://news.tirumala.org/total-pilgrims-who-had-darshan-on-13-12-2024-63722/,ok,2024,12,13,4,Friday,50,4,348,0,0,0,0,0,-0.433883739117558,-0.9009688679024191,-0.2924059769510773,0.956294277219772,0,0,0,0,0,0,0,,0,0,12,13,shukla,0,0,0,0,1,0,0,0,0,0,0,0,0,0,0,0,0,winter,1,0,0,0,0,1,61178.0,75782.0,62147.0,69847.28571428571,65873.33333333333,75782.0
2024-12-14,"72,962","30,645",3.37,,,,22,18,https://news.tirumala.org/total-pilgrims-who-had-darshan-on-14-12-2024-72962/,ok,2024,12,14,5,Saturday,50,4,349,1,1,0,0,0,-0.9749279121818236,-0.2225209339563146,-0.2759129450029604,0.9611826292540836,0,0,0,0,0,0,0,,0,0,11,14,shukla,0,0,0,0,1,0,0,0,0,0,0,0,0,0,0,0,0,winter,1,0,0,0,0,1,63722.0,78569.0,73169.0,68124.42857142857,65951.44444444444,78569.0
2024-12-15,"66,160","22,724",3.47,,,,18,12,https://news.tirumala.org/total-pilgrims-who-had-darshan-on-15-12-2024-66160/,ok,2024,12,15,6,Sunday,50,4,350,1,0,1,0,0,-0.7818314824680299,0.6234898018587334,-0.2593382659754056,0.9657865518844574,0,0,0,0,0,0,0,,0,0,10,15,shukla,0,1,0,0,1,0,0,0,0,0,0,0,0,0,0,0,0,winter,1,0,0,0,0,1,72962.0,73107.0,67496.0,67323.42857142857,65943.4074074074,73107.0
2024-12-16,"62,112","22,541",3.36,,,,25,12,https://news.tirumala.org/total-pilgrims-who-had-darshan-on-16-12-2024-62112/,ok,2024,12,16,0,Monday,51,4,351,0,0,0,0,0,0.0,1.0,-0.2426868445825954,0.9701046827361176,0,0,0,0,0,0,0,,0,0,9,16,krishna,0,0,0,0,0,0,1,0,0,0,0,0,0,0,0,0,0,winter,1,0,0,0,0,1,66160.0,67124.0,58607.0,66331.0,65747.81481481482,67124.0
2024-12-17,"63,598","20,102",3.59,,,,11,12,https://news.tirumala.org/total-pilgrims-who-had-darshan-on-17-12-2024-63598/,ok,2024,12,17,1,Tuesday,51,4,352,0,0,0,0,0,0.7818314824680298,0.6234898018587336,-0.225963608248019,0.974135744004672,0,0,0,0,0,0,0,,0,0,8,17,krishna,0,0,0,0,0,0,1,0,0,0,0,0,0,0,0,0,0,winter,1,0,0,0,0,1,62112.0,67284.0,60301.0,65615.0,65748.81481481482,67284.0
2024-12-18,"70,457","22,152",4.16,,,,16,15,https://news.tirumala.org/total-pilgrims-who-had-darshan-on-18-12-2024-70457/,ok,2024,12,18,2,Wednesday,51,4,353,0,0,0,0,0,0.9749279121818236,-0.2225209339563143,-0.2091735056463563,0.9778785428342386,0,0,0,0,0,0,0,,0,0,7,18,krishna,0,0,0,0,0,0,1,0,0,0,0,0,0,0,0,0,0,winter,1,0,0,0,0,1,63598.0,65887.0,65265.0,65088.42857142857,65672.0,65887.0
2024-12-19,"58,165","20,377",3.6,,,,29,15,https://news.tirumala.org/total-pilgrims-who-had-darshan-on-19-12-2024-58165/,ok,2024,12,19,3,Thursday,51,4,354,0,0,0,0,0,0.4338837391175582,-0.900968867902419,-0.1923215052390948,0.9813319716704276,0,0,0,0,0,0,0,,0,0,6,19,krishna,0,0,0,0,0,0,1,0,0,0,0,0,0,0,0,0,0,winter,1,0,0,0,0,1,70457.0,61178.0,46957.0,65741.28571428571,66072.92857142857,61178.0
2024-12-20,"65,299","20,297",3.75,,,,Present direct line,10,https://news.tirumala.org/total-pilgrims-who-had-darshan-on-20-12-2024-58165/,ok,2024,12,20,4,Friday,51,4,355,0,0,0,0,0,-0.433883739117558,-0.9009688679024191,-0.1754125938042784,0.9844950085880858,0,0,0,0,0,0,0,,0,0,5,20,krishna,0,0,0,0,0,0,1,0,0,0,0,0,0,0,0,0,0,winter,1,0,0,0,0,1,58165.0,63722.0,75782.0,65310.857142857145,65978.71428571429,63722.0
2024-12-21,"72,411","27,677",3.44,,,,14,12,https://news.tirumala.org/total-pilgrims-who-had-darshan-on-21-12-2024-72411/,ok,2024,12,21,5,Saturday,51,4,356,1,1,0,0,0,-0.9749279121818236,-0.2225209339563146,-0.1584517749608363,0.9873667175937016,0,0,0,0,0,0,0,,0,0,4,21,krishna,0,0,0,0,0,0,1,0,0,0,0,0,0,0,0,0,0,winter,1,0,0,0,0,1,65299.0,72962.0,78569.0,65536.14285714286,66034.71428571429,72962.0
2024-12-22,"77,260","24,223",4.12,,,,2,8,https://news.tirumala.org/total-pilgrims-who-had-darshan-on-22-12-2024-77260/,ok,2024,12,22,6,Sunday,51,4,357,1,0,1,0,0,-0.7818314824680299,0.6234898018587334,-0.141444067687942,0.989946248902378,0,0,0,0,0,0,0,,0,0,3,22,krishna,0,0,0,0,0,0,1,0,0,0,0,0,0,0,0,0,0,winter,1,0,0,0,0,1,72411.0,66160.0,73107.0,65457.42857142857,65937.0,66160.0
2024-12-23,"65,656","24,360",4.15,,,,28,16,https://news.tirumala.org/total-pilgrims-who-had-darshan-on-23-12-2024-65656/,ok,2024,12,23,0,Monday,52,4,358,0,0,0,0,0,0.0,1.0,-0.1243945048397999,0.9922328391893008,0,0,0,0,0,0,0,,0,0,2,23,krishna,0,0,0,0,0,0,1,0,0,0,0,0,0,0,0,0,0,winter,1,0,0,0,0,1,77260.0,62112.0,67124.0,67043.14285714286,65991.39285714286,62112.0
2024-12-24,"67,209","22,708",4.23,,,,14,16,https://news.tirumala.org/total-pilgrims-who-had-darshan-on-24-12-2024-67209/,ok,2024,12,24,1,Tuesday,52,4,359,0,0,0,0,0,0.7818314824680298,0.6234898018587336,-0.1073081316563624,0.994225811815616,0,0,0,0,0,0,0,,0,0,1,24,krishna,0,0,0,0,0,0,1,0,0,0,0,0,0,0,0,1,0,winter,1,0,0,0,0,1,65656.0,63598.0,67284.0,67549.42857142857,66063.5,63598.0
2024-12-25,"73,301","26,242",4.14,,,,Out side line at MBC,20,https://news.tirumala.org/total-pilgrims-who-had-darshan-on-25-12-2024-67209/,ok,2024,12,25,2,Wednesday,52,4,360,0,0,0,0,0,0.9749279121818236,-0.2225209339563143,-0.0901900042703451,0.99592457702866,1,1,1,1,1,1,1,Christmas,0,0,0,25,krishna,0,0,0,0,0,0,1,0,0,0,0,0,0,0,0,1,0,winter,1,0,0,0,0,1,67209.0,70457.0,65887.0,68065.28571428571,66159.35714285714,70457.0
2024-12-26,"59,584","24,905",4.18,,,,Out side line at Krishna teja guest house,20,https://news.tirumala.org/total-pilgrims-who-had-darshan-on-26-12-2024-59584/,ok,2024,12,26,3,Thursday,52,4,361,0,0,0,0,0,0.4338837391175582,-0.900968867902419,-0.0730451882110474,0.9973286321364752,0,0,0,0,0,0,0,,0,0,-1,26,krishna,1,0,0,0,0,0,1,0,0,0,0,0,0,0,0,1,0,winter,1,0,0,0,0,1,73301.0,58165.0,61178.0,68471.57142857143,66362.03571428571,58165.0
2024-12-27,"66,715","24,503",4.06,,,,29,20,https://news.tirumala.org/total-pilgrims-who-had-darshan-on-27-12-2024-66715/,ok,2024,12,27,4,Friday,52,4,362,0,0,0,0,0,-0.433883739117558,-0.9009688679024191,-0.0558787569053731,0.9984375616565666,0,0,0,0,0,0,0,,0,0,-2,27,krishna,0,0,0,0,0,0,1,0,0,0,0,0,0,0,0,1,0,winter,1,0,0,0,0,1,59584.0,65299.0,63722.0,68674.28571428571,66456.03571428571,65299.0
2024-12-28,"78,414","26,100",3.45,,,,Outside line At MBC,20,https://news.tirumala.org/total-pilgrims-who-had-darshan-on-28-12-2024-78414/,ok,2024,12,28,5,Saturday,52,4,363,1,1,0,0,0,-0.9749279121818236,-0.2225209339563146,-0.0386957901765268,0.999251037438848,0,0,0,0,0,0,0,,0,0,-3,28,krishna,0,0,0,0,0,0,1,0,0,0,0,0,0,0,0,1,0,winter,1,0,0,0,0,1,66715.0,72411.0,72962.0,68876.57142857143,66619.17857142857,72411.0
2024-12-29,"84,950","21,098",3.8,,,,1,6,https://news.tirumala.org/total-pilgrims-who-had-darshan-on-29-12-2024-84950/,ok,2024,12,29,6,Sunday,52,4,364,1,0,1,0,0,-0.7818314824680299,0.6234898018587334,-0.0215013727408137,0.999768818762748,0,0,0,0,0,0,0,,0,0,-4,29,krishna,0,0,0,0,0,0,1,0,0,0,0,0,0,0,0,1,0,winter,1,0,0,0,0,1,78414.0,77260.0,66160.0,69734.14285714286,66806.5,77260.0
2024-12-30,"68,298","16,544",4.1,,,,Present direct line…,6,https://news.tirumala.org/total-pilgrims-who-had-darshan-on-30-12-2024-68298/,ok,2024,12,30,0,Monday,1,4,365,0,0,0,0,0,0.0,1.0,-0.0043005927029819,0.9999907524084426,0,0,0,0,0,0,0,,0,0,-5,30,krishna,0,0,1,0,0,0,1,0,0,0,0,0,0,0,0,1,0,winter,1,0,0,0,0,1,84950.0,65656.0,62112.0,70832.71428571429,67429.85714285714,65656.0
2024-12-31,"62,495","19,298",3.8,,,,2,8,https://news.tirumala.org/total-pilgrims-who-had-darshan-on-31-12-2024-62495/,ok,2024,12,31,1,Tuesday,1,4,366,0,0,0,0,1,0.7818314824680298,0.6234898018587336,0.0129014599494196,0.9999167727021951,0,0,0,0,0,0,0,,0,0,-6,1,shukla,0,0,0,0,0,0,1,0,0,0,0,0,0,0,0,1,0,winter,1,0,0,0,0,1,68298.0,67209.0,63598.0,71210.14285714286,67775.96428571429,67209.0
2025-01-01,"69,630","18,965",3.13,,,,3,8,https://news.tirumala.org/total-pilgrims-who-had-darshan-on-01-01-2025-69630/,ok,2025,1,1,2,Wednesday,1,1,1,0,0,0,1,0,0.9749279121818236,-0.2225209339563143,0.0172015754182605,0.9998520419557736,0,0,0,0,0,0,0,,0,0,-7,2,shukla,0,0,0,0,0,0,1,0,0,0,0,0,0,0,0,1,0,winter,1,0,0,0,0,1,62495.0,73301.0,70457.0,70536.71428571429,67854.32142857143,73301.0
2025-01-02,"62,085","15,680",4.17,,,,6,12,https://news.tirumala.org/total-pilgrims-who-had-darshan-on-02-01-2025-62085/,ok,2025,1,2,3,Thursday,1,1,2,0,0,0,0,0,0.4338837391175582,-0.900968867902419,0.034398060613608,0.9994082116062598,0,0,0,0,0,0,0,,0,0,-8,3,shukla,0,0,0,0,0,0,1,0,0,0,0,0,0,0,0,0,0,winter,1,0,0,0,0,1,69630.0,59584.0,58165.0,70012.28571428571,68010.21428571429,59584.0
2025-01-03,"56,550","28,853",3.34,,,,Present direct line,8,https://news.tirumala.org/total-pilgrims-who-had-darshan-on-03-01-2025-56550/,ok,2025,1,3,4,Friday,1,1,3,0,0,0,0,0,-0.433883739117558,-0.9009688679024191,0.0515843668694083,0.9986686402879996,0,0,0,0,0,0,0,,0,0,-9,4,shukla,0,0,0,0,0,0,1,0,0,0,0,0,0,0,0,0,0,winter,1,0,0,0,0,1,62085.0,66715.0,65299.0,70369.57142857143,68550.5,66715.0
2025-01-04,"71,990","21,205",3.26,,,,Present direct line,6,https://news.tirumala.org/total-pilgrims-who-had-darshan-on-04-01-2025-71990/,ok,2025,1,4,5,Saturday,1,1,4,1,1,0,0,0,-0.9749279121818236,-0.2225209339563146,0.0687554084811394,0.9976335468520452,0,0,0,0,0,0,0,,0,0,-10,5,shukla,0,0,0,0,0,0,1,0,0,0,0,0,0,0,0,0,0,winter,1,0,0,0,0,1,56550.0,78414.0,72411.0,68917.42857142857,67863.64285714286,78414.0
2025-01-05,"54,180","17,689",3.2,,,,16,12,https://news.tirumala.org/total-pilgrims-who-had-darshan-on-05-01-2025-54180/,ok,2025,1,5,6,Sunday,1,1,5,1,0,1,0,0,-0.7818314824680299,0.6234898018587334,0.0859061042613327,0.9963032375991964,0,0,0,0,0,0,0,,0,0,-11,6,shukla,0,0,0,0,0,0,1,0,0,0,0,0,0,0,0,0,0,winter,1,0,0,0,0,1,71990.0,84950.0,77260.0,67999.71428571429,67628.67857142857,84950.0
2025-01-06,"62,566","16,021",3.2,,,,Present direct line,8,https://news.tirumala.org/total-pilgrims-who-had-darshan-on-06-01-2025-62566/,ok,2025,1,6,0,Monday,2,1,6,0,0,0,0,0,0.0,1.0,0.1030313790431787,0.9946781061893646,0,0,0,0,0,0,0,,0,0,-12,7,shukla,0,0,0,0,0,0,1,0,0,0,0,0,0,0,0,0,0,winter,1,0,0,0,0,1,54180.0,68298.0,65656.0,63604.0,66952.71428571429,68298.0
2025-01-07,,,,,,,,,,not_found,2025,1,7,1,Tuesday,2,1,7,0,0,0,0,0,0.7818314824680298,0.6234898018587336,0.1201261651823505,0.9927586335250792,0,0,0,0,0,0,0,,0,0,-13,8,shukla,0,0,0,0,0,0,1,0,0,0,0,0,0,0,0,0,0,winter,1,0,0,0,0,1,62566.0,62495.0,67209.0,62785.142857142855,66789.92857142857,62495.0
2025-01-08,"62,903","17,363",2.51,,,,Present direct line,10,https://news.tirumala.org/total-pilgrims-who-had-darshan-on-08-01-2025-62903/,ok,2025,1,8,2,Wednesday,2,1,8,0,0,0,0,0,0.9749279121818236,-0.2225209339563143,0.1371854040566005,0.9905453876091832,0,0,0,0,0,0,0,,0,0,-14,9,shukla,0,0,0,0,0,0,1,0,0,0,0,0,0,0,0,0,0,winter,1,0,0,0,0,1,,69630.0,73301.0,62833.5,66771.62962962964,69630.0
2025-01-09,"40,265","18,578",4.01,,,,,,https://news.tirumala.org/total-pilgrims-who-had-darshan-on-09-01-2025-40265/,ok,2025,1,9,3,Thursday,2,1,9,0,0,0,0,0,0.4338837391175582,-0.900968867902419,0.1542040475626894,0.988039023376751,0,0,0,0,0,0,0,,0,0,-15,10,shukla,0,0,0,0,0,0,1,0,0,0,0,0,0,0,0,0,0,winter,1,0,0,0,0,1,62903.0,62085.0,59584.0,61712.333333333336,66661.11111111111,62085.0
2025-01-10,"60,094","14,906",2.45,,,,,,https://news.tirumala.org/total-pilgrims-who-had-darshan-on-10-01-2025-60094/,ok,2025,1,10,4,Friday,2,1,10,0,0,0,0,0,-0.433883739117558,-0.9009688679024191,0.1711770596101998,0.985240282501282,0,0,0,0,0,0,0,,0,0,-16,11,shukla,1,0,0,0,0,0,1,1,0,0,0,0,0,0,0,0,0,winter,1,0,0,0,0,1,40265.0,56550.0,66715.0,58075.66666666666,65886.55555555556,56550.0
2025-01-11,"53,013","13,283",4.43,,,,,,https://news.tirumala.org/total-pilgrims-who-had-darshan-on-11-01-2025-53013/,ok,2025,1,11,5,Saturday,2,1,11,1,1,0,0,0,-0.9749279121818236,-0.2225209339563146,0.1880994176117975,0.9821499931752292,0,0,0,0,0,0,0,,0,0,15,12,shukla,0,0,0,0,0,0,1,0,0,0,0,0,0,0,0,0,0,winter,1,0,0,0,0,1,60094.0,71990.0,78414.0,58666.333333333336,65752.18518518518,71990.0
2025-01-12,"70,966","15,681",2.95,,,,,,https://news.tirumala.org/total-pilgrims-who-had-darshan-on-12-01-2025-70966/,ok,2025,1,12,6,Sunday,2,1,12,1,0,1,0,0,-0.7818314824680299,0.6234898018587334,0.2049661139694953,0.9787690698649216,0,0,0,0,0,0,0,,0,0,14,14,shukla,0,0,0,0,0,0,1,0,0,0,0,0,0,0,0,0,1,winter,1,0,0,0,0,1,53013.0,54180.0,84950.0,55503.5,65013.333333333336,54180.0
2025-01-13,"74,800","17,726",3.48,,,,,,https://news.tirumala.org/total-pilgrims-who-had-darshan-on-13-01-2025-74800/,ok,2025,1,13,0,Monday,3,1,13,0,0,0,0,0,0.0,1.0,0.2217721575564818,0.975098513039961,0,0,0,0,0,0,0,,0,0,13,15,shukla,0,1,0,0,0,0,1,0,0,0,0,0,0,0,0,0,1,winter,1,0,0,0,0,1,70966.0,62566.0,68298.0,58301.16666666666,65191.333333333336,62566.0
2025-01-14,"74,800","17,406",3.44,,,,,,https://news.tirumala.org/total-pilgrims-who-had-darshan-on-14-01-2025-74800/,ok,2025,1,14,1,Tuesday,3,1,14,0,0,0,0,0,0.7818314824680298,0.6234898018587336,0.2385125751940764,0.9711394088771652,0,0,0,1,0,0,1,,0,0,12,16,krishna,0,0,0,0,0,0,1,0,0,0,0,0,0,0,0,0,1,winter,1,0,0,0,0,1,74800.0,,62495.0,60340.16666666666,65661.25925925926,
2025-01-15,"71,417","19,396",3.42,,,,,,https://news.tirumala.org/total-pilgrims-who-had-darshan-on-15-01-2025-71417/,ok,2025,1,15,2,Wednesday,3,1,15,0,0,0,0,0,0.9749279121818236,-0.2225209339563143,0.2551824131233728,0.966892928939152,0,0,0,1,0,0,1,,0,0,11,17,krishna,0,0,0,0,0,0,0,0,0,0,0,0,0,0,0,0,1,winter,1,0,0,0,0,1,74800.0,62903.0,69630.0,62405.857142857145,66076.14814814815,62903.0
2025-01-16,"67,115","16,656",4.03,,,,,,https://news.tirumala.org/total-pilgrims-who-had-darshan-on-16-01-2025-67115/,ok,2025,1,16,3,Thursday,3,1,16,0,0,0,0,0,0.4338837391175582,-0.900968867902419,0.2717767384711357,0.9623603298276544,0,0,0,1,0,0,1,,0,0,10,18,krishna,0,0,0,0,0,0,0,0,0,0,0,0,0,0,0,0,1,winter,1,0,0,0,0,1,71417.0,40265.0,62085.0,63622.142857142855,66111.70370370371,40265.0
2025-01-17,"61,142","19,736",3.15,,,,,,https://news.tirumala.org/total-pilgrims-who-had-darshan-on-17-01-2025-61142/,ok,2025,1,17,4,Friday,3,1,17,0,0,0,0,0,-0.433883739117558,-0.9009688679024191,0.2882906407095177,0.957542952811672,0,0,0,0,0,0,0,,0,0,9,19,krishna,0,0,0,0,0,0,0,0,0,0,0,0,0,0,0,0,0,winter,1,0,0,0,0,1,67115.0,60094.0,56550.0,67457.85714285714,66443.18518518518,60094.0
2025-01-18,"75,931","25,717",3.4,,,,,,https://news.tirumala.org/total-pilgrims-who-had-darshan-on-18-01-2025-75931/,ok,2025,1,18,5,Saturday,3,1,18,1,1,0,0,0,-0.9749279121818236,-0.2225209339563146,0.3047192331091634,0.9524422234305676,0,0,0,0,0,0,0,,0,0,8,20,krishna,0,0,0,0,0,0,0,0,0,0,0,0,0,0,0,0,0,winter,1,0,0,0,0,1,61142.0,53013.0,71990.0,67607.57142857143,66289.22222222222,53013.0
2025-01-19,"70,826","22,625",3.68,,,,,,https://news.tirumala.org/total-pilgrims-who-had-darshan-on-19-01-2025-70826vaikuntha-dwaram/,ok,2025,1,19,6,Sunday,3,1,19,1,0,1,0,0,-0.7818314824680299,0.6234898018587334,0.321057654185271,0.9470596510722284,0,0,0,0,0,0,0,,0,0,7,20,krishna,0,0,0,0,0,0,0,0,0,0,0,0,0,0,0,0,0,winter,1,0,0,0,0,1,75931.0,70966.0,54180.0,70881.57142857143,66419.5925925926,70966.0
2025-01-20,"83,806","23,352",3.59,,,,02,6,https://news.tirumala.org/total-pilgrims-who-had-darshan-on-20-01-2025-83806/,ok,2025,1,20,0,Monday,4,1,20,0,0,0,0,0,0.0,1.0,0.3373010691361842,0.9413968285264122,0,0,0,0,0,0,0,,0,0,6,21,krishna,0,0,0,0,0,0,0,0,0,0,0,0,0,0,0,0,0,winter,1,0,0,0,0,1,70826.0,74800.0,62566.0,70861.57142857143,66181.29629629629,74800.0
2025-01-21,"60,581","19,228",4.04,,,,Present Direct Line.,5,https://news.tirumala.org/total-pilgrims-who-had-darshan-on-21-01-2025-60581/,ok,2025,1,21,1,Tuesday,4,1,21,0,0,0,0,0,0.7818314824680298,0.6234898018587336,0.3534446712740877,0.9354554315134164,0,0,0,0,0,0,0,,0,0,5,22,krishna,0,0,0,0,0,0,0,0,0,0,0,0,0,0,0,0,0,winter,1,0,0,0,0,1,83806.0,74800.0,,72148.14285714286,66853.51851851853,74800.0
2025-01-22,"62,223","19,704",3.1,,,,06,8,https://news.tirumala.org/total-pilgrims-who-had-darshan-on-22-01-2025-62223/,ok,2025,1,22,2,Wednesday,4,1,22,0,0,0,0,0,0.9749279121818236,-0.2225209339563143,0.3694836834473831,0.9292372181882051,0,0,0,0,0,0,0,,0,0,4,23,krishna,0,0,0,0,0,0,0,0,0,0,0,0,0,0,0,0,0,winter,1,0,0,0,0,1,60581.0,71417.0,62903.0,70116.85714285714,66608.03703703704,71417.0
2025-01-23,"56,225","19,588",3.95,,,,15,15,https://news.tirumala.org/total-pilgrims-who-had-darshan-on-23-01-2025-56225/,ok,2025,1,23,3,Thursday,4,1,23,0,0,0,0,0,0.4338837391175582,-0.900968867902419,0.3854133594543256,0.9227440286201428,0,0,0,0,0,0,0,,0,0,3,24,krishna,0,0,0,0,0,0,0,0,0,0,0,0,0,0,0,0,0,winter,1,0,0,0,0,1,62223.0,67115.0,40265.0,68803.42857142857,66197.74074074074,67115.0
2025-01-24,"57,655","20,051",2.73,,,,09,10,https://news.tirumala.org/total-pilgrims-who-had-darshan-on-24-01-2025-57655/,ok,2025,1,24,4,Friday,4,1,24,0,0,0,0,0,-0.433883739117558,-0.9009688679024191,0.4012289854475009,0.9159777842484876,0,0,0,0,0,0,0,,0,0,2,25,krishna,0,0,0,0,0,0,0,0,0,0,0,0,0,0,0,0,0,winter,1,0,0,0,0,1,56225.0,61142.0,60094.0,67247.71428571429,66073.33333333333,61142.0
2025-01-25,"77,651","26,677",3.07,,,,05,8,https://news.tirumala.org/total-pilgrims-who-had-darshan-on-25-01-2025-77651/,ok,2025,1,25,5,Saturday,4,1,25,1,1,0,0,0,-0.9749279121818236,-0.2225209339563146,0.4169258813287287,0.908940487313808,0,0,0,0,0,0,0,,0,0,1,26,krishna,1,0,0,0,0,0,0,0,0,0,0,0,0,0,0,0,0,winter,1,0,0,0,0,1,57655.0,75931.0,53013.0,66749.57142857143,65737.77777777778,75931.0
2025-01-26,"74,742","22,466",3.67,,,,02,6,https://news.tirumala.org/total-pilgrims-who-had-darshan-on-26-01-2025-74742/,ok,2025,1,26,6,Sunday,4,1,26,1,0,1,0,0,-0.7818314824680299,0.6234898018587334,0.4324994021339788,0.901634220265486,1,1,1,1,1,1,1,Republic Day,0,0,0,27,krishna,0,0,0,0,0,0,0,0,0,0,0,0,0,0,0,0,0,winter,1,0,0,0,0,1,77651.0,70826.0,70966.0,66995.28571428571,65709.51851851853,70826.0
2025-01-27,"65,278","22,077",3.7,,,,04,8,https://news.tirumala.org/total-pilgrims-who-had-darshan-on-27-01-2025-65278/,ok,2025,1,27,0,Monday,5,1,27,0,0,0,0,0,0.0,1.0,0.4479449394078911,0.8940611451454876,0,0,0,0,0,0,0,,0,0,-1,28,krishna,0,0,0,0,0,0,0,0,0,0,0,0,0,0,0,0,0,winter,1,0,0,0,0,1,74742.0,83806.0,74800.0,67554.71428571429,65331.444444444445,83806.0
2025-01-28,"70,610","17,310",3.78,,,,Present Direct line.,8,https://news.tirumala.org/total-pilgrims-who-had-darshan-on-28-01-2025-70610/,ok,2025,1,28,1,Tuesday,5,1,28,0,0,0,0,0,0.7818314824680298,0.6234898018587336,0.4632579225674917,0.88622350294858,0,0,0,0,0,0,0,,0,0,-2,29,krishna,0,0,0,0,0,0,0,0,0,0,0,0,0,0,0,0,0,winter,1,0,0,0,0,1,65278.0,60581.0,74800.0,64907.857142857145,65219.59259259259,60581.0
2025-01-29,"62,710","15,635",3.14,,,,03,8,https://news.tirumala.org/total-pilgrims-who-had-darshan-on-29-01-2025-62710/,ok,2025,1,29,2,Wednesday,5,1,29,0,0,0,0,0,0.9749279121818236,-0.2225209339563143,0.4784338202547012,0.8781236129591848,0,0,0,0,0,0,0,,0,0,-3,30,krishna,0,0,1,0,0,0,0,0,0,0,0,0,0,0,0,0,0,winter,1,0,0,0,0,1,70610.0,62223.0,71417.0,66340.57142857143,65520.14814814815,62223.0
2025-01-30,"51,349","14,082",3.65,,,,03,8,https://news.tirumala.org/total-pilgrims-who-had-darshan-on-30-01-2025-51349/,ok,2025,1,30,3,Thursday,5,1,30,0,0,0,0,0,0.4338837391175582,-0.900968867902419,0.4934681416772373,0.8697638720650646,0,0,0,0,0,0,0,,0,0,-4,1,shukla,0,0,0,0,0,0,0,0,0,0,0,0,0,0,0,0,0,winter,1,0,0,0,0,1,62710.0,56225.0,67115.0,66410.14285714286,65263.851851851854,56225.0
2025-01-31,"51,818","19,023",2.52,,,,02,8,https://news.tirumala.org/total-pilgrims-who-had-darshan-on-31-01-2025-51818/,ok,2025,1,31,4,Friday,5,1,31,0,0,0,0,1,-0.433883739117558,-0.9009688679024191,0.5083564379375122,0.8611467540480452,0,0,0,0,0,0,0,,0,0,-5,2,shukla,0,0,0,0,0,0,0,0,0,0,0,0,0,0,0,0,0,winter,1,0,0,0,0,1,51349.0,57655.0,61142.0,65713.57142857143,64866.22222222222,57655.0
2025-02-01,"80,871","24,257",3.78,,,,06,8,https://news.tirumala.org/total-pilgrims-who-had-darshan-on-01-02-2025-80871/,ok,2025,2,1,5,Saturday,5,1,32,1,1,0,1,0,-0.9749279121818236,-0.2225209339563146,0.5230943033491326,0.8522748088519838,0,0,0,0,0,0,0,,0,0,-6,3,shukla,0,0,0,0,0,0,0,0,0,0,0,0,0,0,0,0,0,winter,1,0,0,0,1,0,51818.0,77651.0,75931.0,64879.71428571428,64690.96296296296,77651.0
2025-02-02,"75,706","23,340",3.34,,,,06,8,https://news.tirumala.org/total-pilgrims-who-had-darshan-on-02-02-2025-75706/,ok,2025,2,2,6,Sunday,5,1,33,1,0,1,0,0,-0.7818314824680299,0.6234898018587334,0.5376773767406141,0.8431506618282,0,0,0,0,0,0,0,,0,0,-7,4,shukla,0,0,0,0,0,0,0,0,0,0,0,0,0,0,0,0,0,winter,1,0,0,0,1,0,80871.0,74742.0,70826.0,65339.71428571428,65019.88888888889,74742.0
2025-02-03,"59,784","20,740",3.61,,,,31,18,https://news.tirumala.org/total-pilgrims-who-had-darshan-on-03-02-2025-59784/,ok,2025,2,3,0,Monday,6,1,34,0,0,0,0,0,0.0,1.0,0.5521013427459208,0.8337770129585915,0,0,0,0,0,0,0,,0,0,-8,5,shukla,0,0,0,0,0,0,0,0,0,0,0,0,0,0,0,0,0,winter,1,0,0,0,1,0,75706.0,65278.0,83806.0,65477.42857142857,65817.14814814815,65278.0
2025-02-04,"73,599","16,069",3.21,,,,Present direct line.,6,https://news.tirumala.org/total-pilgrims-who-had-darshan-on-04-02-2025-73599/,ok,2025,2,4,1,Tuesday,6,1,35,0,0,0,0,0,0.7818314824680298,0.6234898018587336,0.5663619330814524,0.8241566360566663,0,0,0,0,0,0,0,,0,0,-9,7,shukla,0,0,0,0,0,0,0,0,0,0,0,0,0,0,0,0,0,winter,1,0,0,0,1,0,59784.0,70610.0,60581.0,64692.57142857143,65714.11111111111,70610.0
2025-02-05,"58,600","19,083",2.97,,,,06,8,https://news.tirumala.org/total-pilgrims-who-had-darshan-on-05-02-2025-58600/,ok,2025,2,5,2,Wednesday,6,1,36,0,0,0,0,0,0.9749279121818236,-0.2225209339563143,0.580454927809098,0.8142923779467267,0,0,0,0,0,0,0,,0,0,-10,8,shukla,0,0,0,0,0,0,0,0,0,0,0,0,0,0,0,0,0,winter,1,0,0,0,1,0,73599.0,62710.0,62223.0,65119.57142857143,65995.71428571429,62710.0
2025-02-06,,,,,,,,,,not_found,2025,2,6,3,Thursday,6,1,37,0,0,0,0,0,0.4338837391175582,-0.900968867902419,0.5943761565849831,0.804187157621448,0,0,0,0,0,0,0,,0,0,-11,9,shukla,0,0,0,0,0,0,0,0,0,0,0,0,0,0,0,0,0,winter,1,0,0,0,1,0,58600.0,51349.0,56225.0,64532.42857142857,65842.03571428571,51349.0
2025-02-07,"62,971","24,439",2.99,,,,21,12,https://news.tirumala.org/total-pilgrims-who-had-darshan-on-07-02-2025-62971/,ok,2025,2,7,4,Friday,6,1,38,0,0,0,0,0,-0.433883739117558,-0.9009688679024191,0.6081214998935418,0.7938439653781019,0,0,0,0,0,0,0,,0,0,-12,10,shukla,0,0,0,0,0,0,0,0,0,0,0,0,0,0,0,0,0,winter,1,0,0,0,1,0,,51818.0,57655.0,66729.66666666667,66789.33333333333,51818.0
2025-02-08,"76,598","35,334",3.46,,,,outside line at Krishna Teja Guest house.,18,https://news.tirumala.org/total-pilgrims-who-had-darshan-on-08-02-2025-76598/,ok,2025,2,8,5,Saturday,6,1,39,1,1,0,0,0,-0.9749279121818236,-0.2225209339563146,0.6216868902665479,0.7832658619336791,0,0,0,0,0,0,0,,0,0,-13,11,shukla,1,0,0,0,0,0,0,0,0,0,0,0,0,0,0,0,0,winter,1,0,0,0,1,0,62971.0,80871.0,77651.0,68588.5,66895.88888888889,80871.0
2025-02-09,"84,536","25,890",3.67,,,,27,15,https://news.tirumala.org/total-pilgrims-who-had-darshan-on-09-02-2025-84536/,ok,2025,2,9,6,Sunday,6,1,40,1,0,1,0,0,-0.7818314824680299,0.6234898018587334,0.6350683134867438,0.7724559775191742,0,0,0,0,0,0,0,,0,0,-14,12,shukla,0,0,0,0,0,0,0,0,0,0,0,0,0,0,0,0,0,winter,1,0,0,0,1,0,76598.0,75706.0,74742.0,67876.33333333333,67769.4074074074,75706.0
2025-02-10,"70,169","24,559",4.33,,,,23,12,https://news.tirumala.org/total-pilgrims-who-had-darshan-on-10-02-2025-70169/,ok,2025,2,10,0,Monday,7,1,41,0,0,0,0,0,0.0,1.0,0.6482618097757122,0.7614175109532997,0,0,0,0,0,0,0,,0,0,-15,13,shukla,0,0,0,0,0,0,0,0,0,0,0,0,0,0,0,0,0,winter,1,0,0,0,1,0,84536.0,59784.0,65278.0,69348.0,68272.0,59784.0
2025-02-11,"67,192","20,825",4.15,,,,30,15,https://news.tirumala.org/total-pilgrims-who-had-darshan-on-11-02-2025-67192/,ok,2025,2,11,1,Tuesday,7,1,42,0,0,0,0,0,0.7818314824680298,0.6234898018587336,0.6612634749656386,0.7501537286959042,0,0,0,0,0,0,0,,0,0,15,14,shukla,0,0,0,0,0,0,0,0,0,0,0,0,0,0,0,0,0,winter,1,0,0,0,1,0,70169.0,73599.0,70610.0,71078.83333333333,68100.48148148147,73599.0
2025-02-12,"70,270","22,175",3.37,,,,23,15,https://news.tirumala.org/total-pilgrims-who-had-darshan-on-12-02-2025-70270/,ok,2025,2,12,2,Wednesday,7,1,43,0,0,0,0,0,0.9749279121818236,-0.2225209339563143,0.6740694616546161,0.7386679638813748,0,0,0,0,0,0,0,,0,0,14,15,shukla,0,1,0,0,0,0,0,0,0,0,0,0,0,0,0,0,0,winter,1,0,0,0,1,0,67192.0,58600.0,62710.0,70011.0,67818.70370370371,58600.0
2025-02-13,"64,527","23,129",3.7,,,,10,8,https://news.tirumala.org/total-pilgrims-who-had-darshan-on-13-02-2025-64527/,ok,2025,2,13,3,Thursday,7,1,44,0,0,0,0,0,0.4338837391175582,-0.900968867902419,0.6866759803451553,0.726963615332308,0,0,0,0,0,0,0,,0,0,13,16,krishna,0,0,0,0,0,0,0,0,0,0,0,0,0,0,0,0,0,winter,1,0,0,0,1,0,70270.0,,51349.0,71956.0,67776.22222222222,
2025-02-14,,,,,,,,,,not_found,2025,2,14,4,Friday,7,1,45,0,0,0,0,0,-0.433883739117558,-0.9009688679024191,0.6990793005655562,0.7150441465537444,0,0,0,0,0,0,0,,0,0,12,17,krishna,0,0,0,0,0,0,0,0,0,0,0,0,0,0,0,0,0,winter,1,0,0,0,1,0,64527.0,62971.0,51818.0,70894.71428571429,67680.37037037036,62971.0
2025-02-15,"78,873","30,065",3.85,,,,16,14,https://news.tirumala.org/total-pilgrims-who-had-darshan-on-15-02-2025-78873/,ok,2025,2,15,5,Saturday,7,1,46,1,1,0,0,0,-0.9749279121818236,-0.2225209339563146,0.7112757519738152,0.7029130847082615,0,0,0,0,0,0,0,,0,0,11,18,krishna,0,0,0,0,0,0,0,0,0,0,0,0,0,0,0,0,0,winter,1,0,0,0,1,0,,76598.0,80871.0,72215.33333333333,67931.84615384616,76598.0
2025-02-16,"79,705","24,836",3.67,,,,03,8,https://news.tirumala.org/total-pilgrims-who-had-darshan-on-16-02-2025-79705/,ok,2025,2,16,6,Sunday,7,1,47,1,0,1,0,0,-0.7818314824680299,0.6234898018587334,0.7232617254437388,0.6905740195722293,0,0,0,0,0,0,0,,0,0,10,19,krishna,0,0,0,0,0,0,0,0,0,0,0,0,0,0,0,0,0,winter,1,0,0,0,1,0,78873.0,84536.0,75706.0,72594.5,68045.0,84536.0
2025-02-17,"60,784","25,521",3.29,,,,20,12,https://news.tirumala.org/total-pilgrims-who-had-darshan-on-17-02-2025-60784/,ok,2025,2,17,0,Monday,8,1,48,0,0,0,0,0,0.0,1.0,0.7350336741329413,0.6780306024735382,0,0,0,0,0,0,0,,0,0,9,20,krishna,0,0,0,0,0,0,0,0,0,0,0,0,0,0,0,0,0,winter,1,0,0,0,1,0,79705.0,70169.0,59784.0,71789.33333333333,68386.5,70169.0
2025-02-18,"68,427","21,066",3.81,,,,14,12,https://news.tirumala.org/total-pilgrims-who-had-darshan-on-18-02-2025-68427/,ok,2025,2,18,1,Tuesday,8,1,49,0,0,0,0,0,0.7818314824680298,0.6234898018587336,0.746588114532413,0.6652865452111116,0,0,0,0,0,0,0,,0,0,8,21,krishna,0,0,0,0,0,0,0,0,0,0,0,0,0,0,0,0,0,winter,1,0,0,0,1,0,60784.0,67192.0,73599.0,70225.16666666667,67501.03846153847,67192.0
2025-02-19,"72,745","24,156",3.48,,,,12,14,https://news.tirumala.org/total-pilgrims-who-had-darshan-on-19-02-2025-72745/,ok,2025,2,19,2,Wednesday,8,1,50,0,0,0,0,0,0.9749279121818236,-0.2225209339563143,0.7579216274973472,0.6523456189565257,0,0,0,0,0,0,0,,0,0,7,21,krishna,0,0,0,0,0,0,0,0,0,0,0,0,0,0,0,0,0,winter,1,0,0,0,1,0,68427.0,70270.0,58600.0,70431.0,67802.80769230769,70270.0
2025-02-20,"59,776","22,386",4.24,,,,30,8,https://news.tirumala.org/total-pilgrims-who-had-darshan-on-20-02-2025-59776/,ok,2025,2,20,3,Thursday,8,1,51,0,0,0,0,0,0.4338837391175582,-0.900968867902419,0.7690308592589181,0.6392116531380588,0,0,0,0,0,0,0,,0,0,6,22,krishna,0,0,0,0,0,0,0,0,0,0,0,0,0,0,0,0,0,winter,1,0,0,0,1,0,72745.0,64527.0,,70843.5,68207.5,64527.0
2025-02-21,"65,327","22,804",3.52,,,,10,8,https://news.tirumala.org/total-pilgrims-who-had-darshan-on-21-02-2025-65327/,ok,2025,2,21,4,Friday,8,1,52,0,0,0,0,0,-0.433883739117558,-0.9009688679024191,0.7799125224167177,0.6258885343075018,0,0,0,0,0,0,0,,0,0,5,23,krishna,0,0,0,0,0,0,0,0,0,0,0,0,0,0,0,0,0,winter,1,0,0,0,1,0,59776.0,,62971.0,70051.66666666667,68344.07692307692,
2025-02-22,"78,110","30,020",3.39,,,,21,12,https://news.tirumala.org/total-pilgrims-who-had-darshan-on-22-02-2025-78110/,ok,2025,2,22,5,Saturday,8,1,53,1,1,0,0,0,-0.9749279121818236,-0.2225209339563146,0.7905633969115482,0.612380204990065,0,0,0,0,0,0,0,,0,0,4,24,krishna,0,0,0,0,0,0,0,0,0,0,0,0,0,0,0,0,0,winter,1,0,0,0,1,0,65327.0,78873.0,76598.0,69376.71428571429,68639.15384615384,78873.0
2025-02-23,"78,892","25,930",3.55,,,,Present Direct Line.,8,https://news.tirumala.org/total-pilgrims-who-had-darshan-on-23-02-2025-78892/,ok,2025,2,23,6,Sunday,8,1,54,1,0,1,0,0,-0.7818314824680299,0.6234898018587334,0.8009803309782905,0.5986906625177214,0,0,0,0,0,0,0,,0,0,3,25,krishna,0,0,0,0,0,0,0,0,0,0,0,0,0,0,0,0,0,winter,1,0,0,0,1,0,78110.0,79705.0,84536.0,69267.71428571429,68656.80769230769,79705.0
2025-02-24,"66,764","23,504",4.14,,,,04,8,https://news.tirumala.org/total-pilgrims-who-had-darshan-on-24-02-2025-66764/,ok,2025,2,24,0,Monday,9,1,55,0,0,0,0,0,0.0,1.0,0.8111602420785621,0.5848239578463322,0,0,0,0,0,0,0,,0,0,2,26,krishna,1,0,0,0,0,0,0,0,0,0,0,0,0,0,0,0,0,winter,1,0,0,0,1,0,78892.0,60784.0,70169.0,69151.57142857143,68816.42307692308,60784.0
2025-02-25,"65,127","19,307",4.29,,,,Present Direct Line.,8,https://news.tirumala.org/total-pilgrims-who-had-darshan-on-25-02-2025-65127/,ok,2025,2,25,1,Tuesday,9,1,56,0,0,0,0,0,0.7818314824680298,0.6234898018587336,0.8211001178128892,0.5707841943569036,0,0,0,0,0,0,0,,0,0,1,27,krishna,0,0,0,0,0,0,0,0,0,0,0,0,0,0,0,0,0,winter,1,0,0,0,1,0,66764.0,68427.0,67192.0,70005.85714285714,68873.57692307692,68427.0
2025-02-26,"62,323","20,460",2.92,,,,07,8,https://news.tirumala.org/total-pilgrims-who-had-darshan-on-26-02-2025-62323/,ok,2025,2,26,2,Wednesday,9,1,57,0,0,0,0,0,0.9749279121818236,-0.2225209339563143,0.8307970168121247,0.5565755266413303,1,1,1,1,1,1,1,Maha Shivaratri,0,0,0,28,krishna,0,0,0,0,0,0,0,0,0,0,0,0,0,0,0,0,0,winter,1,0,0,0,1,0,65127.0,72745.0,70270.0,69534.42857142857,68662.69230769231,72745.0
2025-02-27,"58,627","15,468",3.72,,,,8,8,https://news.tirumala.org/total-pilgrims-who-had-darshan-on-27-02-2025-62323/,ok,2025,2,27,3,Thursday,9,1,58,0,0,0,0,0,0.4338837391175582,-0.900968867902419,0.8402480696078469,0.5422021592729844,0,0,0,0,0,0,0,,0,0,-1,29,krishna,0,0,0,0,0,0,0,0,0,0,0,0,0,0,0,0,0,winter,1,0,0,0,1,0,62323.0,59776.0,64527.0,68045.57142857143,68647.80769230769,59776.0
2025-02-28,"52,731","17,664",3.24,,,,Present Direct Line.,8,https://news.tirumala.org/total-pilgrims-who-had-darshan-on-28-02-2025-52731/,ok,2025,2,28,4,Friday,9,1,59,0,0,0,0,1,-0.433883739117558,-0.9009688679024191,0.8494504794814806,0.527668345562516,0,0,0,0,0,0,0,,0,0,-2,1,shukla,0,0,0,0,0,0,0,0,0,0,0,0,0,0,0,0,0,winter,1,0,0,0,1,0,58627.0,65327.0,,67881.42857142857,68927.73076923077,65327.0
2025-03-01,"71,785","23,481",2.84,,,,Present Direct Line.,6,https://news.tirumala.org/total-pilgrims-who-had-darshan-on-01-03-2025-71785/,ok,2025,3,1,5,Saturday,9,1,60,1,1,0,1,0,-0.9749279121818236,-0.2225209339563146,0.8584015232918917,0.512978386299228,0,0,0,0,0,0,0,,0,0,-3,2,shukla,0,0,0,0,0,0,0,0,0,0,0,0,0,0,0,0,0,summer,0,1,0,0,1,0,52731.0,78110.0,78873.0,66082.0,68962.84615384616,78110.0
2025-03-02,"69,592","24,273",,,,,Present Direct Line.,6,https://news.tirumala.org/total-pilgrims-who-had-darshan-on-02-03-2025-69592/,ok,2025,3,2,6,Sunday,9,1,61,1,0,1,0,0,-0.7818314824680299,0.6234898018587334,0.8670985522812081,0.4981366284784055,0,0,0,0,0,0,0,,0,0,-4,3,shukla,0,0,0,0,0,0,0,0,0,0,0,0,0,0,0,0,0,summer,0,1,0,0,1,0,71785.0,78892.0,79705.0,65178.42857142857,68613.38461538461,78892.0
2025-03-03,"65,683","23,453",3.74,,,,06,12,https://news.tirumala.org/total-pilgrims-who-had-darshan-on-03-03-2025-65683/,ok,2025,3,3,0,Monday,10,1,62,0,0,0,0,0,0.0,1.0,0.8755389928586302,0.4831474640149687,0,0,0,0,0,0,0,,0,0,-5,4,shukla,0,0,0,0,0,0,0,0,0,0,0,0,0,0,0,0,0,summer,0,1,0,0,1,0,69592.0,66764.0,60784.0,63849.857142857145,68378.23076923077,66764.0
2025-03-04,"64,861","19,639",3.65,,,,Present Direct Line.,8,https://news.tirumala.org/total-pilgrims-who-had-darshan-on-04-03-2025-64861/,ok,2025,3,4,1,Tuesday,10,1,63,0,0,0,0,0,0.7818314824680298,0.6234898018587336,0.8837203473619977,0.4680153284438345,0,0,0,0,0,0,0,,0,0,-6,5,shukla,0,0,0,0,0,0,0,0,0,0,0,0,0,0,0,0,0,summer,0,1,0,0,1,0,65683.0,65127.0,68427.0,63695.42857142857,68605.11538461539,65127.0
2025-03-05,"63,285","20,829",3.11,,,,08,12,https://news.tirumala.org/total-pilgrims-who-had-darshan-on-05-03-2025-63285/,ok,2025,3,5,2,Wednesday,10,1,64,0,0,0,0,0,0.9749279121818236,-0.2225209339563143,0.8916401947968874,0.452744699607371,0,0,0,0,0,0,0,,0,0,-7,6,shukla,0,0,0,0,0,0,0,0,0,0,0,0,0,0,0,0,0,summer,0,1,0,0,1,0,64861.0,62323.0,72745.0,63657.42857142857,68269.03846153847,62323.0
2025-03-06,"58,548","21,297",3.8,,,,23,18,https://news.tirumala.org/total-pilgrims-who-had-darshan-on-06-03-2025-58548/,ok,2025,3,6,3,Thursday,10,1,65,0,0,0,0,0,0.4338837391175582,-0.900968867902419,0.8992961915530253,0.4373400963303323,0,0,0,0,0,0,0,,0,0,-8,7,shukla,0,0,0,0,0,0,0,0,1,0,0,0,0,0,0,0,0,summer,0,1,0,0,1,0,63285.0,58627.0,59776.0,63794.857142857145,68449.23076923077,58627.0
2025-03-07,"67,127","22,910",3.47,,,,09,10,https://news.tirumala.org/total-pilgrims-who-had-darshan-on-07-03-2025-67127/,ok,2025,3,7,4,Friday,10,1,66,0,0,0,0,0,-0.433883739117558,-0.9009688679024191,0.9066860720977984,0.4218060770826634,0,0,0,0,0,0,0,,0,0,7,8,shukla,0,0,0,0,0,0,0,0,0,0,0,0,0,0,0,0,0,summer,0,1,0,0,1,0,58548.0,52731.0,65327.0,63783.57142857143,68082.51851851853,52731.0
2025-03-08,"74,646","30,769",3.52,,,,28,12,https://news.tirumala.org/total-pilgrims-who-had-darshan-on-08-03-2025-74646/,ok,2025,3,8,5,Saturday,10,1,67,1,1,0,0,0,-0.9749279121818236,-0.2225209339563146,0.9138076496466616,0.4061472386305789,0,0,0,0,0,0,0,,0,0,6,9,shukla,0,0,0,0,0,0,0,0,0,0,0,0,0,0,0,0,0,summer,0,1,0,0,1,0,67127.0,71785.0,78110.0,65840.14285714286,68236.44444444444,71785.0
2025-03-09,"79,478","26,667",4.05,,,,10,12,https://news.tirumala.org/total-pilgrims-who-had-darshan-on-09-03-2025-79478/,ok,2025,3,9,6,Sunday,10,1,68,1,0,1,0,0,-0.7818314824680299,0.6234898018587334,0.9206588168102428,0.3903682146763026,0,0,0,0,0,0,0,,0,0,5,10,shukla,0,0,0,0,0,0,0,0,0,0,0,0,0,0,0,0,0,summer,0,1,0,0,1,0,74646.0,69592.0,78892.0,66248.85714285714,68164.14814814815,69592.0
2025-03-10,"69,746","23,649",4.27,,,,13,12,https://news.tirumala.org/total-pilgrims-who-had-darshan-on-10-03-2025-69746/,ok,2025,3,10,0,Monday,11,1,69,0,0,0,0,0,0.0,1.0,0.9272375462179536,0.374473674486883,0,0,0,0,0,0,0,,0,0,4,11,shukla,1,0,0,0,0,0,0,0,0,0,0,0,0,0,0,0,0,summer,0,1,0,0,1,0,79478.0,65683.0,66764.0,67661.14285714286,67976.81481481482,65683.0
2025-03-11,"66,393","19,490",3.86,,,,01,6,https://news.tirumala.org/total-pilgrims-who-had-darshan-on-11-03-2025-66393/,ok,2025,3,11,1,Tuesday,11,1,70,0,0,0,0,0,0.7818314824680298,0.6234898018587336,0.9335418911179212,0.3584683215124808,0,0,0,0,0,0,0,,0,0,3,12,shukla,0,0,0,0,0,0,0,0,0,0,0,0,0,0,0,0,0,summer,0,1,0,0,1,0,69746.0,64861.0,65127.0,68241.57142857143,67961.14814814815,64861.0
2025-03-12,"68,509","23,105",3.86,,,,08,8,https://news.tirumala.org/total-pilgrims-who-had-darshan-on-12-03-2025-68509/,ok,2025,3,12,2,Wednesday,11,1,71,0,0,0,0,0,0.9749279121818236,-0.2225209339563143,0.9395699859530622,0.342356891994542,0,0,0,0,0,0,0,,0,0,2,13,shukla,0,0,0,0,0,0,0,0,0,0,0,0,0,0,0,0,0,summer,0,1,0,0,1,0,66393.0,63285.0,62323.0,68460.42857142857,67931.55555555556,63285.0
2025-03-13,"51,148","21,236",3.56,,,,31,18,https://news.tirumala.org/total-pilgrims-who-had-darshan-on-13-03-2025-51148/,ok,2025,3,13,3,Thursday,11,1,72,0,0,0,0,0,0.4338837391175582,-0.900968867902419,0.945320046913132,0.3261441535642696,0,0,0,0,0,0,0,,0,0,1,14,shukla,0,0,0,0,0,0,0,0,0,0,0,0,0,0,0,0,0,summer,0,1,0,0,1,0,68509.0,58548.0,58627.0,69206.71428571429,67866.33333333333,58548.0
2025-03-14,"63,987","26,880",2.88,,,,Outside line at TBC,18,https://news.tirumala.org/total-pilgrims-who-had-darshan-on-14-03-2025-63987/,ok,2025,3,14,4,Friday,11,1,73,0,0,0,0,0,-0.433883739117558,-0.9009688679024191,0.9507903724625832,0.3098349038318025,1,1,1,1,1,1,1,Holi,1,0,0,15,shukla,0,1,0,0,0,0,0,0,0,0,0,0,0,0,0,0,0,summer,0,1,0,0,1,0,51148.0,67127.0,52731.0,68149.57142857143,67370.81481481482,67127.0
2025-03-15,"82,580","31,905",4.0,,,,31,18,https://news.tirumala.org/total-pilgrims-who-had-darshan-on-15-03-2025-82580/,ok,2025,3,15,5,Saturday,11,1,74,1,1,0,0,0,-0.9749279121818236,-0.2225209339563146,0.9559793438440766,0.2934339689665273,0,0,0,0,0,0,0,,1,0,-1,16,krishna,0,0,0,0,0,0,0,0,0,0,0,0,0,0,0,0,0,summer,0,1,0,0,1,0,63987.0,74646.0,71785.0,67701.0,67249.96428571429,74646.0
2025-03-16,,,,,,,,,,not_found,2025,3,16,6,Sunday,11,1,75,1,0,1,0,0,-0.7818314824680299,0.6234898018587334,0.9608854255574976,0.2769462022689364,0,0,0,0,0,0,0,,1,0,-2,17,krishna,0,0,0,0,0,0,0,0,0,0,0,0,0,0,0,0,0,summer,0,1,0,0,1,0,82580.0,79478.0,69592.0,68834.42857142857,67382.35714285714,79478.0
2025-03-17,"70,824","25,674",,,,,25,12,https://news.tirumala.org/total-pilgrims-who-had-darshan-on-17-03-2025-70824/,ok,2025,3,17,0,Monday,12,1,76,0,0,0,0,0,0.0,1.0,0.9655071658143364,0.2603764827344581,0,0,0,0,0,0,0,,0,0,-3,18,krishna,0,0,0,0,0,0,0,0,0,0,0,0,0,0,0,0,0,summer,0,1,0,0,1,0,,69746.0,65683.0,67060.5,66925.96296296296,69746.0
2025-03-18,"65,487","23,909",4.75,,,,22,18,https://news.tirumala.org/total-pilgrims-who-had-darshan-on-18-03-2025-65487/,ok,2025,3,18,1,Tuesday,12,1,77,0,0,0,0,0,0.7818314824680298,0.6234898018587336,0.969843196967294,0.2437297136096838,0,0,0,0,0,0,0,,0,0,-4,19,krishna,0,0,0,0,0,0,0,0,0,0,0,0,0,0,0,0,0,summer,0,1,0,0,1,0,70824.0,66393.0,64861.0,67240.16666666667,67297.81481481482,66393.0
2025-03-19,"72,388","26,145",3.97,,,,31,18,https://news.tirumala.org/total-pilgrims-who-had-darshan-on-19-03-2025-72388/,ok,2025,3,19,2,Wednesday,12,1,78,0,0,0,0,0,0.9749279121818236,-0.2225209339563143,0.9738922359149924,0.2270108209414184,0,0,0,0,0,0,0,,0,0,-5,20,krishna,0,0,0,0,0,0,0,0,0,0,0,0,0,0,0,0,0,summer,0,1,0,0,1,0,65487.0,68509.0,63285.0,67089.16666666667,67188.92592592593,68509.0
2025-03-20,"58,872","23,523",3.71,,,,31,18,https://news.tirumala.org/total-pilgrims-who-had-darshan-on-20-03-2025-58872/,ok,2025,3,20,3,Thursday,12,1,79,0,0,0,0,0,0.4338837391175582,-0.900968867902419,0.977653084481664,0.2102247521189836,0,0,0,0,0,0,0,,0,0,-6,21,krishna,0,0,0,0,0,0,0,0,0,0,0,0,0,0,0,0,0,summer,0,1,0,0,1,0,72388.0,51148.0,58548.0,67735.66666666667,67175.70370370371,51148.0
2025-03-21,"64,170","26,821",3.98,,,,31,18,https://news.tirumala.org/total-pilgrims-who-had-darshan-on-21-03-2025-64170/,ok,2025,3,21,4,Friday,12,1,80,0,0,0,0,0,-0.433883739117558,-0.9009688679024191,0.981124629771712,0.1933764744102058,0,0,0,0,0,0,0,,0,0,-7,22,krishna,0,0,0,0,0,0,0,0,0,0,0,0,0,0,0,0,0,summer,0,1,0,0,1,0,58872.0,63987.0,67127.0,69023.0,67142.22222222222,63987.0
2025-03-22,"75,428","31,920",3.4,,,,Out side line at ATGH.,18,https://news.tirumala.org/total-pilgrims-who-had-darshan-on-22-03-2025-75428/,ok,2025,3,22,5,Saturday,12,1,81,1,1,0,0,0,-0.9749279121818236,-0.2225209339563146,0.984305844499033,0.1764709734915216,0,0,0,0,0,0,0,,0,0,-8,23,krishna,0,0,0,0,0,0,0,0,0,0,0,0,0,0,0,0,0,summer,0,1,0,0,1,0,64170.0,82580.0,74646.0,69053.5,67099.37037037036,82580.0
2025-03-23,"84,198","25,665",3.94,,,,31,12,https://news.tirumala.org/total-pilgrims-who-had-darshan-on-23-03-2025-84198/,ok,2025,3,23,6,Sunday,12,1,82,1,0,1,0,0,-0.7818314824680299,0.6234898018587334,0.9871957872910084,0.1595132519726365,0,0,0,0,0,0,0,,0,0,8,24,krishna,0,0,0,0,0,0,0,0,0,0,0,0,0,0,0,0,0,summer,0,1,0,0,1,0,75428.0,,79478.0,67861.5,67000.03703703704,
2025-03-24,"58,358","27,024",4.45,,,,Outside line at ATGH,18,https://news.tirumala.org/total-pilgrims-who-had-darshan-on-24-03-2025-58358/,ok,2025,3,24,0,Monday,13,1,83,0,0,0,0,0,0.0,1.0,0.9897936029670716,0.1425083279161708,0,0,0,0,0,0,0,,0,0,7,25,krishna,0,0,0,0,0,0,0,0,0,0,0,0,0,0,0,0,0,summer,0,1,0,0,1,0,84198.0,70824.0,69746.0,70195.28571428571,67196.55555555556,70824.0
2025-03-25,"64,252","25,943",3.68,,,,Outside line at MBC,24,https://news.tirumala.org/total-pilgrims-who-had-darshan-on-25-03-2025-64252/,ok,2025,3,25,1,Tuesday,13,1,84,0,0,0,0,0,0.7818314824680298,0.6234898018587336,0.992098522791769,0.1254612333527364,0,0,0,0,0,0,0,,0,0,6,26,krishna,1,0,0,0,0,0,0,0,0,0,0,0,0,0,0,0,0,summer,0,1,0,0,1,0,58358.0,65487.0,66393.0,68414.42857142857,66885.22222222222,65487.0
2025-03-26,"75,354","28,510",3.54,,,,Outside line at ATC,18,https://news.tirumala.org/total-pilgrims-who-had-darshan-on-26-03-2025-75354/,ok,2025,3,26,2,Wednesday,13,1,85,0,0,0,0,0,0.9749279121818236,-0.2225209339563143,0.9941098647022418,0.108377012791876,0,0,0,0,0,0,0,,0,0,5,27,krishna,0,0,0,0,0,0,0,0,0,0,0,0,0,0,0,0,0,summer,0,1,0,0,1,0,64252.0,72388.0,68509.0,68238.0,66852.81481481482,72388.0
2025-03-27,"64,279","24,482",4.36,,,,31,18,https://news.tirumala.org/total-pilgrims-who-had-darshan-on-27-03-2025-64279/,ok,2025,3,27,3,Thursday,13,1,86,0,0,0,0,0,0.4338837391175582,-0.900968867902419,0.9958270335100596,0.0912607217293118,0,0,0,0,0,0,0,,0,0,4,28,krishna,0,0,0,0,0,0,0,0,0,0,0,0,0,0,0,0,0,summer,0,1,0,0,1,0,75354.0,58872.0,51148.0,68661.71428571429,67335.44444444444,58872.0
2025-03-28,"65,569","21,780",4.15,,,,09,10,https://news.tirumala.org/total-pilgrims-who-had-darshan-on-28-03-2025-65569/,ok,2025,3,28,4,Friday,13,1,87,0,0,0,0,0,-0.433883739117558,-0.9009688679024191,0.9972495210773452,0.0741174251509443,0,0,0,0,0,0,0,,0,0,3,29,krishna,0,0,0,0,0,0,0,0,0,0,0,0,0,0,0,0,0,summer,0,1,0,0,1,0,64279.0,64170.0,63987.0,69434.14285714286,67544.77777777778,64170.0
2025-03-29,"76,005","22,686",3.8,,,,31,18,https://news.tirumala.org/total-pilgrims-who-had-darshan-on-29-03-2025-76005/,ok,2025,3,29,5,Saturday,13,1,88,1,1,0,0,0,-0.9749279121818236,-0.2225209339563146,0.998376906467142,0.0569521960340397,0,0,0,0,0,0,0,,1,0,2,30,krishna,0,0,1,0,0,0,0,0,0,0,0,0,0,0,0,0,0,summer,0,1,0,0,1,0,65569.0,75428.0,82580.0,69634.0,68020.25925925926,75428.0
2025-03-30,"62,263","25,733",3.65,,,,31,18,https://news.tirumala.org/total-pilgrims-who-had-darshan-on-30-03-2025-62263/,ok,2025,3,30,6,Sunday,13,1,89,1,0,1,0,0,-0.7818314824680299,0.6234898018587334,0.9992088560679752,0.0397701138460557,0,1,1,0,1,0,1,Ugadi,1,0,1,1,shukla,0,0,0,0,0,0,0,0,0,0,0,0,0,0,0,0,0,summer,0,1,0,0,1,0,76005.0,84198.0,,69716.42857142857,68176.55555555556,84198.0
2025-03-31,"62,263","27,440",3.04,,,,31,18,https://news.tirumala.org/total-pilgrims-who-had-darshan-on-31-03-2025-62263/,ok,2025,3,31,0,Monday,14,1,90,0,0,0,0,1,0.0,1.0,0.9997451236925734,0.0225762630415454,1,1,1,1,1,1,1,Eid al-Fitr,1,0,0,2,shukla,0,0,0,0,0,0,0,0,0,0,0,0,0,0,0,0,0,summer,0,1,0,0,1,0,62263.0,58358.0,70824.0,66582.85714285714,67905.11111111111,58358.0
2025-04-01,,,,,,,,,,not_found,2025,4,1,1,Tuesday,14,2,91,0,0,0,1,0,0.7818314824680298,0.6234898018587336,0.9999855506507186,0.0053757315575838,0,0,0,0,0,0,0,,0,0,-1,4,shukla,0,0,0,0,0,0,0,0,0,0,0,0,0,0,0,0,0,summer,0,1,0,0,1,0,62263.0,64252.0,65487.0,67140.71428571429,67778.44444444444,64252.0
2025-04-02,"72,721","25,545",4.0,,,,14,8,https://news.tirumala.org/total-pilgrims-who-had-darshan-on-02-04-2025-72721/,ok,2025,4,2,2,Wednesday,14,2,92,0,0,0,0,0,0.9749279121818236,-0.2225209339563143,0.9999300657962056,-0.0118263906918325,0,0,0,0,0,0,0,,0,0,-2,5,shukla,0,0,0,0,0,0,0,0,0,0,0,0,0,0,0,0,0,summer,0,1,0,0,1,0,,75354.0,72388.0,67622.16666666667,67890.65384615384,75354.0
2025-04-03,"58,864","25,784",4.51,,,,31,12,https://news.tirumala.org/total-pilgrims-who-had-darshan-on-03-04-2025-58864/,ok,2025,4,3,3,Thursday,14,2,93,0,0,0,0,0,0.4338837391175582,-0.900968867902419,0.9995786855478958,-0.0290250133219752,0,0,0,0,0,0,0,,0,0,-3,6,shukla,0,0,0,0,0,0,0,0,0,0,0,0,0,0,0,0,0,summer,0,1,0,0,1,0,72721.0,64279.0,58872.0,67183.33333333333,68253.57692307692,64279.0
2025-04-04,"66,327","26,354",3.73,,,,15,12,https://news.tirumala.org/total-pilgrims-who-had-darshan-on-04-04-2025-66327/,ok,2025,4,4,4,Friday,14,2,94,0,0,0,0,0,-0.433883739117558,-0.9009688679024191,0.9989315138848576,-0.0462150469837083,0,0,0,0,0,0,0,,0,0,-4,7,shukla,0,0,0,0,0,0,0,0,0,0,0,0,0,0,0,0,0,summer,0,1,0,0,1,0,58864.0,65569.0,64170.0,66280.83333333333,68265.73076923077,65569.0
2025-04-05,"78,496","30,046",3.6,,,,29,12,https://news.tirumala.org/total-pilgrims-who-had-darshan-on-05-04-2025-78496/,ok,2025,4,5,5,Saturday,14,2,95,1,1,0,0,0,-0.9749279121818236,-0.2225209339563146,0.9979887423155984,-0.0633914048695103,0,0,0,0,0,0,0,,0,0,-5,8,shukla,0,0,0,0,0,0,0,0,0,0,0,0,0,0,0,0,0,summer,0,1,0,0,1,0,66327.0,76005.0,75428.0,66407.16666666667,68234.96153846153,76005.0
2025-04-06,"72,960","23,126",3.63,,,,Present Direct Line,8,https://news.tirumala.org/total-pilgrims-who-had-darshan-on-06-04-2025-72960/,ok,2025,4,6,6,Sunday,14,2,96,1,0,1,0,0,-0.7818314824680299,0.6234898018587334,0.9967506498213928,-0.0805490042187416,0,0,0,0,0,0,0,,0,0,4,9,shukla,0,0,0,0,0,0,0,0,0,0,0,0,0,0,0,0,0,summer,0,1,0,0,1,0,78496.0,62263.0,84198.0,66822.33333333333,68383.03846153847,62263.0
2025-04-07,"66,503","23,941",4.16,,,,08,10,https://news.tirumala.org/total-pilgrims-who-had-darshan-on-07-04-2025-66503/,ok,2025,4,7,0,Monday,15,2,97,0,0,0,0,0,0.0,1.0,0.9952176027737294,-0.0976827678217159,0,0,0,0,0,0,0,,0,0,3,10,shukla,0,0,0,0,0,0,0,0,0,0,0,0,0,0,0,0,0,summer,0,1,0,0,1,0,72960.0,62263.0,58358.0,68605.16666666667,68132.34615384616,62263.0
2025-04-08,"65,201","21,040",3.93,,,,Present Direct Line.,8,https://news.tirumala.org/total-pilgrims-who-had-darshan-on-08-04-2025-65201/,ok,2025,4,8,1,Tuesday,15,2,98,0,0,0,0,0,0.7818314824680298,0.6234898018587336,0.9933900548258936,-0.114787625522127,0,0,0,0,0,0,0,,0,0,2,11,shukla,1,0,0,0,0,0,0,0,0,1,0,0,0,0,0,0,0,summer,0,1,0,0,1,0,66503.0,,64252.0,69311.83333333333,68007.61538461539,
2025-04-09,"62,076","23,699",3.27,,,,14,10,https://news.tirumala.org/total-pilgrims-who-had-darshan-on-09-04-2025-62076/,ok,2025,4,9,2,Wednesday,15,2,99,0,0,0,0,0,0.9749279121818236,-0.2225209339563143,0.9912685467787256,-0.1318585157173911,0,0,0,0,0,0,0,,0,0,1,12,shukla,0,0,0,0,0,0,0,0,0,1,0,0,0,0,0,0,0,summer,0,1,0,0,1,0,65201.0,72721.0,75354.0,68724.57142857143,67961.76923076923,72721.0
2025-04-10,"57,462","22,998",3.94,,,,31,18,https://news.tirumala.org/total-pilgrims-who-had-darshan-on-10-04-2025-57462/,ok,2025,4,10,3,Thursday,15,2,100,0,0,0,0,0,0.4338837391175582,-0.900968867902419,0.9888537064205885,-0.1488903868564548,1,1,1,1,1,1,1,Mahavira's Birthday,0,0,0,13,shukla,0,0,0,0,0,0,0,0,0,1,0,0,0,0,0,0,0,summer,0,1,0,0,1,0,62076.0,58864.0,64279.0,67203.85714285714,67714.34615384616,58864.0
2025-04-11,"70,462","25,393",3.01,,,,31,12,https://news.tirumala.org/total-pilgrims-who-had-darshan-on-11-04-2025-70462/,ok,2025,4,11,4,Friday,15,2,101,0,0,0,0,0,-0.433883739117558,-0.9009688679024191,0.986146248341595,-0.1658781989346314,0,0,0,0,0,0,0,,0,1,-1,14,shukla,0,0,0,0,0,0,0,0,0,1,0,0,0,0,0,0,0,summer,0,1,0,0,1,0,57462.0,66327.0,65569.0,67003.57142857143,67957.19230769231,66327.0
2025-04-12,"72,923","35,571",3.33,,,,Outside line at MBC,18-20,https://news.tirumala.org/total-pilgrims-who-had-darshan-on-12-04-2025-72923/,ok,2025,4,12,5,Saturday,15,2,102,1,1,0,0,0,-0.9749279121818236,-0.2225209339563146,0.98314697372215,-0.1828169249850199,0,0,0,0,0,0,0,,1,0,-2,15,shukla,0,1,0,0,0,0,0,0,0,1,0,0,0,0,0,0,0,summer,0,1,0,0,1,0,70462.0,78496.0,76005.0,67594.28571428571,68206.23076923077,78496.0
2025-04-13,"79,100","32,791",3.52,,,,Outside line at ATGH.,18,https://news.tirumala.org/total-pilgrims-who-had-darshan-on-13-04-2025-79100/,ok,2025,4,13,6,Sunday,15,2,103,1,0,1,0,0,-0.7818314824680299,0.6234898018587334,0.9798567700958664,-0.1997015525660636,0,0,0,0,0,0,0,,1,0,1,16,krishna,0,0,0,0,0,0,0,0,0,0,0,0,0,0,0,0,0,summer,0,1,0,0,1,0,72923.0,72960.0,62263.0,66798.14285714286,67834.80769230769,72960.0
2025-04-14,"73,078","25,831",3.58,,,,Outside line at TBC.,15,https://news.tirumala.org/total-pilgrims-who-had-darshan-on-14-04-2025-73078/,ok,2025,4,14,0,Monday,16,2,104,0,0,0,0,0,0.0,1.0,0.976276611086932,-0.2165270852448143,1,1,1,1,1,1,1,Dr. B. R. Ambedkar's Birthday,1,0,0,16,krishna,0,0,0,0,0,0,0,0,0,0,0,0,0,0,0,0,0,summer,0,1,0,0,1,0,79100.0,66503.0,62263.0,67675.28571428571,68252.03703703704,66503.0
2025-04-15,"70,372","24,463",4.25,,,,13,12,https://news.tirumala.org/total-pilgrims-who-had-darshan-on-15-04-2025-70372/,ok,2025,4,15,1,Tuesday,16,2,105,0,0,0,0,0,0.7818314824680298,0.6234898018587336,0.9724075561219968,-0.2332885440754551,0,0,0,0,0,0,0,,0,0,-1,17,krishna,0,0,0,0,0,0,0,0,0,0,0,0,0,0,0,0,0,summer,0,1,0,0,1,0,73078.0,65201.0,,68614.57142857143,68335.51851851853,65201.0
2025-04-16,,,,,,,,,,not_found,2025,4,16,2,Wednesday,16,2,106,0,0,0,0,0,0.9749279121818236,-0.2225209339563143,0.9682507501166718,-0.2499809690726521,0,0,0,0,0,0,0,,0,0,-2,18,krishna,0,0,0,0,0,0,0,0,0,0,0,0,0,0,0,0,0,summer,0,1,0,0,1,0,70372.0,62076.0,72721.0,69353.28571428571,68516.44444444444,62076.0
2025-04-17,"56,279","24,019",3.59,,,,31,15,https://news.tirumala.org/total-pilgrims-who-had-darshan-on-17-04-2025-56279/,ok,2025,4,17,3,Thursday,16,2,107,0,0,0,0,0,0.4338837391175582,-0.900968867902419,0.9638074231367308,-0.2665994206792935,0,0,0,0,0,0,0,,0,0,1,19,krishna,0,0,0,0,0,0,0,0,0,0,0,0,0,0,0,0,0,summer,0,1,0,0,1,0,,57462.0,58864.0,70566.16666666667,68367.53846153847,57462.0
2025-04-18,"58,519","30,360",3.27,,,,Out side line at TBC.,24,https://news.tirumala.org/total-pilgrims-who-had-darshan-on-18-04-2025-58519/,ok,2025,4,18,4,Friday,16,2,108,0,0,0,0,0,-0.433883739117558,-0.9009688679024191,0.9590788900341132,-0.2831389812281835,1,1,1,1,1,1,1,Good Friday,1,0,0,20,krishna,0,0,0,0,0,0,0,0,0,0,0,0,0,0,0,0,0,summer,0,1,0,0,1,0,56279.0,70462.0,66327.0,70369.0,68267.80769230769,70462.0
2025-04-19,"78,821","33,568",3.36,,,,Outside line at Krishna Teja Guest House.,18,https://news.tirumala.org/total-pilgrims-who-had-darshan-on-19-04-2025-78821/,ok,2025,4,19,5,Saturday,16,2,109,1,1,0,0,0,-0.9749279121818236,-0.2225209339563146,0.9540665500578388,-0.2995947563972602,0,0,0,0,0,0,0,,1,0,-1,21,krishna,0,0,0,0,0,0,0,0,0,0,0,0,0,0,0,0,0,summer,0,1,0,0,1,0,58519.0,72923.0,78496.0,68378.5,68050.46153846153,72923.0
2025-04-20,"82,746","25,078",3.85,,,,07,12,https://news.tirumala.org/total-pilgrims-who-had-darshan-on-20-04-2025-82746/,ok,2025,4,20,6,Sunday,16,2,110,1,0,1,0,0,-0.7818314824680299,0.6234898018587334,0.9487718864399473,-0.3159618766579029,0,0,0,0,0,0,0,,1,0,-2,22,krishna,0,0,0,0,0,0,0,0,0,0,0,0,0,0,0,0,0,summer,0,1,0,0,1,0,78821.0,79100.0,72960.0,69361.5,68180.96153846153,79100.0
2025-04-21,"72,937","24,157",4.79,,,,01,8,https://news.tirumala.org/total-pilgrims-who-had-darshan-on-21-04-2025-72937/,ok,2025,4,21,0,Monday,17,2,111,0,0,0,0,0,0.0,1.0,0.9431964659565866,-0.3322354987159043,0,0,0,0,0,0,0,,0,0,-3,23,krishna,0,0,0,0,0,0,0,0,0,0,0,0,0,0,0,0,0,summer,0,1,0,0,1,0,82746.0,73078.0,66503.0,69969.16666666667,68125.11538461539,73078.0
2025-04-22,"61,828","21,165",3.61,,,,02,8,https://news.tirumala.org/total-pilgrims-who-had-darshan-on-22-04-2025-61828/,ok,2025,4,22,1,Tuesday,17,2,112,0,0,0,0,0,0.7818314824680298,0.6234898018587336,0.9373419384643772,-0.3484108069446808,0,0,0,0,0,0,0,,0,0,-4,24,krishna,0,0,0,0,0,0,0,0,0,0,0,0,0,0,0,0,0,summer,0,1,0,0,1,0,72937.0,70372.0,65201.0,69945.66666666667,68685.84615384616,70372.0
2025-04-23,"68,705","25,382",3.62,,,,09,12,https://news.tirumala.org/total-pilgrims-who-had-darshan-on-23-04-2025-68705/,ok,2025,4,23,2,Wednesday,17,2,113,0,0,0,0,0,0.9749279121818236,-0.2225209339563143,0.9312100364121948,-0.3644830148102912,0,0,0,0,0,0,0,,0,0,-5,25,krishna,0,0,0,0,0,0,0,0,0,0,0,0,0,0,0,0,0,summer,0,1,0,0,1,0,61828.0,,62076.0,68521.66666666667,68592.61538461539,
2025-04-24,"58,227","28,951",2.88,,,,31,18,https://news.tirumala.org/total-pilgrims-who-had-darshan-on-24-04-2025-58227/,ok,2025,4,24,3,Thursday,17,2,114,0,0,0,0,0,0.4338837391175582,-0.900968867902419,0.9248025743285088,-0.3804473662878516,0,0,0,0,0,0,0,,0,0,-6,26,krishna,1,0,0,0,0,0,0,0,0,0,0,0,0,0,0,0,0,summer,0,1,0,0,1,0,68705.0,56279.0,57462.0,68547.85714285714,68336.88461538461,56279.0
2025-04-25,"64,536","30,612",3.37,,,,26,12,https://news.tirumala.org/total-pilgrims-who-had-darshan-on-25-04-2025-64536/,ok,2025,4,25,4,Friday,17,2,115,0,0,0,0,0,-0.433883739117558,-0.9009688679024191,0.9181214482844364,-0.3962991372689181,0,0,0,0,0,0,0,,0,0,-7,27,krishna,0,0,0,0,0,0,0,0,0,0,0,0,0,0,0,0,0,summer,0,1,0,0,1,0,58227.0,58519.0,70462.0,68826.14285714286,68104.11538461539,58519.0
2025-04-26,"82,811","34,913",3.24,,,,31,18,https://news.tirumala.org/total-pilgrims-who-had-darshan-on-26-04-2025-82811/,ok,2025,4,26,5,Saturday,17,2,116,1,1,0,0,0,-0.9749279121818236,-0.2225209339563146,0.9111686353326632,-0.4120336369594263,0,0,0,0,0,0,0,,0,0,-8,28,krishna,0,0,0,0,0,0,0,0,0,0,0,0,0,0,0,0,0,summer,0,1,0,0,1,0,64536.0,78821.0,72923.0,69685.71428571429,68064.38461538461,78821.0
2025-04-27,"78,177","23,694",3.53,,,,Present Direct Line.,6,https://news.tirumala.org/total-pilgrims-who-had-darshan-on-27-04-2025-78177/,ok,2025,4,27,6,Sunday,17,2,117,1,0,1,0,0,-0.7818314824680299,0.6234898018587334,0.9039461929224012,-0.4276462092677746,0,0,0,0,0,0,0,,0,0,-9,30,krishna,0,0,1,0,0,0,0,0,0,0,0,0,0,0,0,0,0,summer,0,1,0,0,1,0,82811.0,82746.0,79100.0,70255.71428571429,68326.15384615384,82746.0
2025-04-28,"65,904","24,487",3.53,,,,Present Direct Line.,8,https://news.tirumala.org/total-pilgrims-who-had-darshan-on-28-04-2025-65904/,ok,2025,4,28,0,Monday,18,2,118,0,0,0,0,0,0.0,1.0,0.8964562582905575,-0.4431322341826345,0,0,0,0,0,0,0,,0,0,-10,1,shukla,0,0,0,0,0,0,0,0,0,0,0,0,0,0,0,0,0,summer,0,1,0,0,1,0,78177.0,72937.0,73078.0,69603.0,68938.23076923077,72937.0
2025-04-29,"64,263","25,019",4.35,,,,Present Direct Line.,8,https://news.tirumala.org/total-pilgrims-who-had-darshan-on-29-04-2025-64263/,ok,2025,4,29,1,Tuesday,18,2,119,0,0,0,0,0,0.7818314824680298,0.6234898018587336,0.8887010478292915,-0.4584871291400876,0,0,0,0,0,0,0,,0,0,-11,2,shukla,0,0,0,0,0,0,0,0,0,0,0,0,0,0,0,0,0,summer,0,1,0,0,1,0,65904.0,61828.0,70372.0,68598.28571428571,69078.26923076923,61828.0
2025-04-30,"66,616","27,837",2.95,,,,26,12,https://news.tirumala.org/total-pilgrims-who-had-darshan-on-30-04-2025-66616/,ok,2025,4,30,2,Wednesday,18,2,120,0,0,0,0,1,0.9749279121818236,-0.2225209339563143,0.8806828564301475,-0.47370635037968,0,0,0,0,0,0,0,,0,0,-12,3,shukla,0,0,0,0,0,0,0,0,0,0,0,0,0,0,0,0,0,summer,0,1,0,0,1,0,64263.0,68705.0,,68946.14285714286,68899.92592592593,68705.0
2025-05-01,"57,863","31,030",3.04,,,,Out sideline in Silathoranam,24,https://news.tirumala.org/total-pilgrims-who-had-darshan-on-01-05-2025-57863/,ok,2025,5,1,3,Thursday,18,2,121,0,0,0,1,0,0.4338837391175582,-0.900968867902419,0.8724040568049612,-0.4887853942889926,0,0,0,0,0,0,0,,0,0,11,4,shukla,0,0,0,0,0,0,0,0,0,0,0,0,0,1,0,0,0,summer,0,1,0,0,0,0,66616.0,58227.0,56279.0,68647.71428571429,68673.81481481482,58227.0
2025-05-02,"74,344","32,169",2.5,,,,05,20,https://news.tirumala.org/total-pilgrims-who-had-darshan-on-02-05-2025-74344/,ok,2025,5,2,4,Friday,18,2,122,0,0,0,0,0,-0.433883739117558,-0.9009688679024191,0.8638670987837349,-0.503719798736334,0,0,0,0,0,0,0,,0,0,10,5,shukla,0,0,0,0,0,0,0,0,0,0,0,0,0,1,0,0,0,summer,0,1,0,0,0,0,57863.0,64536.0,58519.0,68595.71428571429,68636.74074074074,64536.0
2025-05-03,"84,113","33,868",4.12,,,,31,15,https://news.tirumala.org/total-pilgrims-who-had-darshan-on-03-05-2025-84113/,ok,2025,5,3,5,Saturday,18,2,123,1,1,0,0,0,-0.9749279121818236,-0.2225209339563146,0.8550745085896932,-0.518505144391157,0,0,0,0,0,0,0,,0,0,9,6,shukla,0,0,0,0,0,0,0,0,0,0,0,0,0,1,0,0,0,summer,0,1,0,0,0,0,74344.0,82811.0,78821.0,69996.85714285714,68933.66666666667,82811.0
2025-05-04,"83,380","27,936",3.35,,,,Present Direct Line.,2 – 4,https://news.tirumala.org/total-pilgrims-who-had-darshan-on-04-05-2025-83380/,ok,2025,5,4,6,Sunday,18,2,124,1,0,1,0,0,-0.7818314824680299,0.6234898018587334,0.8460288880917339,-0.533137056031809,0,0,0,0,0,0,0,,0,0,8,7,shukla,0,0,0,0,0,0,0,0,0,0,0,0,0,1,0,0,0,summer,0,1,0,0,0,0,84113.0,78177.0,82746.0,70182.85714285714,69141.70370370371,78177.0
2025-05-05,"65,095","26,912",3.78,,,,07,6,https://news.tirumala.org/total-pilgrims-who-had-darshan-on-05-05-2025-65095/,ok,2025,5,5,0,Monday,19,2,125,0,0,0,0,0,0.0,1.0,0.8367329140344921,-0.5476112038402312,0,0,0,0,0,0,0,,0,0,7,8,shukla,0,0,0,0,0,0,0,0,0,0,0,0,0,1,0,0,0,summer,0,1,0,0,0,0,83380.0,65904.0,72937.0,70926.14285714286,69527.62962962964,65904.0
2025-05-06,"69,214","26,599",3.27,,,,08,6,https://news.tirumala.org/total-pilgrims-who-had-darshan-on-06-05-2025-69214/,ok,2025,5,6,1,Tuesday,19,2,126,0,0,0,0,0,0.7818314824680298,0.6234898018587336,0.8271893372462497,-0.5619233046832195,0,0,0,0,0,0,0,,0,0,6,9,shukla,0,0,0,0,0,0,0,0,0,0,0,0,0,1,0,0,0,summer,0,1,0,0,0,0,65095.0,64263.0,61828.0,70810.57142857143,69475.48148148147,64263.0
2025-05-07,"71,001","28,637",3.25,,,,08,4 – 6,https://news.tirumala.org/total-pilgrims-who-had-darshan-on-07-05-2025-71001/,ok,2025,5,7,2,Wednesday,19,2,127,0,0,0,0,0,0.9749279121818236,-0.2225209339563143,0.8174009818249189,-0.5760691233798758,0,0,0,0,0,0,0,,0,0,5,10,shukla,0,0,0,0,0,0,0,0,0,0,0,0,0,1,0,0,0,summer,0,1,0,0,0,0,69214.0,66616.0,68705.0,71517.85714285714,69624.11111111111,66616.0
2025-05-08,"64,850","28,816",2.7,,,,22,6 – 8,https://news.tirumala.org/total-pilgrims-who-had-darshan-on-08-05-2025-64850/,ok,2025,5,8,3,Thursday,19,2,128,0,0,0,0,0,0.4338837391175582,-0.900968867902419,0.8073707443023492,-0.5900444739548627,0,0,0,0,0,0,0,,0,0,4,11,shukla,1,0,0,0,0,0,0,0,0,0,0,0,0,1,0,0,0,summer,0,1,0,0,0,0,71001.0,57863.0,58227.0,72144.28571428571,69954.66666666667,57863.0
2025-05-09,"68,213","29,635",3.45,,,,14,8 – 10,https://news.tirumala.org/total-pilgrims-who-had-darshan-on-09-05-2025-68213/,ok,2025,5,9,4,Friday,19,2,129,0,0,0,0,0,-0.433883739117558,-0.9009688679024191,0.7971015927871943,-0.6038452208771035,0,0,0,0,0,0,0,,0,0,3,12,shukla,0,0,0,0,0,0,0,0,0,0,0,0,0,1,0,0,0,summer,0,1,0,0,0,0,64850.0,74344.0,64536.0,73142.42857142857,70228.29629629629,74344.0
2025-05-10,"85,078","35,791",2.67,,,,21,10 – 12,https://news.tirumala.org/total-pilgrims-who-had-darshan-on-10-05-2025-85078/,ok,2025,5,10,5,Saturday,19,2,130,1,1,0,0,0,-0.9749279121818236,-0.2225209339563146,0.7865965660866021,-0.6174672802835514,0,0,0,0,0,0,0,,1,0,2,13,shukla,0,0,0,0,0,0,0,0,0,0,0,0,0,1,0,0,0,summer,0,1,0,0,0,0,68213.0,84113.0,82811.0,72266.57142857143,70145.0,84113.0
2025-05-11,"80,423","29,361",3.4,,,,04,6,https://news.tirumala.org/total-pilgrims-who-had-darshan-on-11-05-2025-80423/,ok,2025,5,11,6,Sunday,19,2,131,1,0,1,0,0,-0.7818314824680299,0.6234898018587334,0.7758587728069828,-0.6309066211876704,0,0,0,0,0,0,0,,1,0,1,14,shukla,0,0,0,0,0,0,0,0,0,0,0,0,0,1,0,0,0,summer,0,1,0,0,0,0,85078.0,83380.0,78177.0,72404.42857142857,70595.18518518518,83380.0
2025-05-12,"68,760","27,544",3.9,,,,10,4,https://news.tirumala.org/total-pilgrims-who-had-darshan-on-12-05-2025-68760/,ok,2025,5,12,0,Monday,20,2,132,0,0,0,0,0,0.0,1.0,0.7648913904341225,-0.6441592666722685,1,1,1,1,1,1,1,Buddha Purnima,1,0,0,15,shukla,0,1,0,0,0,0,0,0,0,0,0,0,0,1,0,0,0,summer,0,1,0,0,0,0,80423.0,65095.0,65904.0,71982.0,70644.18518518518,65095.0
2025-05-13,"74,477","28,294",2.84,,,,09,3,https://news.tirumala.org/total-pilgrims-who-had-darshan-on-13-05-2025-74477/,ok,2025,5,13,1,Tuesday,20,2,133,0,0,0,0,0,0.7818314824680298,0.6234898018587336,0.753697664392914,-0.6572212950663319,0,0,0,0,0,0,0,,0,0,-1,16,krishna,0,0,0,0,0,0,0,0,0,0,0,0,0,1,0,0,0,summer,0,1,0,0,0,0,68760.0,69214.0,64263.0,72505.57142857143,70484.25925925926,69214.0
2025-05-14,"74,020","31,190",3.27,,,,14,8,https://news.tirumala.org/total-pilgrims-who-had-darshan-on-14-05-2025-74020/,ok,2025,5,14,2,Wednesday,20,2,134,0,0,0,0,0,0.9749279121818236,-0.2225209339563143,0.742280907086982,-0.6700888411055113,0,0,0,0,0,0,0,,0,0,-2,17,krishna,0,0,0,0,0,0,0,0,0,0,0,0,0,1,0,0,0,summer,0,1,0,0,0,0,74477.0,71001.0,66616.0,73257.42857142857,70636.29629629629,71001.0
2025-05-15,"63,208","32,951",3.72,,,,Outside line at Silathoranam…,14,https://news.tirumala.org/total-pilgrims-who-had-darshan-on-15-05-2025-63208/,ok,2025,5,15,3,Thursday,20,2,135,0,0,0,0,0,0.4338837391175582,-0.900968867902419,0.7306444969184916,-0.6827580970759147,0,0,0,0,0,0,0,,0,0,-3,18,krishna,0,0,0,0,0,0,0,0,0,0,0,0,0,1,0,0,0,summer,0,1,0,0,0,0,74020.0,64850.0,57863.0,73688.71428571429,70757.14285714286,64850.0
2025-05-16,"70,970","33,871",2.56,,,,Outside line at Krishna Teja guest house …,16,https://news.tirumala.org/total-pilgrims-who-had-darshan-on-16-05-2025-70970/,ok,2025,5,16,4,Friday,20,2,136,0,0,0,0,0,-0.433883739117558,-0.9009688679024191,0.7187918772884232,-0.6952253139408722,0,0,0,0,0,0,0,,0,0,-4,19,krishna,0,0,0,0,0,0,0,0,0,0,0,0,0,1,0,0,0,summer,0,1,0,0,0,0,63208.0,68213.0,74344.0,73454.14285714286,71004.60714285714,68213.0
2025-05-17,"87,347","39,490",3.13,,,,Outside line at Krishna Teja guest house …,24,https://news.tirumala.org/total-pilgrims-who-had-darshan-on-17-05-2025-87347/,ok,2025,5,17,5,Saturday,20,2,137,1,1,0,0,0,-0.9749279121818236,-0.2225209339563146,0.7067265555776158,-0.7074868024503348,0,0,0,0,0,0,0,,0,0,-5,20,krishna,0,0,0,0,0,0,0,0,0,0,0,0,0,1,0,0,0,summer,0,1,0,0,0,0,70970.0,85078.0,84113.0,73848.0,71449.28571428571,85078.0
2025-05-18,"84,571","33,372",3.49,,,,31,12,https://news.tirumala.org/total-pilgrims-who-had-darshan-on-18-05-2025-84571/,ok,2025,5,18,6,Sunday,20,2,138,1,0,1,0,0,-0.7818314824680299,0.6234898018587334,0.6944521021088763,-0.719538934232584,0,0,0,0,0,0,0,,0,0,-6,20,krishna,0,0,0,0,0,0,0,0,0,0,0,0,0,1,0,0,0,summer,0,1,0,0,0,0,87347.0,80423.0,83380.0,74172.14285714286,71753.78571428571,80423.0
2025-05-19,"79,003","33,140",3.52,,,,Outside line at ATGH,15,https://news.tirumala.org/total-pilgrims-who-had-darshan-on-19-05-2025-79003/,ok,2025,5,19,0,Monday,21,2,139,0,0,0,0,0,0.0,1.0,0.6819721490904629,-0.7313781428679254,0,0,0,0,0,0,0,,0,0,-7,21,krishna,0,0,0,0,0,0,0,0,0,0,0,0,0,1,0,0,0,summer,0,1,0,0,0,0,84571.0,68760.0,65095.0,74764.71428571429,71818.96428571429,68760.0
2025-05-20,"76,000","31,766",4.07,,,,Outside line at ATGH,18,https://news.tirumala.org/total-pilgrims-who-had-darshan-on-20-05-2025-76000/,ok,2025,5,20,1,Tuesday,21,2,140,0,0,0,0,0,0.7818314824680298,0.6234898018587336,0.6692903895412567,-0.7430009249440493,0,0,0,0,0,0,0,,0,0,-8,22,krishna,0,0,0,0,0,0,0,0,0,0,0,0,0,1,0,0,0,summer,0,1,0,0,0,0,79003.0,74477.0,69214.0,76228.0,72035.60714285714,74477.0
2025-05-21,"80,964","32,125",4.24,,,,Outside line at ATGH,15,https://news.tirumala.org/total-pilgrims-who-had-darshan-on-21-05-2025-80964/,ok,2025,5,21,2,Wednesday,21,2,141,0,0,0,0,0,0.9749279121818236,-0.2225209339563143,0.6564105761979381,-0.7544038410927472,0,0,0,0,0,0,0,,0,0,-9,24,krishna,0,0,0,0,0,0,0,0,0,0,0,0,0,1,0,0,0,summer,0,1,0,0,0,0,76000.0,74020.0,71001.0,76445.57142857143,72541.75,74020.0
2025-05-22,"72,579","34,067",3.74,,,,Outside line at Silathoranam,18,https://news.tirumala.org/total-pilgrims-who-had-darshan-on-22-05-2025-72579/,ok,2025,5,22,3,Thursday,21,2,142,0,0,0,0,0,0.4338837391175582,-0.900968867902419,0.6433365204044917,-0.765583517007675,0,0,0,0,0,0,0,,0,0,-10,25,krishna,0,0,0,0,0,0,0,0,0,0,0,0,0,1,0,0,0,summer,0,1,0,0,0,0,80964.0,63208.0,64850.0,77437.57142857143,72979.57142857143,63208.0
2025-05-23,"74,374","37,477",3.02,,,,Outside line at Silathoranam,24,https://news.tirumala.org/total-pilgrims-who-had-darshan-on-23-05-2025-74374/,ok,2025,5,23,4,Friday,21,2,143,0,0,0,0,0,-0.433883739117558,-0.9009688679024191,0.6300720909843687,-0.7765366444428655,0,0,0,0,0,0,0,,0,0,-11,26,krishna,1,0,0,0,0,0,0,0,0,0,0,0,0,1,0,0,0,summer,0,1,0,0,0,0,72579.0,70970.0,68213.0,78776.28571428571,73492.14285714286,70970.0
2025-05-24,"90,211","43,346",3.11,,,,Outside line at Silathoranam,24,https://news.tirumala.org/total-pilgrims-who-had-darshan-on-24-05-2025-90211/,ok,2025,5,24,5,Saturday,21,2,144,1,1,0,0,0,-0.9749279121818236,-0.2225209339563146,0.6166212130956382,-0.7872599821916922,0,0,0,0,0,0,0,,0,0,-12,27,krishna,0,0,0,0,0,0,0,0,0,0,0,0,0,1,0,0,0,summer,0,1,0,0,0,0,74374.0,87347.0,85078.0,79262.57142857143,73843.5,87347.0
2025-05-25,"91,538","37,339",3.8,,,,Outside line at ATGH,18,https://news.tirumala.org/total-pilgrims-who-had-darshan-on-25-05-2025-91538/,ok,2025,5,25,6,Sunday,21,2,145,1,0,1,0,0,-0.7818314824680299,0.6234898018587334,0.6029878670694714,-0.7977503570459932,0,0,0,0,0,0,0,,0,0,-13,28,krishna,0,0,0,0,0,0,0,0,0,0,0,0,0,1,0,0,0,summer,0,1,0,0,0,0,90211.0,84571.0,80423.0,79671.71428571429,74107.78571428571,84571.0
2025-05-26,"83,542","34,265",5.09,,,,Outside line at ATGH,18,https://news.tirumala.org/total-pilgrims-who-had-darshan-on-26-05-2025-83542/,ok,2025,5,26,0,Monday,22,2,146,0,0,0,0,0,0.0,1.0,0.5891760872322963,-0.8080046647350754,0,0,0,0,0,0,0,,0,0,12,29,krishna,0,0,0,0,0,0,0,0,0,0,0,0,0,1,0,0,0,summer,0,1,0,0,0,0,91538.0,79003.0,68760.0,80667.0,74584.96428571429,79003.0
2025-05-27,"82,597","30,803",3.52,,,,31,18,https://news.tirumala.org/total-pilgrims-who-had-darshan-on-27-05-2025-83542/,ok,2025,5,27,1,Tuesday,22,2,147,0,0,0,0,0,0.7818314824680298,0.6234898018587336,0.5751899607119775,-0.8180198708443174,0,0,0,0,0,0,0,,0,0,11,30,krishna,0,0,1,0,0,0,0,0,0,0,0,0,0,1,0,0,0,summer,0,1,0,0,0,0,83542.0,76000.0,74477.0,81315.42857142857,75214.89285714286,76000.0
2025-05-28,"83,621","33,445",3.97,,,,Outside line at ATGH,18,https://news.tirumala.org/total-pilgrims-who-had-darshan-on-28-05-2025-83621/,ok,2025,5,28,2,Wednesday,22,2,148,0,0,0,0,0,0.9749279121818236,-0.2225209339563143,0.5610336262283677,-0.8277930117131022,0,0,0,0,0,0,0,,0,0,10,2,shukla,0,0,0,0,0,0,0,0,0,0,0,0,0,1,0,0,0,summer,0,1,0,0,0,0,82597.0,80964.0,74020.0,82257.85714285714,75869.67857142857,80964.0
2025-05-29,"69,019","37,774",3.42,,,,Outside line at Silathoranam,24,https://news.tirumala.org/total-pilgrims-who-had-darshan-on-29-05-2025-69019/,ok,2025,5,29,3,Thursday,22,2,149,0,0,0,0,0,0.4338837391175582,-0.900968867902419,0.5467112728685939,-0.8373211953118121,0,0,0,0,0,0,0,,0,0,9,3,shukla,0,0,0,0,0,0,0,0,0,0,0,0,0,1,0,0,0,summer,0,1,0,0,0,0,83621.0,72579.0,63208.0,82637.42857142857,76477.0,72579.0
2025-05-30,"71,721","36,011",3.42,,,,Outside line at Silathoranam,18,https://news.tirumala.org/total-pilgrims-who-had-darshan-on-30-05-2025-71721/,ok,2025,5,30,4,Friday,22,2,150,0,0,0,0,0,-0.433883739117558,-0.9009688679024191,0.5322271388474397,-0.8466016020976267,0,0,0,0,0,0,0,,0,0,8,4,shukla,0,0,0,0,0,0,0,0,0,0,0,0,0,1,0,0,0,summer,0,1,0,0,0,0,69019.0,74374.0,70970.0,82128.85714285714,76875.42857142857,74374.0
2025-05-31,"95,080","39,668",3.47,,,,Outside lines adding at Silathoranam,20,https://news.tirumala.org/total-pilgrims-who-had-darshan-on-31-05-2025-95080/,ok,2025,5,31,5,Saturday,22,2,151,1,1,0,0,1,-0.9749279121818236,-0.2225209339563146,0.5175855102531889,-0.8556314858488706,0,0,0,0,0,0,0,,0,0,7,5,shukla,0,0,0,0,0,0,0,0,0,0,0,0,0,1,0,0,0,summer,0,1,0,0,0,0,71721.0,90211.0,87347.0,81749.85714285714,76781.75,90211.0
2025-06-01,"78,031","32,936",3.46,,,,Outside line at ATGH,24,https://news.tirumala.org/total-pilgrims-who-had-darshan-on-01-06-2025-78031/,ok,2025,6,1,6,Sunday,22,2,152,1,0,1,1,0,-0.7818314824680299,0.6234898018587334,0.5027907197793043,-0.8644081744776648,0,0,0,0,0,0,0,,0,0,6,6,shukla,0,0,0,0,0,0,0,0,0,0,0,0,0,1,0,0,0,monsoon,0,0,1,0,0,0,95080.0,91538.0,84571.0,82445.42857142857,77173.42857142857,91538.0
2025-06-02,"84,418","34,900",3.89,,,,29,12,https://news.tirumala.org/total-pilgrims-who-had-darshan-on-02-06-2025-84418/,ok,2025,6,2,0,Monday,23,2,153,0,0,0,0,0,0.0,1.0,0.4878471454423119,-0.8729290708206411,0,0,1,0,0,0,1,,0,0,5,7,shukla,0,0,0,0,0,0,0,0,0,0,0,0,0,1,0,0,0,monsoon,0,0,1,0,0,0,78031.0,83542.0,79003.0,80515.85714285714,76982.39285714286,83542.0
2025-06-03,"78,631","31,247",4.29,,,,31,16,https://news.tirumala.org/total-pilgrims-who-had-darshan-on-03-06-2025-78631/,ok,2025,6,3,1,Tuesday,23,2,154,0,0,0,0,0,0.7818314824680298,0.6234898018587336,0.4727592092862775,-0.881191653407483,0,0,0,0,0,0,0,,0,0,4,8,shukla,0,0,0,0,0,0,0,0,0,0,0,0,0,1,0,0,0,monsoon,0,0,1,0,0,0,84418.0,82597.0,76000.0,80641.0,77672.5,82597.0
2025-06-04,"78,288","32,079",3.67,,,,25,16,https://news.tirumala.org/total-pilgrims-who-had-darshan-on-04-06-2025-78288/,ok,2025,6,4,2,Wednesday,23,2,155,0,0,0,0,0,0.9749279121818236,-0.2225209339563143,0.4575313760742512,-0.8891934772070711,0,0,0,0,0,0,0,,0,0,3,9,shukla,0,0,0,0,0,0,0,0,0,0,0,0,0,1,0,0,0,monsoon,0,0,1,0,0,0,78631.0,83621.0,80964.0,80074.42857142857,78008.82142857143,83621.0
2025-06-05,"67,284","31,268",3.34,,,,Outside line at ATGH,15,https://news.tirumala.org/total-pilgrims-who-had-darshan-on-05-06-2025-67284/,ok,2025,6,5,3,Thursday,23,2,156,0,0,0,0,0,0.4338837391175582,-0.900968867902419,0.442168151967072,-0.8969321743510065,0,0,0,0,0,0,0,,0,0,2,10,shukla,0,0,0,0,0,0,0,0,0,0,0,0,0,1,0,0,0,monsoon,0,0,1,0,0,0,78288.0,69019.0,72579.0,79312.57142857143,78269.07142857143,69019.0
2025-06-06,"67,284","35,192",2.88,,,,Outside line at Silathoranam,20,https://news.tirumala.org/total-pilgrims-who-had-darshan-on-06-06-2025-67284/,ok,2025,6,6,4,Friday,23,2,157,0,0,0,0,0,-0.433883739117558,-0.9009688679024191,0.4266740831899246,-0.9044054548343,0,0,0,0,0,0,0,,0,0,1,11,shukla,1,0,0,0,0,0,0,0,0,0,0,0,0,1,0,0,0,monsoon,0,0,1,0,0,0,67284.0,71721.0,74374.0,79064.71428571429,78356.0,71721.0
2025-06-07,"88,257","45,068",3.68,,,,Outside line at Silathoranam,24,https://news.tirumala.org/total-pilgrims-who-had-darshan-on-07-06-2025-88257/,ok,2025,6,7,5,Saturday,23,2,158,1,1,0,0,0,-0.9749279121818236,-0.2225209339563146,0.4110537546870351,-0.911611107193024,1,1,1,1,1,1,1,Eid al-Adha,0,0,0,12,shukla,0,0,0,0,0,0,0,0,0,0,0,0,0,1,0,0,0,monsoon,0,0,1,0,0,0,67284.0,95080.0,90211.0,78430.85714285714,78322.82142857143,95080.0
2025-06-08,"90,802","35,776",3.73,,,,line Adding At NG Sheds,12,https://news.tirumala.org/total-pilgrims-who-had-darshan-on-08-06-2025-90802/,ok,2025,6,8,6,Sunday,23,2,159,1,0,1,0,0,-0.7818314824680299,0.6234898018587334,0.3953117887649151,-0.9185469991587164,0,0,0,0,0,0,0,,0,0,-1,12,shukla,0,0,0,0,0,0,0,0,0,0,0,0,0,1,0,0,0,monsoon,0,0,1,0,0,0,88257.0,78031.0,91538.0,77456.14285714286,78436.35714285714,78031.0
2025-06-09,"84,258","33,502",3.9,,,,line Adding At NG Sheds,18,https://news.tirumala.org/total-pilgrims-who-had-darshan-on-09-06-2025-84258/,ok,2025,6,9,0,Monday,24,2,160,0,0,0,0,0,0.0,1.0,0.3794528437245443,-0.925211078289358,0,0,0,0,0,0,0,,0,0,-2,13,shukla,0,0,0,0,0,0,0,0,0,0,0,0,0,1,0,0,0,monsoon,0,0,1,0,0,0,90802.0,84418.0,83542.0,79280.57142857143,78807.03571428571,84418.0
2025-06-10,"80,894","32,508",4.3,,,,line Adding At NG Sheds,18,https://news.tirumala.org/total-pilgrims-who-had-darshan-on-10-06-2025-80894/,ok,2025,6,10,1,Tuesday,24,2,161,0,0,0,0,0,0.7818314824680298,0.6234898018587336,0.3634816124829063,-0.9316013725767188,0,0,0,0,0,0,0,,0,0,-3,14,shukla,0,0,0,0,0,0,0,0,0,0,0,0,0,1,0,0,0,monsoon,0,0,1,0,0,0,84258.0,78631.0,82597.0,79257.71428571429,79360.53571428571,78631.0
2025-06-11,"79,296","33,511",3.49,,,,line Adding At NG Sheds,15- 18,https://news.tirumala.org/total-pilgrims-who-had-darshan-on-11-06-2025-80894/,ok,2025,6,11,2,Wednesday,24,2,162,0,0,0,0,0,0.9749279121818236,-0.2225209339563143,0.3474028211842774,-0.9377159910299092,0,0,0,0,0,0,0,,0,0,-4,15,shukla,0,1,0,0,0,0,0,0,0,0,0,0,0,1,0,0,0,monsoon,0,0,1,0,0,0,80894.0,78288.0,83621.0,79581.0,79589.71428571429,78288.0
2025-06-12,"69,609","33,144",4.11,,,,Outside line At ATGH,16,https://news.tirumala.org/total-pilgrims-who-had-darshan-on-12-06-2025-69609/,ok,2025,6,12,3,Thursday,24,2,163,0,0,0,0,0,0.4338837391175582,-0.900968867902419,0.3312212278016865,-0.9435531242349544,0,0,0,0,0,0,0,,0,0,-5,16,krishna,0,0,0,0,0,0,0,0,0,0,0,0,0,0,0,0,0,monsoon,0,0,1,0,0,0,79296.0,67284.0,69019.0,79725.0,79778.14285714286,67284.0
2025-06-13,"75,096","36,262",3.93,,,,Outside line At Krishna Teja guest house,18,https://news.tirumala.org/total-pilgrims-who-had-darshan-on-13-06-2025-75096/,ok,2025,6,13,4,Friday,24,2,164,0,0,0,0,0,-0.433883739117558,-0.9009688679024191,0.3149416207289519,-0.9491110448902284,0,0,0,0,0,0,0,,0,0,-6,17,krishna,0,0,0,0,0,0,0,0,0,0,0,0,0,0,0,0,0,monsoon,0,0,1,0,0,0,69609.0,67284.0,71721.0,80057.14285714286,80006.75,67284.0
2025-06-14,"91,720","44,678",3.8,,,,Outside line At Seva Sadan,20,https://news.tirumala.org/total-pilgrims-who-had-darshan-on-14-06-2025-91720/,ok,2025,6,14,5,Saturday,24,2,165,1,1,0,0,0,-0.9749279121818236,-0.2225209339563146,0.2985688173637202,-0.9543881083175908,0,0,0,0,0,0,0,,0,0,-7,18,krishna,0,0,0,0,0,0,0,0,0,0,0,0,0,0,0,0,0,monsoon,0,0,1,0,0,0,75096.0,88257.0,95080.0,81173.14285714286,80154.10714285714,88257.0
2025-06-15,"90,815","35,007",4.52,,,,Outside line At ATGH,18,https://news.tirumala.org/total-pilgrims-who-had-darshan-on-15-06-2025-90815/,ok,2025,6,15,6,Sunday,24,2,166,1,0,1,0,0,-0.7818314824680299,0.6234898018587334,0.2821076626819194,-0.9593827529490744,0,0,0,0,0,0,0,,0,0,-8,19,krishna,0,0,0,0,0,0,0,0,0,0,0,0,0,0,0,0,0,monsoon,0,0,1,0,0,0,91720.0,90802.0,78031.0,81667.85714285714,80310.28571428571,90802.0
2025-06-16,"84,681","35,261",4.43,,,,Outside line At ATGH,18,https://news.tirumala.org/total-pilgrims-who-had-darshan-on-16-06-2025-84681/,ok,2025,6,16,0,Monday,25,2,167,0,0,0,0,0,0.0,1.0,0.2655630278040559,-0.9640935007889756,0,0,0,0,0,0,0,,0,0,-9,20,krishna,0,0,0,0,0,0,0,0,0,0,0,0,0,0,0,0,0,monsoon,0,0,1,0,0,0,90815.0,84258.0,84418.0,81669.71428571429,80533.28571428571,84258.0
2025-06-17,"81,037","30,548",4.12,,,,Outside line At ATGH,18,https://news.tirumala.org/total-pilgrims-who-had-darshan-on-17-06-2025-81037/,ok,2025,6,17,1,Tuesday,25,2,168,0,0,0,0,0,0.7818314824680298,0.6234898018587336,0.2489398085537665,-0.9685189578512204,0,0,0,0,0,0,0,,0,0,-10,21,krishna,0,0,0,0,0,0,0,0,0,0,0,0,0,0,0,0,0,monsoon,0,0,1,0,0,0,84681.0,80894.0,78631.0,81730.14285714286,80736.07142857143,80894.0
2025-06-18,"80,440","33,687",3.47,,,,Outside line At Krishna Teja guest house,20,https://news.tirumala.org/total-pilgrims-who-had-darshan-on-18-06-2025-80440/,ok,2025,6,18,2,Wednesday,25,2,169,0,0,0,0,0,0.9749279121818236,-0.2225209339563143,0.2322429240090701,-0.9726578145718654,0,0,0,0,0,0,0,,0,0,-11,22,krishna,0,0,0,0,0,0,0,0,0,0,0,0,0,0,0,0,0,monsoon,0,0,1,0,0,0,81037.0,79296.0,78288.0,81750.57142857143,80915.96428571429,79296.0
2025-06-19,"70,226","31,960",4.3,,,,Outside line At ATGH,18,https://news.tirumala.org/total-pilgrims-who-had-darshan-on-19-06-2025-70226/,ok,2025,6,19,3,Thursday,25,2,170,0,0,0,0,0,0.4338837391175582,-0.900968867902419,0.2154773150467301,-0.976508846196619,0,0,0,0,0,0,0,,0,0,-12,23,krishna,0,0,0,0,0,0,0,0,0,0,0,0,0,0,0,0,0,monsoon,0,0,1,0,0,0,80440.0,69609.0,67284.0,81914.0,80897.25,69609.0
2025-06-20,"76,181","33,874",4.88,,,,Outside line At Shilathoranam,24,https://news.tirumala.org/total-pilgrims-who-had-darshan-on-20-06-2025-76181/,ok,2025,6,20,4,Friday,25,2,171,0,0,0,0,0,-0.433883739117558,-0.9009688679024191,0.1986479428801711,-0.9800709131432666,0,0,0,0,0,0,0,,0,0,-13,24,krishna,0,0,0,0,0,0,0,0,0,0,0,0,0,0,0,0,0,monsoon,0,0,1,0,0,0,70226.0,75096.0,67284.0,82002.14285714286,80813.21428571429,75096.0
2025-06-21,"90,087","41,891",4.3,,,,Outside line At Shilathoranam,24,https://news.tirumala.org/total-pilgrims-who-had-darshan-on-21-06-2025-90087/,ok,2025,6,21,5,Saturday,25,2,172,1,1,0,0,0,-0.9749279121818236,-0.2225209339563146,0.1817597875913753,-0.9833429613388902,0,0,0,0,0,0,0,,0,0,-14,25,krishna,0,0,0,0,0,0,0,0,0,0,0,0,0,0,0,0,0,monsoon,0,0,1,0,0,0,76181.0,91720.0,88257.0,82157.14285714286,80877.75,91720.0
2025-06-22,"87,254","33,777",4.28,,,,Outside line At Krishna Teja guest house,24,https://news.tirumala.org/total-pilgrims-who-had-darshan-on-22-06-2025-87254/,ok,2025,6,22,6,Sunday,25,2,173,1,0,1,0,0,-0.7818314824680299,0.6234898018587334,0.1648178466571979,-0.9863240225317866,0,0,0,0,0,0,0,,0,0,14,27,krishna,0,0,0,0,0,0,0,0,0,0,0,0,0,0,0,0,0,monsoon,0,0,1,0,0,0,90087.0,90815.0,90802.0,81923.85714285714,80873.32142857143,90815.0
2025-06-23,"84,179","33,036",4.72,,,,29,18,https://news.tirumala.org/total-pilgrims-who-had-darshan-on-23-06-2025-84179/,ok,2025,6,23,0,Monday,26,2,174,0,0,0,0,0,0.0,1.0,0.1478271334705304,-0.9890132145779884,0,0,0,0,0,0,0,,0,0,13,28,krishna,0,0,0,0,0,0,0,0,0,0,0,0,0,0,0,0,0,monsoon,0,0,1,0,0,0,87254.0,84681.0,84258.0,81415.14285714286,80720.32142857143,84681.0
2025-06-24,,,,,,,,,,not_found,2025,6,24,1,Tuesday,26,2,175,0,0,0,0,0,0.7818314824680298,0.6234898018587336,0.1307926758567592,-0.9914097417023038,0,0,0,0,0,0,0,,0,0,12,29,krishna,0,0,0,0,0,0,0,0,0,0,0,0,0,0,0,0,0,monsoon,0,0,1,0,0,0,84179.0,81037.0,80894.0,81343.42857142857,80743.07142857143,81037.0
2025-06-25,"75,001","23,765",3.67,,,,11,08,https://news.tirumala.org/total-pilgrims-who-had-darshan-on-25-06-2025-75001/,ok,2025,6,25,2,Wednesday,26,2,176,0,0,0,0,0,0.9749279121818236,-0.2225209339563143,0.1137195145859496,-0.9935128947338008,0,0,0,0,0,0,0,,0,0,11,30,krishna,0,0,1,0,0,0,0,0,0,0,0,0,0,0,0,0,0,monsoon,0,0,1,0,0,0,,80440.0,79296.0,81394.5,80674.4074074074,80440.0
2025-06-26,"64,879","23,960",4.09,,,,26,18,https://news.tirumala.org/total-pilgrims-who-had-darshan-on-26-06-2025-64879/,ok,2025,6,26,3,Thursday,26,2,177,0,0,0,0,0,0.4338837391175582,-0.900968867902419,0.0966127018812031,-0.9953220513156602,0,0,0,0,0,0,0,,0,0,10,1,shukla,0,0,0,0,0,0,0,0,0,0,0,0,0,0,0,0,0,monsoon,0,0,1,0,0,0,75001.0,70226.0,69609.0,80488.0,80355.14814814815,70226.0
2025-06-27,"68,229","30,559",4.02,,,,Line Adding At NG Sheds,20,https://news.tirumala.org/total-pilgrims-who-had-darshan-on-27-06-2025-68229/,ok,2025,6,27,4,Friday,26,2,178,0,0,0,0,0,-0.433883739117558,-0.9009688679024191,0.0794772999236209,-0.9968366760893436,0,0,0,0,0,0,0,,0,0,9,2,shukla,0,0,0,0,0,0,0,0,0,0,0,0,0,0,0,0,0,monsoon,0,0,1,0,0,0,64879.0,76181.0,75096.0,79596.83333333333,80201.81481481482,76181.0
2025-06-28,"90,051","39,058",2.9,,,,Line Adding At NG Sheds,15,https://news.tirumala.org/total-pilgrims-who-had-darshan-on-28-06-2025-90051/,ok,2025,6,28,5,Saturday,26,2,179,1,1,0,0,0,-0.9749279121818236,-0.2225209339563146,0.062318379354325,-0.998056320853012,0,0,0,0,0,0,0,,0,0,8,3,shukla,0,0,0,0,0,0,0,0,0,0,0,0,0,0,0,0,0,monsoon,0,0,1,0,0,0,68229.0,90087.0,91720.0,78271.5,80072.48148148147,90087.0
2025-06-29,"88,497","29,054",4.34,,,,10,10,https://news.tirumala.org/total-pilgrims-who-had-darshan-on-29-06-2025-88497/,ok,2025,6,29,6,Sunday,26,2,180,1,0,1,0,0,-0.7818314824680299,0.6234898018587334,0.0451410177739719,-0.998980624694158,0,0,0,0,0,0,0,,0,0,7,4,shukla,0,0,0,0,0,0,0,0,0,0,0,0,0,0,0,0,0,monsoon,0,0,1,0,0,0,90051.0,87254.0,90815.0,78265.5,79886.22222222222,87254.0
2025-06-30,"78,730","28,940",5.3,,,,12,12,https://news.tirumala.org/total-pilgrims-who-had-darshan-on-30-06-2025-78730/,ok,2025,6,30,0,Monday,27,2,181,0,0,0,0,1,0.0,1.0,0.0279502982402103,-0.999609314096404,0,0,0,0,0,0,0,,0,0,6,5,shukla,0,0,0,0,0,0,0,0,0,0,0,0,0,0,0,0,0,monsoon,0,0,1,0,0,0,88497.0,84179.0,84681.0,78472.66666666667,80273.85185185185,84179.0
2025-07-01,"76,126","24,720",3.97,,,,04,10,https://news.tirumala.org/total-pilgrims-who-had-darshan-on-01-07-2025-76126/,ok,2025,7,1,1,Tuesday,27,3,182,0,0,0,1,0,0.7818314824680298,0.6234898018587336,0.0107513077635219,-0.9999422030204416,0,0,0,0,0,0,0,,0,0,5,6,shukla,0,0,0,0,0,0,0,0,0,0,0,0,0,0,0,0,0,monsoon,0,0,1,0,0,0,78730.0,,81037.0,77564.5,80063.18518518518,
2025-07-02,"74,510","28,050",3.98,,,,11,12-15,https://news.tirumala.org/total-pilgrims-who-had-darshan-on-02-07-2025-74510/,ok,2025,7,2,2,Wednesday,27,3,183,0,0,0,0,0,0.9749279121818236,-0.2225209339563143,-0.0064508641981051,-0.9999791929590824,0,0,0,0,0,0,0,,0,0,4,7,shukla,0,0,0,0,0,0,0,0,0,0,0,0,0,0,0,0,0,monsoon,0,0,1,0,0,0,76126.0,75001.0,80440.0,77359.0,79970.4074074074,75001.0
2025-07-03,"64,015","26,786",3.54,,,,Line Adding at NG sheds,24,https://news.tirumala.org/total-pilgrims-who-had-darshan-on-03-07-2025-64015/,ok,2025,7,3,3,Thursday,27,3,184,0,0,0,0,0,0.4338837391175582,-0.900968867902419,-0.0236511272452315,-0.9997202729664084,0,0,0,0,0,0,0,,0,0,3,8,shukla,0,0,0,0,0,0,0,0,0,0,0,0,0,0,0,0,0,monsoon,0,0,1,0,0,0,74510.0,64879.0,70226.0,77288.85714285714,79830.48148148147,64879.0
2025-07-04,"70,011","28,496",3.53,,,,Line Adding at NG sheds,24,https://news.tirumala.org/total-pilgrims-who-had-darshan-on-04-07-2025-70011/,ok,2025,7,4,4,Friday,27,3,185,0,0,0,0,0,-0.433883739117558,-0.9009688679024191,-0.0408443915432961,-0.9991655196610107,0,0,0,0,0,0,0,,0,0,2,9,shukla,0,0,0,0,0,0,0,0,0,0,0,0,0,0,0,0,0,monsoon,0,0,1,0,0,0,64015.0,68229.0,76181.0,77165.42857142857,79709.4074074074,68229.0
2025-07-05,"87,536","35,120",3.33,,,,Outside line at Krishna Teja guest house,18,https://news.tirumala.org/total-pilgrims-who-had-darshan-on-05-07-2025-87536/,ok,2025,7,5,5,Saturday,27,3,186,1,1,0,0,0,-0.9749279121818236,-0.2225209339563146,-0.0580255693287803,-0.9983150972033183,0,0,0,0,0,0,0,,0,0,1,10,shukla,0,0,0,0,0,0,0,0,0,0,0,0,0,0,0,0,0,monsoon,0,0,1,0,0,0,70011.0,90051.0,90087.0,77420.0,79810.4074074074,90051.0
2025-07-06,"88,938","28,548",4.39,,,,line adding at NG sheds,18,https://news.tirumala.org/total-pilgrims-who-had-darshan-on-06-07-2025-88938/,ok,2025,7,6,6,Sunday,27,3,187,1,0,1,0,0,-0.7818314824680299,0.6234898018587334,-0.0751895764147585,-0.9971692572470178,1,1,1,1,1,1,1,Ashura,0,0,0,11,shukla,1,0,0,0,0,0,0,0,0,0,0,0,0,0,0,0,0,monsoon,0,0,1,0,0,0,87536.0,88497.0,87254.0,77060.71428571429,79783.70370370371,88497.0
2025-07-07,"80,081","28,775",4.48,,,,line adding at NG sheds,20,https://news.tirumala.org/total-pilgrims-who-had-darshan-on-07-07-2025-80081/,ok,2025,7,7,0,Monday,28,3,188,0,0,0,0,0,0.0,1.0,-0.0923313336953912,-0.9957283388645872,0,0,0,0,0,0,0,,0,0,-1,12,shukla,0,0,0,0,0,0,0,0,0,0,0,0,0,0,0,0,0,monsoon,0,0,1,0,0,0,88938.0,78730.0,84179.0,77123.71428571429,79714.66666666667,78730.0
2025-07-08,"78,320","24,950",4.66,,,,21,12,https://news.tirumala.org/total-pilgrims-who-had-darshan-on-08-07-2025-78320/,ok,2025,7,8,1,Tuesday,28,3,189,0,0,0,0,0,0.7818314824680298,0.6234898018587336,-0.1094457686489155,-0.993992768446958,0,0,0,0,0,0,0,,0,0,-2,13,shukla,0,0,0,0,0,0,0,0,0,0,0,0,0,0,0,0,0,monsoon,0,0,1,0,0,0,80081.0,76126.0,,77316.71428571429,79559.96296296296,76126.0
2025-07-09,"76,501","29,033",4.39,,,,29,20,https://news.tirumala.org/total-pilgrims-who-had-darshan-on-09-07-2025-76501/,ok,2025,7,9,2,Wednesday,28,3,190,0,0,0,0,0,0.9749279121818236,-0.2225209339563143,-0.1265278168386831,-0.9919630595773395,0,0,0,0,0,0,0,,0,0,-3,14,shukla,0,0,0,0,0,0,0,0,0,0,0,0,0,0,0,0,0,monsoon,0,0,1,0,0,0,78320.0,74510.0,75001.0,77630.14285714286,79464.62962962964,74510.0
2025-07-10,"63,473","27,796",4.54,,,,Outside line at Shilathoranam,20,https://news.tirumala.org/total-pilgrims-who-had-darshan-on-10-07-2025-63473/,ok,2025,7,10,3,Thursday,28,3,191,0,0,0,0,0,0.4338837391175582,-0.900968867902419,-0.1435724234118113,-0.9896398128792412,0,0,0,0,0,0,0,,0,0,-4,15,shukla,0,1,0,0,0,0,0,0,0,0,0,0,0,0,0,0,0,monsoon,0,0,1,0,0,0,76501.0,64015.0,64879.0,77914.57142857143,79361.11111111111,64015.0
2025-07-11,"70,217","31,155",3.84,,,,Outside line at Shilathoranam,24,https://news.tirumala.org/total-pilgrims-who-had-darshan-on-11-07-2025-63473/,ok,2025,7,11,4,Friday,28,3,192,0,0,0,0,0,-0.433883739117558,-0.9009688679024191,-0.1605745445949937,-0.9870237158387384,0,0,0,0,0,0,0,,0,0,-5,16,krishna,0,0,0,0,0,0,0,0,0,0,0,0,0,0,0,0,0,monsoon,0,0,1,0,0,0,63473.0,70011.0,68229.0,77837.14285714286,79133.85185185185,70011.0
2025-07-12,"92,221","42,280",3.51,,,,Outside line at Actopus circle,24,https://news.tirumala.org/total-pilgrims-who-had-darshan-on-12-07-2025-92221/,ok,2025,7,12,5,Saturday,28,3,193,1,1,0,0,0,-0.9749279121818236,-0.2225209339563146,-0.1775291491870349,-0.984115542601034,0,0,0,0,0,0,0,,0,0,-6,17,krishna,0,0,0,0,0,0,0,0,0,0,0,0,0,0,0,0,0,monsoon,0,0,1,0,0,0,70217.0,87536.0,90051.0,77866.57142857143,78953.14814814815,87536.0
2025-07-13,"80,193","33,298",4.43,,,,Outside line at Shilathoranam,24,https://news.tirumala.org/total-pilgrims-who-had-darshan-on-13-07-2025-80193/,ok,2025,7,13,6,Sunday,28,3,194,1,0,1,0,0,-0.7818314824680299,0.6234898018587334,-0.1944312200476619,-0.9809161537413774,0,0,0,0,0,0,0,,0,0,-7,18,krishna,0,0,0,0,0,0,0,0,0,0,0,0,0,0,0,0,0,monsoon,0,0,1,0,0,0,92221.0,88938.0,88497.0,78535.85714285714,78971.70370370371,88938.0
2025-07-14,"74,149","29,066",4.72,,,,Outside line at Shilathoranam,24,https://news.tirumala.org/total-pilgrims-who-had-darshan-on-14-07-2025-74149/,ok,2025,7,14,0,Monday,29,3,195,0,0,0,0,0,0.0,1.0,-0.2112757555821793,-0.9774264960104057,0,0,0,0,0,0,0,,0,0,-8,19,krishna,0,0,0,0,0,0,0,0,0,0,0,0,0,0,0,0,0,monsoon,0,0,1,0,0,0,80193.0,80081.0,78730.0,77286.57142857143,78578.29629629629,80081.0
2025-07-15,"73,020","27,609",4.19,,,,Outside line at Shilathoranam,24,https://news.tirumala.org/total-pilgrims-who-had-darshan-on-15-07-2025-73020/,ok,2025,7,15,1,Tuesday,29,3,196,0,0,0,0,0,0.7818314824680298,0.6234898018587336,-0.2280577712215198,-0.9736476020539838,0,0,0,0,0,0,0,,0,0,-9,20,krishna,0,0,0,0,0,0,0,0,0,0,0,0,0,0,0,0,0,monsoon,0,0,1,0,0,0,74149.0,78320.0,76126.0,76439.14285714286,78188.22222222222,78320.0
2025-07-16,"75,104","31,896",3.66,,,,Outside line at shilathoranam,24,https://news.tirumala.org/total-pilgrims-who-had-darshan-on-16-07-2025-75104/,ok,2025,7,16,2,Wednesday,29,3,197,0,0,0,0,0,0.9749279121818236,-0.2225209339563143,-0.2447723008972595,-0.9695805901076308,0,0,0,0,0,0,0,,0,0,-10,21,krishna,0,0,0,0,0,0,0,0,0,0,0,0,0,0,0,0,0,monsoon,0,0,1,0,0,0,73020.0,76501.0,74510.0,75682.0,77891.29629629629,76501.0
2025-07-17,"63,897","29,500",3.66,,,,Outside line at shilathoranam,20,https://news.tirumala.org/total-pilgrims-who-had-darshan-on-17-07-2025-63897/,ok,2025,7,17,3,Thursday,29,3,198,0,0,0,0,0,0.4338837391175582,-0.900968867902419,-0.2614143985111562,-0.965226663665613,0,0,0,0,0,0,0,,0,0,-11,22,krishna,0,0,0,0,0,0,0,0,0,0,0,0,0,0,0,0,0,monsoon,0,0,1,0,0,0,75104.0,63473.0,64015.0,75482.42857142857,77693.66666666667,63473.0
2025-07-18,"73,093","31,570",4.21,,,,Outside line at Shilathoranam,,https://news.tirumala.org/total-pilgrims-who-had-darshan-on-18-07-2025-73093/,ok,2025,7,18,4,Friday,29,3,199,0,0,0,0,0,-0.433883739117558,-0.9009688679024191,-0.2779791393987801,-0.9605871111248128,0,0,0,0,0,0,0,,0,0,-12,23,krishna,0,0,0,0,0,0,0,0,0,0,0,0,0,0,0,0,0,monsoon,0,0,1,0,0,0,63897.0,70217.0,70011.0,75543.0,77459.25925925926,70217.0
2025-07-19,"90,011","33,328",4.23,,,,Line adding at Narayana Giri sheds,12,https://news.tirumala.org/total-pilgrims-who-had-darshan-on-19-07-2025-90011/,ok,2025,7,19,5,Saturday,29,3,200,1,1,0,0,0,-0.9749279121818236,-0.2225209339563146,-0.2944616217868012,-0.9556633054034704,0,0,0,0,0,0,0,,0,0,-13,24,krishna,0,0,0,0,0,0,0,0,0,0,0,0,0,0,0,0,0,monsoon,0,0,1,0,0,0,73093.0,92221.0,87536.0,75953.85714285714,77344.88888888889,92221.0
2025-07-20,"90,011","30,099",4.33,,,,Line adding at Narayana Giri sheds,14,https://news.tirumala.org/total-pilgrims-who-had-darshan-on-20-07-2025-90011/,ok,2025,7,20,6,Sunday,29,3,201,1,0,1,0,0,-0.7818314824680299,0.6234898018587334,-0.3108569682435036,-0.9504567035349152,0,0,0,0,0,0,0,,0,0,-14,25,krishna,0,0,0,0,0,0,0,0,0,0,0,0,0,0,0,0,0,monsoon,0,0,1,0,0,0,90011.0,80193.0,88938.0,75638.14285714286,77342.07407407407,80193.0
2025-07-21,"77,481","30,612",3.96,,,,Outside line At ATGH,18,https://news.tirumala.org/total-pilgrims-who-had-darshan-on-21-07-2025-77481/,ok,2025,7,21,0,Monday,30,3,202,0,0,0,0,0,0.0,1.0,-0.3271603271220951,-0.9449688462364056,0,0,1,0,0,0,1,,0,0,-15,26,krishna,1,0,0,0,0,0,0,0,0,0,0,0,0,0,0,0,0,monsoon,0,0,1,0,0,0,90011.0,74149.0,80081.0,77040.71428571429,77444.18518518518,74149.0
2025-07-22,"79,467","28,642",4.42,,,,Line adding at Narayana Giri sheds,12,https://news.tirumala.org/total-pilgrims-who-had-darshan-on-22-07-2025-79467/,ok,2025,7,22,1,Tuesday,30,3,203,0,0,0,0,0,0.7818314824680298,0.6234898018587336,-0.343366873996388,-0.939201357453208,0,0,0,0,0,0,0,,0,0,-16,27,krishna,0,0,0,0,0,0,0,0,0,0,0,0,0,0,0,0,0,monsoon,0,0,1,0,0,0,77481.0,73020.0,78320.0,77516.71428571429,77196.11111111111,73020.0
2025-07-23,"80,130","26,786",4.55,,,,18,10-12,https://news.tirumala.org/total-pilgrims-who-had-darshan-on-23-07-2025-80130/,ok,2025,7,23,2,Wednesday,30,3,204,0,0,0,0,0,0.9749279121818236,-0.2225209339563143,-0.3594718130884232,-0.9331559438780432,0,0,0,0,0,0,0,,0,0,-17,29,krishna,0,0,0,0,0,0,0,0,0,0,0,0,0,0,0,0,0,monsoon,0,0,1,0,0,0,79467.0,75104.0,76501.0,78437.71428571429,77277.21428571429,75104.0
2025-07-24,"68,838","22,212",4.49,,,,25,18,https://news.tirumala.org/total-pilgrims-who-had-darshan-on-24-07-2025-68838/,ok,2025,7,24,3,Thursday,30,3,205,0,0,0,0,0,0.4338837391175582,-0.900968867902419,-0.3754703786876202,-0.9268343944460494,0,0,0,0,0,0,0,,0,0,-18,30,krishna,0,0,1,0,0,0,0,0,0,0,0,0,0,0,0,0,0,monsoon,0,0,1,0,0,0,80130.0,63897.0,63473.0,79155.71428571429,77460.39285714286,63897.0
2025-07-25,"73,576","25,227",4.23,,,,12,8,https://news.tirumala.org/total-pilgrims-who-had-darshan-on-25-07-2025-73576/,ok,2025,7,25,4,Friday,30,3,206,0,0,0,0,0,-0.433883739117558,-0.9009688679024191,-0.3913578365610259,-0.9202385798054076,0,0,0,0,0,0,0,,0,0,-19,1,shukla,0,0,0,0,0,0,0,0,0,0,0,0,0,0,0,0,0,monsoon,0,0,1,0,0,0,68838.0,73093.0,70217.0,79861.57142857143,77601.78571428571,73093.0
2025-07-26,,,,,,,,,,not_found,2025,7,26,5,Saturday,30,3,207,1,1,0,0,0,-0.9749279121818236,-0.2225209339563146,-0.4071294853542516,-0.9133704517637858,0,0,0,0,0,0,0,,0,0,-20,2,shukla,0,0,0,0,0,0,0,0,0,0,0,0,0,0,0,0,0,monsoon,0,0,1,0,0,0,73576.0,90011.0,92221.0,79930.57142857143,77792.75,90011.0
2025-07-27,"85,486","30,929",3.85,,,,12,12,https://news.tirumala.org/total-pilgrims-who-had-darshan-on-27-07-2025-85486/,ok,2025,7,27,6,Sunday,30,3,208,1,0,1,0,0,-0.7818314824680299,0.6234898018587334,-0.4227806579826773,-0.9062320427107696,0,0,0,0,0,0,0,,0,0,19,3,shukla,0,0,0,0,0,0,0,0,0,0,0,0,0,0,0,0,0,monsoon,0,0,1,0,0,0,,90011.0,80193.0,78250.5,77338.74074074074,90011.0
2025-07-28,"77,044","28,478",5.44,,,,20,12,https://news.tirumala.org/total-pilgrims-who-had-darshan-on-28-07-2025-77044/,ok,2025,7,28,0,Monday,31,3,209,0,0,0,0,0,0.0,1.0,-0.4383067230125192,-0.898825465016444,0,0,0,0,0,0,0,,0,0,18,4,shukla,0,0,0,0,0,0,0,0,0,0,0,0,0,0,0,0,0,monsoon,0,0,1,0,0,0,85486.0,77481.0,74149.0,77496.33333333333,77227.22222222222,77481.0
2025-07-29,"75,183","25,906",4.89,,,,18,12,https://news.tirumala.org/total-pilgrims-who-had-darshan-on-29-07-2025-75183/,ok,2025,7,29,1,Tuesday,31,3,210,0,0,0,0,0,0.7818314824680298,0.6234898018587336,-0.4537030860313442,-0.8911529104063088,0,0,0,0,0,0,0,,0,0,17,5,shukla,0,0,0,0,0,0,0,0,0,0,0,0,0,0,0,0,0,monsoon,0,0,1,0,0,0,77044.0,79467.0,73020.0,77423.5,77164.77777777778,79467.0
2025-07-30,"75,303","27,166",3.99,,,,12,15,https://news.tirumala.org/total-pilgrims-who-had-darshan-on-30-07-2025-75303/,ok,2025,7,30,2,Wednesday,31,3,211,0,0,0,0,0,0.9749279121818236,-0.2225209339563143,-0.4689651910076318,-0.8832166493127127,0,0,0,0,0,0,0,,0,0,16,6,shukla,0,0,0,0,0,0,0,0,0,0,0,0,0,0,0,0,0,monsoon,0,0,1,0,0,0,75183.0,80130.0,75104.0,76709.5,77129.85185185185,80130.0
2025-07-31,"66,149","24,429",4.66,,,,26,12,https://news.tirumala.org/total-pilgrims-who-had-darshan-on-31-07-2025-66149/,ok,2025,7,31,3,Thursday,31,3,212,0,0,0,0,1,0.4338837391175582,-0.900968867902419,-0.4840885216389758,-0.8750190302029955,0,0,0,0,0,0,0,,0,0,15,7,shukla,0,0,0,0,0,0,0,0,0,0,0,0,0,0,0,0,0,monsoon,0,0,1,0,0,0,75303.0,68838.0,63897.0,75905.0,77159.22222222222,68838.0
2025-08-01,"70,353","25,636",3.65,,,,06,8,https://news.tirumala.org/total-pilgrims-who-had-darshan-on-01-08-2025-70353/,ok,2025,8,1,4,Friday,31,3,213,0,0,0,1,0,-0.433883739117558,-0.9009688679024191,-0.4990686026885319,-0.8665624788845385,0,0,0,0,0,0,0,,0,0,14,8,shukla,0,0,0,0,0,0,0,0,0,0,0,0,0,0,0,0,0,monsoon,0,0,1,0,0,0,66149.0,73576.0,73093.0,75456.83333333333,77238.25925925926,73576.0
2025-08-02,"82,367","31,420",4.28,,,,20,15,https://news.tirumala.org/total-pilgrims-who-had-darshan-on-02-08-2025-82367/,ok,2025,8,2,5,Saturday,31,3,214,1,1,0,0,0,-0.9749279121818236,-0.2225209339563146,-0.5139010013093103,-0.8578494977869301,0,0,0,0,0,0,0,,0,0,13,8,shukla,0,0,0,0,0,0,0,0,0,0,0,0,0,0,0,0,0,monsoon,0,0,1,0,0,0,70353.0,,90011.0,74919.66666666667,77250.92592592593,
2025-08-03,"82,628","30,339",4.25,,,,06,12,https://news.tirumala.org/total-pilgrims-who-had-darshan-on-03-08-2025-82628/,ok,2025,8,3,6,Sunday,31,3,215,1,0,1,0,0,-0.7818314824680299,0.6234898018587334,-0.5285813283559292,-0.8488826652214553,0,0,0,0,0,0,0,,0,0,12,9,shukla,0,0,0,0,0,0,0,0,0,0,0,0,0,0,0,0,0,monsoon,0,0,1,0,0,0,82367.0,85486.0,90011.0,75983.57142857143,77059.48148148147,85486.0
2025-08-04,"69,928","29,297",4.21,,,,20,8 -12,https://news.tirumala.org/total-pilgrims-who-had-darshan-on-04-08-2025-69928/,ok,2025,8,4,0,Monday,32,3,216,0,0,0,0,0,0.0,1.0,-0.5431052396834317,-0.8396646346181327,0,0,0,0,0,0,0,,0,0,11,10,shukla,0,0,0,0,0,0,0,0,0,0,0,0,0,0,0,0,0,monsoon,0,0,1,0,0,0,82628.0,77044.0,77481.0,75575.28571428571,76825.77777777778,77044.0
2025-08-05,"72,951","27,143",3.71,,,,27,18,https://news.tirumala.org/total-pilgrims-who-had-darshan-on-05-08-2025-72951/,ok,2025,8,5,1,Tuesday,32,3,217,0,0,0,0,0,0.7818314824680298,0.6234898018587336,-0.5574684374327892,-0.8301981337405212,0,0,0,0,0,0,0,,0,0,10,11,shukla,1,0,0,0,0,0,0,0,0,0,0,0,0,0,0,0,0,monsoon,0,0,1,0,0,0,69928.0,75183.0,79467.0,74558.71428571429,76449.74074074074,75183.0
2025-08-06,"71,144","28,889",4.15,,,,26,12,https://news.tirumala.org/total-pilgrims-who-had-darshan-on-06-08-2025-72951/,ok,2025,8,6,2,Wednesday,32,3,218,0,0,0,0,0,0.9749279121818236,-0.2225209339563143,-0.5716666713027052,-0.8204859638785327,0,0,0,0,0,0,0,,0,0,9,12,shukla,0,0,0,0,0,0,0,0,0,0,0,0,0,0,0,0,0,monsoon,0,0,1,0,0,0,72951.0,75303.0,80130.0,74239.85714285714,76250.88888888889,75303.0
2025-08-07,"65,234","26,133",3.8,,,,Line adding at Narayana Giri sheds,12-15,https://news.tirumala.org/total-pilgrims-who-had-darshan-on-07-08-2025-65234/,ok,2025,8,7,3,Thursday,32,3,219,0,0,0,0,0,0.4338837391175582,-0.900968867902419,-0.5856957398073508,-0.8105309990194823,0,0,0,0,0,0,0,,0,0,8,13,shukla,0,0,0,0,0,0,0,0,0,0,0,0,0,0,0,0,0,monsoon,0,0,1,0,0,0,71144.0,66149.0,68838.0,73645.71428571429,76052.48148148147,66149.0
2025-08-08,"70,480","28,923",3.17,,,,26,18,https://news.tirumala.org/total-pilgrims-who-had-darshan-on-08-08-2025-70480/,ok,2025,8,8,4,Friday,32,3,220,0,0,0,0,0,-0.433883739117558,-0.9009688679024191,-0.5995514915196489,-0.8003361849976323,0,0,0,0,0,0,0,,0,0,7,14,shukla,0,0,0,0,0,0,0,0,0,0,0,0,0,0,0,0,0,monsoon,0,0,1,0,0,0,65234.0,70353.0,73576.0,73515.0,76117.70370370371,70353.0
2025-08-09,"84,404","34,930",3.06,,,,31,18,https://news.tirumala.org/total-pilgrims-who-had-darshan-on-09-08-2025-84404/,ok,2025,8,9,5,Saturday,32,3,221,1,1,0,0,0,-0.9749279121818236,-0.2225209339563146,-0.6132298262997502,-0.7899045386224707,0,0,0,0,0,0,0,,0,0,6,15,shukla,0,1,0,0,0,0,0,0,0,0,0,0,0,0,0,0,0,monsoon,0,0,1,0,0,0,70480.0,82367.0,,73533.14285714286,76127.44444444444,82367.0
2025-08-10,"82,628","30,505",3.73,,,,03,8,https://news.tirumala.org/total-pilgrims-who-had-darshan-on-10-08-2025-82628/,ok,2025,8,10,6,Sunday,32,3,222,1,0,1,0,0,-0.7818314824680299,0.6234898018587334,-0.6267266965083301,-0.7792391467859886,0,0,0,0,0,0,0,,0,0,5,16,krishna,0,0,0,0,0,0,0,0,0,0,0,0,0,0,0,0,0,monsoon,0,0,1,0,0,0,84404.0,82628.0,85486.0,73824.14285714286,75837.92592592593,82628.0
2025-08-11,"75,740","34,958",4.84,,,,31,18,https://news.tirumala.org/total-pilgrims-who-had-darshan-on-11-08-2025-75740/,ok,2025,8,11,0,Monday,33,3,223,0,0,0,0,0,0.0,1.0,-0.6400381082043503,-0.7683431655492202,0,0,0,0,0,0,0,,0,0,4,17,krishna,0,0,0,0,0,0,0,0,0,0,0,0,0,0,0,0,0,monsoon,0,0,1,0,0,0,82628.0,69928.0,77044.0,73824.14285714286,75928.11111111111,69928.0
2025-08-12,"77,596","31,565",3.73,,,,25,15,https://news.tirumala.org/total-pilgrims-who-had-darshan-on-12-08-2025-77596/,ok,2025,8,12,1,Tuesday,33,3,224,0,0,0,0,0,0.7818314824680298,0.6234898018587336,-0.65316012232693,-0.7572198192083127,0,0,0,0,0,0,0,,0,0,3,18,krishna,0,0,0,0,0,0,0,0,0,0,0,0,0,0,0,0,0,monsoon,0,0,1,0,0,0,75740.0,72951.0,75183.0,74654.42857142857,75987.03703703704,72951.0
2025-08-13,"75,859","33,344",4.31,,,,28,15,https://news.tirumala.org/total-pilgrims-who-had-darshan-on-13-08-2025-75859/,ok,2025,8,13,2,Wednesday,33,3,225,0,0,0,0,0,0.9749279121818236,-0.2225209339563143,-0.666088855860977,-0.7458723993404063,0,0,0,0,0,0,0,,0,0,2,19,krishna,0,0,0,0,0,0,0,0,0,0,0,0,0,0,0,0,0,monsoon,0,0,1,0,0,0,77596.0,71144.0,75303.0,75318.0,76156.51851851853,71144.0
2025-08-14,"66,530","32,478",4.66,,,,Outside line at Sila Thoranam.,20 – 24,https://news.tirumala.org/total-pilgrims-who-had-darshan-on-14-08-2025-66530/,ok,2025,8,14,3,Thursday,33,3,226,0,0,0,0,0,0.4338837391175582,-0.900968867902419,-0.6788204829862355,-0.734304263829602,0,0,0,0,0,0,0,,0,0,1,21,krishna,0,0,0,0,0,0,0,0,0,0,0,0,0,0,0,0,0,monsoon,0,0,1,0,0,0,75859.0,65234.0,66149.0,75991.57142857143,76184.48148148147,65234.0
2025-08-15,"77,043","41,859",3.53,,,,Out side line at Octopus Building (Near Gogarbam Dam Circle).,24,https://news.tirumala.org/total-pilgrims-who-had-darshan-on-15-08-2025-77043/,ok,2025,8,15,4,Friday,33,3,227,0,0,0,0,0,-0.433883739117558,-0.9009688679024191,-0.6913512362094071,-0.722518835873311,1,1,1,1,1,1,1,Independence Day,1,0,0,22,krishna,0,0,0,0,0,0,0,0,0,0,0,0,0,0,0,0,0,monsoon,0,0,1,0,0,0,66530.0,70480.0,70353.0,76176.71428571429,76282.0,70480.0
2025-08-16,"87,759","42,043",4.16,,,,Outside line at Sila Thoranam.,20-24,https://news.tirumala.org/total-pilgrims-who-had-darshan-on-16-08-2025-87759/,ok,2025,8,16,5,Saturday,33,3,228,1,1,0,0,0,-0.9749279121818236,-0.2225209339563146,-0.7036774074790128,-0.7105196029692745,1,1,1,1,1,1,1,Janmashtami (Vaishnava),1,0,0,23,krishna,0,0,0,0,0,0,0,0,0,0,0,0,0,0,0,0,0,monsoon,0,0,1,0,0,0,77043.0,84404.0,82367.0,77114.28571428571,76428.29629629629,84404.0
2025-08-17,"86,364","30,712",4.46,,,,Outside line at Krishna Teja guest house.,20-24,https://news.tirumala.org/total-pilgrims-who-had-darshan-on-17-08-2025-86364/,ok,2025,8,17,6,Sunday,33,3,229,1,0,1,0,0,-0.7818314824680299,0.6234898018587334,-0.7157953492826642,-0.6983101158835584,0,0,0,0,0,0,0,,1,0,-1,24,krishna,0,0,0,0,0,1,0,0,0,0,0,0,0,0,0,0,0,monsoon,0,0,1,0,0,0,87759.0,82628.0,82628.0,77593.57142857143,76344.88888888889,82628.0
2025-08-18,"80,502","31,890",4.88,,,,25,20,https://news.tirumala.org/total-pilgrims-who-had-darshan-on-18-08-2025-80502/,ok,2025,8,18,0,Monday,34,3,230,0,0,0,0,0,0.0,1.0,-0.7277014757264236,-0.6858939875998223,0,0,0,0,0,0,0,,0,0,-2,25,krishna,0,0,0,0,0,1,0,0,0,0,0,0,0,0,0,0,0,monsoon,0,0,1,0,0,0,86364.0,75740.0,69928.0,78127.28571428571,76209.81481481482,75740.0
2025-08-19,"76,033","26,905",5.3,,,,30,12,https://news.tirumala.org/total-pilgrims-who-had-darshan-on-19-08-2025-76033/,ok,2025,8,19,1,Tuesday,34,3,231,0,0,0,0,0,0.7818314824680298,0.6234898018587336,-0.7393922635959241,-0.673274892250183,0,0,0,0,0,0,0,,0,0,-3,26,krishna,1,0,0,0,0,1,0,0,0,0,0,0,0,0,0,0,0,monsoon,0,0,1,0,0,0,80502.0,77596.0,72951.0,78807.57142857143,76321.70370370371,77596.0
2025-08-20,"75,688","29,099",4.45,,,,25,15,https://news.tirumala.org/total-pilgrims-who-had-darshan-on-20-08-2025-75688/,ok,2025,8,20,2,Wednesday,34,3,232,0,0,0,0,0,0.9749279121818236,-0.2225209339563143,-0.7508642533989489,-0.6604565640279754,0,0,0,0,0,0,0,,0,0,-4,27,krishna,0,0,0,0,0,1,0,0,0,0,0,0,0,0,0,0,0,monsoon,0,0,1,0,0,0,76033.0,75859.0,71144.0,78584.28571428571,76194.51851851853,75859.0
2025-08-21,"65,112","27,331",3.49,,,,Outside line at Krishna Teja guest house,24,https://news.tirumala.org/total-pilgrims-who-had-darshan-on-21-08-2025-65112/,ok,2025,8,21,3,Thursday,34,3,233,0,0,0,0,0,0.4338837391175582,-0.900968867902419,-0.7621140503891487,-0.6474427960827475,0,0,0,0,0,0,0,,0,0,-5,28,krishna,0,0,0,0,0,1,0,0,0,0,0,0,0,0,0,0,0,monsoon,0,0,1,0,0,0,75688.0,66530.0,65234.0,78559.85714285714,76030.0,66530.0
2025-08-22,"72,067","25,212",4.75,,,,14,8,https://news.tirumala.org/total-pilgrims-who-had-darshan-on-22-08-2025-72067/,ok,2025,8,22,4,Friday,34,3,234,0,0,0,0,0,-0.433883739117558,-0.9009688679024191,-0.7731383255706026,-0.6342374393978054,0,0,0,0,0,0,0,,0,0,-6,29,krishna,0,0,0,0,0,1,0,0,0,0,0,0,0,0,0,0,0,monsoon,0,0,1,0,0,0,65112.0,77043.0,70480.0,78357.28571428571,75892.0,77043.0
2025-08-23,"83,858","26,034",3.93,,,,Present Direct Line.,5,https://news.tirumala.org/total-pilgrims-who-had-darshan-on-23-08-2025-83858/,ok,2025,8,23,5,Saturday,34,3,235,1,1,0,0,0,-0.9749279121818236,-0.2225209339563146,-0.7839338166829201,-0.620844401650647,0,0,0,0,0,0,0,,0,0,-7,30,krishna,0,0,1,0,0,1,0,0,0,0,0,0,0,0,0,0,0,monsoon,0,0,1,0,0,0,72067.0,87759.0,84404.0,77646.42857142857,75836.11111111111,87759.0
2025-08-24,"72,119","25,294",4.02,,,,04,6 -8,https://news.tirumala.org/total-pilgrims-who-had-darshan-on-24-08-2025-72119/,ok,2025,8,24,6,Sunday,34,3,236,1,0,1,0,0,-0.7818314824680299,0.6234898018587334,-0.7944973291665992,-0.6072676460566135,0,0,0,0,0,0,0,,0,0,-8,1,shukla,0,0,0,0,0,1,0,0,0,0,0,0,0,0,0,0,0,monsoon,0,0,1,0,0,0,83858.0,86364.0,82628.0,77089.14285714286,76122.60714285714,86364.0
2025-08-25,"67,767","25,852",4.07,,,,10,10,https://news.tirumala.org/total-pilgrims-who-had-darshan-on-25-08-2025-67767/,ok,2025,8,25,0,Monday,35,3,237,0,0,0,0,0,0.0,1.0,-0.8048257371083452,-0.593511190196115,0,0,0,0,0,0,0,,0,0,-9,2,shukla,0,0,0,0,0,1,0,0,0,0,0,0,0,0,0,0,0,monsoon,0,0,1,0,0,0,72119.0,80502.0,75740.0,75054.14285714286,75645.21428571429,80502.0
2025-08-26,"77,837","21,510",3.49,,,,12,8,https://news.tirumala.org/total-pilgrims-who-had-darshan-on-26-08-2025-77837/,ok,2025,8,26,1,Tuesday,35,3,238,0,0,0,0,0,0.7818314824680298,0.6234898018587336,-0.8149159841660791,-0.5795791048257612,0,0,0,0,0,0,0,,0,0,-10,3,shukla,0,0,0,0,0,1,0,0,0,0,0,0,0,0,0,0,0,monsoon,0,0,1,0,0,0,67767.0,76033.0,77596.0,73234.85714285714,75313.89285714286,76033.0
2025-08-27,"77,185","23,098",3.06,,,,06,10 – 12,https://news.tirumala.org/total-pilgrims-who-had-darshan-on-27-08-2025-77185/,ok,2025,8,27,2,Wednesday,35,3,239,0,0,0,0,0,0.9749279121818236,-0.2225209339563143,-0.8247650844733614,-0.5654755126737576,0,0,0,0,0,0,0,,0,0,9,4,shukla,0,0,0,0,0,1,0,0,0,0,0,0,0,0,0,0,0,monsoon,0,0,1,0,0,0,77837.0,75688.0,75859.0,73492.57142857143,75408.67857142857,75688.0
2025-08-28,"63,843","21,344",3.49,,,,15,8 – 10,https://news.tirumala.org/total-pilgrims-who-had-darshan-on-28-08-2025-63843/,ok,2025,8,28,3,Thursday,35,3,240,0,0,0,0,0,0.4338837391175582,-0.900968867902419,-0.8343701235229538,-0.5512045872199277,0,0,0,0,0,0,0,,0,0,8,5,shukla,0,0,0,0,0,1,0,0,0,0,0,0,0,0,0,0,0,monsoon,0,0,1,0,0,0,77185.0,65112.0,66530.0,73706.42857142857,75475.89285714286,65112.0
2025-08-29,"65,717","22,445",3.39,,,,09,8,https://news.tirumala.org/total-pilgrims-who-had-darshan-on-29-08-2025-65717/,ok,2025,8,29,4,Friday,35,3,241,0,0,0,0,0,-0.433883739117558,-0.9009688679024191,-0.8437282590292712,-0.5367705514607103,0,0,0,0,0,0,0,,0,0,7,6,shukla,0,0,0,0,0,1,0,0,0,0,0,0,0,0,0,0,0,monsoon,0,0,1,0,0,0,63843.0,72067.0,77043.0,73525.14285714286,75393.53571428571,72067.0
2025-08-30,"77,295","26,779",3.92,,,,12,8-10,https://news.tirumala.org/total-pilgrims-who-had-darshan-on-30-08-2025-77295/,ok,2025,8,30,5,Saturday,35,3,242,1,1,0,0,0,-0.9749279121818236,-0.2225209339563146,-0.8528367217694595,-0.522177676659508,0,0,0,0,0,0,0,,0,0,6,7,shukla,0,0,0,0,0,1,0,0,0,0,0,0,0,0,0,0,0,monsoon,0,0,1,0,0,0,65717.0,83858.0,87759.0,72618.0,75227.96428571429,83858.0
2025-08-31,"70,310","21,866",3.49,,,,03,4,https://news.tirumala.org/total-pilgrims-who-had-darshan-on-31-08-2025-70310/,ok,2025,8,31,6,Sunday,35,3,243,1,0,1,0,1,-0.7818314824680299,0.6234898018587334,-0.8616928164028522,-0.5074302810827518,0,0,0,0,0,0,0,,0,0,5,8,shukla,0,0,0,0,0,1,0,0,0,0,0,0,0,0,0,0,0,monsoon,0,0,1,0,0,0,77295.0,72119.0,86364.0,71680.42857142857,75046.82142857143,72119.0
2025-09-01,"65,384","22,512",4.03,,,,06,6-8,https://news.tirumala.org/total-pilgrims-who-had-darshan-on-01-09-2025-65384/,ok,2025,9,1,0,Monday,36,3,244,0,0,0,1,0,0.0,1.0,-0.8702939222685674,-0.4925327287220543,0,0,0,0,0,0,0,,0,0,4,9,shukla,0,0,0,0,0,1,0,0,0,0,0,0,0,0,0,0,0,monsoon,0,0,1,0,0,1,70310.0,67767.0,80502.0,71422.0,74606.89285714286,67767.0
2025-09-02,"64,925","21,338",3.9,,,,11,8,https://news.tirumala.org/total-pilgrims-who-had-darshan-on-02-09-2025-64925/,ok,2025,9,2,1,Tuesday,36,3,245,0,0,0,0,0,0.7818314824680298,0.6234898018587336,-0.8786374941610001,-0.4774894280028391,0,0,0,0,0,0,0,,0,0,3,10,shukla,0,0,0,0,0,1,0,0,0,0,0,0,0,0,0,0,0,monsoon,0,0,1,0,0,1,65384.0,77837.0,76033.0,71081.57142857143,74444.60714285714,77837.0
2025-09-03,"70,472","25,247",3.85,,,,09,8 -12,https://news.tirumala.org/total-pilgrims-who-had-darshan-on-03-09-2025-70472/,ok,2025,9,3,2,Wednesday,36,3,246,0,0,0,0,0,0.9749279121818236,-0.2225209339563143,-0.886721063082993,-0.4623048304798108,0,0,0,0,0,0,0,,0,0,2,11,shukla,1,0,0,0,0,1,0,0,0,0,0,0,0,0,0,0,0,monsoon,0,0,1,0,0,1,64925.0,77185.0,75688.0,69237.0,74157.96428571429,77185.0
2025-09-04,"59,834","24,628",3.49,,,,Outside line at Krishna Guest house.,24,https://news.tirumala.org/total-pilgrims-who-had-darshan-on-04-09-2025-59834/,ok,2025,9,4,3,Thursday,36,3,247,0,0,0,0,0,0.4338837391175582,-0.900968867902419,-0.8945422369764496,-0.4469834295196741,0,0,0,0,0,0,0,,0,0,1,12,shukla,0,0,0,0,0,1,0,0,0,0,0,0,0,0,0,0,0,monsoon,0,0,1,0,0,1,70472.0,63843.0,65112.0,68278.0,74133.96428571429,63843.0
2025-09-05,"69,531","31,439",3.49,,,,Outside line at Sila Thoranam.,24,https://news.tirumala.org/total-pilgrims-who-had-darshan-on-05-09-2025-69531/,ok,2025,9,5,4,Friday,36,3,248,0,0,0,0,0,-0.433883739117558,-0.9009688679024191,-0.9020987014301836,-0.4315297589714714,1,1,1,1,1,1,1,Prophet's Birthday,1,0,0,13,shukla,0,0,0,0,0,1,0,0,0,0,0,0,0,0,0,0,0,monsoon,0,0,1,0,0,1,59834.0,65717.0,72067.0,67705.28571428571,73941.10714285714,65717.0
2025-09-06,"82,118","32,118",3.97,,,,,,https://news.tirumala.org/total-pilgrims-who-had-darshan-on-06-09-2025-82118/,ok,2025,9,6,5,Saturday,36,3,249,1,1,0,0,0,-0.9749279121818236,-0.2225209339563146,-0.9093882203647924,-0.4159483918249421,0,0,0,0,0,0,0,,1,0,-1,14,shukla,0,0,0,0,0,1,0,0,0,0,0,0,0,0,0,0,0,monsoon,0,0,1,0,0,1,69531.0,77295.0,83858.0,68250.14285714286,73907.21428571429,77295.0
2025-09-07,"27,410","9,656",4.39,,,,18,12,https://news.tirumala.org/total-pilgrims-who-had-darshan-on-07-09-2025-27410/,ok,2025,9,7,6,Sunday,36,3,250,1,0,1,0,0,-0.7818314824680299,0.6234898018587334,-0.9164086366943458,-0.4002439388573056,0,0,0,0,0,0,0,,1,0,-2,15,shukla,0,1,0,0,0,1,0,0,0,0,0,0,0,0,0,0,0,monsoon,0,0,1,0,0,1,82118.0,70310.0,72119.0,68939.14285714286,73825.57142857143,70310.0
2025-09-08,"77,117","22,765",2.1,,,,10,12,https://news.tirumala.org/total-pilgrims-who-had-darshan-on-08-09-2025-77117/,ok,2025,9,8,0,Monday,37,3,251,0,0,0,0,0,0.0,1.0,-0.923157872964704,-0.3844210472688554,0,0,0,0,0,0,0,,0,0,-3,16,krishna,0,0,0,0,0,1,0,0,0,0,0,0,0,0,0,0,0,monsoon,0,0,1,0,0,1,27410.0,65384.0,67767.0,62810.57142857143,71853.5,65384.0
2025-09-09,"70,828","26,296",3.07,,,,19,10 -12,https://news.tirumala.org/total-pilgrims-who-had-darshan-on-09-09-2025-70828/,ok,2025,9,9,1,Tuesday,37,3,252,0,0,0,0,0,0.7818314824680298,0.6234898018587336,-0.9296339319682696,-0.3684843993077793,0,0,0,0,0,0,0,,0,0,-4,17,krishna,0,0,0,0,0,1,0,0,0,0,0,0,0,0,0,0,0,monsoon,0,0,1,0,0,1,77117.0,64925.0,77837.0,64486.71428571428,71902.67857142857,64925.0
2025-09-10,"70,086","28,239",3.56,,,,22,15-18,https://news.tirumala.org/total-pilgrims-who-had-darshan-on-10-09-2025-70086/,ok,2025,9,10,2,Wednesday,37,3,253,0,0,0,0,0,0.9749279121818236,-0.2225209339563143,-0.935834897334994,-0.3524387108846032,0,0,0,0,0,0,0,,0,0,-5,18,krishna,0,0,0,0,0,1,0,0,0,0,0,0,0,0,0,0,0,monsoon,0,0,1,0,0,1,70828.0,70472.0,77185.0,65330.0,71660.96428571429,70472.0
2025-09-11,"66,312","27,728",3.81,,,,Outside line at Sila Thoranam.,24,https://news.tirumala.org/total-pilgrims-who-had-darshan-on-11-09-2025-66312/,ok,2025,9,11,3,Thursday,37,3,254,0,0,0,0,0,0.4338837391175582,-0.900968867902419,-0.9417589340994617,-0.3362887301766828,0,0,0,0,0,0,0,,0,0,-6,19,krishna,0,0,0,0,0,1,0,0,0,0,0,0,0,0,0,0,0,monsoon,0,0,1,0,0,1,70086.0,59834.0,63843.0,65274.857142857145,71454.78571428571,59834.0
2025-09-12,"69,842","28,234",4.18,,,,Outside line at Krishna Teja guest house,12-15,https://news.tirumala.org/total-pilgrims-who-had-darshan-on-12-09-2025-69842/,ok,2025,9,12,4,Friday,37,3,255,0,0,0,0,0,-0.433883739117558,-0.9009688679024191,-0.9474042892438844,-0.3200392362231385,0,0,0,0,0,0,0,,0,0,-7,20,krishna,0,0,0,0,0,1,0,0,0,0,0,0,0,0,0,0,0,monsoon,0,0,1,0,0,1,66312.0,69531.0,65717.0,66200.28571428571,71447.0,69531.0
2025-09-13,"82,149","36,578",3.85,,,,Outside line at Krishna Teja guest house,18-24,https://news.tirumala.org/total-pilgrims-who-had-darshan-on-13-09-2025-69842/,ok,2025,9,13,5,Saturday,37,3,256,1,1,0,0,0,-0.9749279121818236,-0.2225209339563146,-0.9527692922168512,-0.3036950375106588,0,0,0,0,0,0,0,,0,0,-8,21,krishna,0,0,0,0,0,1,0,0,0,0,0,0,0,0,0,0,0,monsoon,0,0,1,0,0,1,69842.0,82118.0,77295.0,66244.71428571429,71189.82142857143,82118.0
2025-09-14,"77,893","24,604",3.53,,,,31,12-15,https://news.tirumala.org/total-pilgrims-who-had-darshan-on-14-09-2025-77893/,ok,2025,9,14,6,Sunday,37,3,257,1,0,1,0,0,-0.7818314824680299,0.6234898018587334,-0.9578523554276668,-0.2872609705505963,0,0,0,0,0,0,0,,0,0,-9,23,krishna,0,0,0,0,0,1,0,0,0,0,0,0,0,0,0,0,0,monsoon,0,0,1,0,0,1,82149.0,27410.0,70310.0,66249.14285714286,70989.46428571429,27410.0
2025-09-15,"65,066","24,620",4.13,,,,31,12-15,https://news.tirumala.org/total-pilgrims-who-had-darshan-on-15-09-2025-65066/,ok,2025,9,15,0,Monday,38,3,258,0,0,0,0,0,0.0,1.0,-0.9626519747161488,-0.2707418984477642,0,0,0,0,0,0,0,,0,0,-10,24,krishna,0,0,0,0,0,1,0,0,0,0,0,0,0,0,0,0,0,monsoon,0,0,1,0,0,1,77893.0,77117.0,65384.0,73461.0,70686.92857142857,77117.0
2025-09-16,"63,607","23,856",3.87,,,,Out side line at Krishna Teja guest house,18 – 24,https://news.tirumala.org/total-pilgrims-who-had-darshan-on-16-09-2025-63607/,ok,2025,9,16,1,Tuesday,38,3,259,0,0,0,0,0,0.7818314824680298,0.6234898018587336,-0.9671667297977312,-0.2541427094613622,0,0,0,0,0,0,0,,0,0,-11,25,krishna,0,0,0,0,0,1,0,0,0,0,0,0,0,0,0,0,0,monsoon,0,0,1,0,0,1,65066.0,70828.0,64925.0,71739.42857142857,70135.64285714286,70828.0
2025-09-17,"68,213","29,410",2.86,,,,Outside line at Sila Thoranam.,24,https://news.tirumala.org/total-pilgrims-who-had-darshan-on-17-09-2025-63607/,ok,2025,9,17,2,Wednesday,38,3,260,0,0,0,0,0,0.9749279121818236,-0.2225209339563143,-0.97139528468375,-0.2374683155584684,0,0,0,0,0,0,0,,0,0,-12,26,krishna,1,0,0,0,0,0,0,0,0,0,0,0,0,0,0,0,0,monsoon,0,0,1,0,0,1,63607.0,70086.0,70472.0,70707.85714285714,69691.85714285714,70086.0
2025-09-18,"68,095","23,932",3.7,,,,Out side line at Sila thoranam.,15-20,https://news.tirumala.org/total-pilgrims-who-had-darshan-on-18-09-2025-68095/,ok,2025,9,18,3,Thursday,38,3,261,0,0,0,0,0,0.4338837391175582,-0.900968867902419,-0.9753363880767836,-0.2207236509605022,0,0,0,0,0,0,0,,0,0,-13,27,krishna,0,0,0,0,0,0,0,0,0,0,0,0,0,0,0,0,0,monsoon,0,0,1,0,0,1,68213.0,66312.0,59834.0,70440.28571428571,69424.89285714286,66312.0
2025-09-19,"71,249","22,901",4.04,,,,31,18,https://news.tirumala.org/total-pilgrims-who-had-darshan-on-19-09-2025-71249/,ok,2025,9,19,4,Friday,38,3,262,0,0,0,0,0,-0.433883739117558,-0.9009688679024191,-0.978988873740932,-0.2039136706831147,0,0,0,0,0,0,0,,0,0,13,28,krishna,0,0,0,0,0,0,0,0,0,0,0,0,0,0,0,0,0,monsoon,0,0,1,0,0,1,68095.0,69842.0,69531.0,70695.0,69531.42857142857,69842.0
2025-09-20,"82,042","23,393",4.59,,,,10,8,https://news.tirumala.org/total-pilgrims-who-had-darshan-on-20-09-2025-71249/,ok,2025,9,20,5,Saturday,38,3,263,1,1,0,0,0,-0.9749279121818236,-0.2225209339563146,-0.9823516608469236,-0.1870433490699165,0,0,0,0,0,0,0,,0,0,12,29,krishna,0,0,0,1,0,0,0,0,0,0,0,0,0,0,0,0,0,monsoon,0,0,1,0,0,1,71249.0,82149.0,82118.0,70896.0,69502.21428571429,82149.0
2025-09-21,"67,408","16,597",3.73,,,,01,5,https://news.tirumala.org/total-pilgrims-who-had-darshan-on-21-09-2025-67408/,ok,2025,9,21,6,Sunday,38,3,264,1,0,1,0,0,-0.7818314824680299,0.6234898018587334,-0.9854237542919524,-0.1701176783204905,0,0,1,0,0,0,1,,0,0,11,30,krishna,0,0,1,0,0,0,0,0,0,0,0,0,0,0,0,0,0,monsoon,0,0,1,0,0,1,82042.0,77893.0,27410.0,70880.71428571429,69437.35714285714,77893.0
2025-09-22,"60,681","19,510",4.06,,,,05,5-8,https://news.tirumala.org/total-pilgrims-who-had-darshan-on-22-09-2025-60681/,ok,2025,9,22,0,Monday,39,3,265,0,0,0,0,0,0.0,1.0,-0.9882042449941422,-0.15314166701312,0,0,0,0,0,0,0,,0,0,10,1,shukla,0,0,0,0,0,0,0,0,0,0,0,0,0,0,0,0,0,monsoon,0,0,1,0,0,1,67408.0,65066.0,77117.0,69382.85714285714,69269.10714285714,65066.0
2025-09-23,"63,837","20,904",2.85,,,,Direct Line.,,https://news.tirumala.org/total-pilgrims-who-had-darshan-on-23-09-2025-63837/,ok,2025,9,23,1,Tuesday,39,3,266,0,0,0,0,0,0.7818314824680298,0.6234898018587336,-0.9906923101615608,-0.136120338622667,0,0,0,0,0,0,0,,0,0,9,2,shukla,0,0,0,0,0,0,0,0,0,0,0,0,0,0,0,0,0,monsoon,0,0,1,0,0,1,60681.0,63607.0,70828.0,68756.42857142857,69016.03571428571,63607.0
2025-09-24,"58,628","21,551",3.01,,,,07,8-10,https://news.tirumala.org/total-pilgrims-who-had-darshan-on-24-09-2025-58628/,ok,2025,9,24,2,Wednesday,39,3,267,0,0,0,0,0,0.9749279121818236,-0.2225209339563143,-0.9928872135356962,-0.1190587300340498,0,0,0,0,0,0,0,,0,0,8,3,shukla,0,0,0,0,0,0,0,0,0,0,1,0,0,0,1,0,0,monsoon,0,0,1,0,0,1,63837.0,68213.0,70086.0,68789.28571428571,68516.03571428571,68213.0
2025-09-25,"67,388","21,998",1.74,,,,16,12-16,https://news.tirumala.org/total-pilgrims-who-had-darshan-on-25-09-2025-67388/,ok,2025,9,25,3,Thursday,39,3,268,0,0,0,0,0,0.4338837391175582,-0.900968867902419,-0.994788305609327,-0.1019618900517457,0,0,0,0,0,0,0,,0,0,7,3,shukla,0,0,0,0,0,0,0,0,0,0,1,0,0,0,1,0,0,monsoon,0,0,1,0,0,1,58628.0,68095.0,66312.0,67420.0,67853.28571428571,68095.0
2025-09-26,"75,358","29,166",2.58,,,,29,24,https://news.tirumala.org/total-pilgrims-who-had-darshan-on-26-09-2025-75358/,ok,2025,9,26,4,Friday,39,3,269,0,0,0,0,0,-0.433883739117558,-0.9009688679024191,-0.9963950238187232,-0.0848348779057653,0,0,0,0,0,0,0,,0,0,6,4,shukla,0,0,0,0,0,0,0,0,0,0,1,0,0,0,1,0,0,monsoon,0,0,1,0,0,1,67388.0,71249.0,69842.0,67319.0,67979.89285714286,71249.0
2025-09-27,"75,006","45,413",3.36,,,,Outside line at Octopus Building (Near Gogarbam Dam Circle),24,https://news.tirumala.org/total-pilgrims-who-had-darshan-on-27-09-2025-75006/,ok,2025,9,27,5,Saturday,39,3,270,1,1,0,0,0,-0.9749279121818236,-0.2225209339563146,-0.9977068927101168,-0.0676827617545516,0,0,0,0,0,0,0,,0,0,5,5,shukla,0,0,0,1,0,0,0,0,0,0,1,0,0,0,1,0,0,monsoon,0,0,1,0,0,1,75358.0,82042.0,82149.0,67906.0,68324.21428571429,82042.0
2025-09-28,"79,496","29,591",3.79,,,,Outside line at Krishna Teja guest house.,24,https://news.tirumala.org/total-pilgrims-who-had-darshan-on-28-09-2025-79496/,ok,2025,9,28,6,Sunday,39,3,271,1,0,1,0,0,-0.7818314824680299,0.6234898018587334,-0.9987235240803972,-0.0505106171852228,0,0,0,0,0,0,0,,0,0,4,6,shukla,0,0,0,0,0,0,0,0,0,0,1,1,0,0,1,0,0,monsoon,0,0,1,0,0,1,75006.0,67408.0,77893.0,66900.85714285714,68242.46428571429,67408.0
2025-09-29,"81,626","25,304",4.14,,,,31,24,https://news.tirumala.org/total-pilgrims-who-had-darshan-on-29-09-2025-81626/,ok,2025,9,29,0,Monday,40,3,272,0,0,0,0,0,0.0,1.0,-0.9994446170919858,-0.0333235257116313,0,0,0,0,0,0,0,,0,0,3,7,shukla,0,0,0,0,0,0,0,0,0,0,1,0,0,0,1,0,0,monsoon,0,0,1,0,0,1,79496.0,60681.0,65066.0,68627.71428571429,68570.53571428571,60681.0
2025-09-30,"73,275","21,973",3.77,,,,14,12 – 15,https://news.tirumala.org/total-pilgrims-who-had-darshan-on-30-09-2025-73275/,ok,2025,9,30,1,Tuesday,40,3,273,0,0,0,0,1,0.7818314824680298,0.6234898018587336,-0.9998699583618592,-0.0161265732706577,0,0,0,0,0,0,0,,0,0,2,8,shukla,0,0,0,0,0,0,0,0,0,0,1,0,0,0,1,0,0,monsoon,0,0,1,0,0,1,81626.0,63837.0,63607.0,71619.85714285714,69150.60714285714,63837.0
2025-10-01,"63,539","23,144",3.76,,,,14,12,https://news.tirumala.org/total-pilgrims-who-had-darshan-on-01-10-2025-63539/,ok,2025,10,1,2,Wednesday,40,4,274,0,0,0,1,0,0.9749279121818236,-0.2225209339563143,-0.9999994220246924,0.0010751512827982,0,0,0,0,0,0,0,,0,0,1,9,shukla,0,0,0,0,0,0,0,0,0,0,1,0,0,0,1,0,0,post_monsoon,0,0,0,1,0,1,73275.0,58628.0,68213.0,72968.14285714286,69448.82142857143,58628.0
2025-10-02,"75,188","31,640",2.66,,,,Outside line at Bata Gangamma Temple.,18-20,https://news.tirumala.org/total-pilgrims-who-had-darshan-on-02-10-2025-75188/,ok,2025,10,2,3,Thursday,40,4,275,0,0,0,0,0,0.4338837391175582,-0.900968867902419,-0.999832969770105,0.0182765576816912,1,1,1,1,1,1,1,Dussehra; Mahatma Gandhi's Birthday,0,0,0,10,shukla,0,0,0,0,0,0,0,0,0,0,1,0,0,0,1,0,0,post_monsoon,0,0,0,1,0,1,63539.0,67388.0,68095.0,73669.71428571429,69201.21428571429,67388.0
2025-10-03,"66,322","26,000",3.74,,,,16,12,https://news.tirumala.org/total-pilgrims-who-had-darshan-on-03-10-2025-66322/,ok,2025,10,3,4,Friday,40,4,276,0,0,0,0,0,-0.433883739117558,-0.9009688679024191,-0.9993706508539968,0.0354725557531255,0,0,0,0,0,0,0,,0,1,-1,11,shukla,1,0,0,0,0,0,0,0,0,0,0,0,0,0,0,0,0,post_monsoon,0,0,0,1,0,1,75188.0,75358.0,71249.0,74784.0,69749.57142857143,75358.0
2025-10-04,"67,091","21,111",4.42,,,,18,18,https://news.tirumala.org/total-pilgrims-who-had-darshan-on-04-10-2025-67091/,ok,2025,10,4,5,Saturday,40,4,277,1,1,0,0,0,-0.9749279121818236,-0.2225209339563146,-0.9986126020839734,0.052658056924614,0,0,0,0,0,0,0,,0,0,-2,12,shukla,0,0,0,1,0,0,0,0,0,0,0,0,0,0,0,0,0,post_monsoon,0,0,0,1,0,1,66322.0,75006.0,82042.0,73493.14285714286,69634.96428571429,75006.0
2025-10-05,"63,239","23,436",3.78,,,,21,12,https://news.tirumala.org/total-pilgrims-who-had-darshan-on-05-10-2025-63239/,ok,2025,10,5,6,Sunday,40,4,278,1,0,1,0,0,-0.7818314824680299,0.6234898018587334,-0.9975590477788612,0.0698279757298708,0,0,0,0,0,0,0,,0,0,-3,13,shukla,0,0,0,0,0,0,0,0,0,0,0,0,0,0,0,0,0,post_monsoon,0,0,0,1,0,1,67091.0,79496.0,67408.0,72362.42857142857,69098.28571428571,79496.0
2025-10-06,"61,718","21,937",3.52,,,,31,18,https://news.tirumala.org/total-pilgrims-who-had-darshan-on-06-10-2025-61718/,ok,2025,10,6,0,Monday,41,4,279,0,0,0,0,0,0.0,1.0,-0.9962102997023295,0.0869772313136861,0,0,0,0,0,0,0,,0,0,-4,14,shukla,0,0,0,0,0,0,0,0,0,0,0,0,0,0,0,0,0,post_monsoon,0,0,0,1,0,1,63239.0,81626.0,60681.0,70040.0,70377.89285714286,81626.0
2025-10-07,"68,075","26,535",3.8,,,,30,18,https://news.tirumala.org/total-pilgrims-who-had-darshan-on-07-10-2025-68075/,ok,2025,10,7,1,Tuesday,41,4,280,0,0,0,0,0,0.7818314824680298,0.6234898018587336,-0.9945667569706336,0.1041007489354256,0,0,0,0,0,0,0,,0,0,-5,15,shukla,0,1,0,0,0,0,0,0,0,0,0,0,0,0,0,0,0,post_monsoon,0,0,0,1,0,1,61718.0,73275.0,63837.0,67196.0,69827.92857142857,73275.0
2025-10-08,"66,883","26,000",4.15,,,,Outside line at Silathoranam.,24,https://news.tirumala.org/total-pilgrims-who-had-darshan-on-08-10-2025-66883/,ok,2025,10,8,2,Wednesday,41,4,281,0,0,0,0,0,0.9749279121818236,-0.2225209339563143,-0.9926289059345096,0.121193461470736,0,0,0,0,0,0,0,,0,0,-6,17,krishna,0,0,0,0,0,0,0,0,0,0,0,0,0,0,0,0,0,post_monsoon,0,0,0,1,0,1,68075.0,63539.0,58628.0,66453.14285714286,69729.60714285714,63539.0
2025-10-09,"78,217","25,000",4.75,,,,31,18,https://news.tirumala.org/total-pilgrims-who-had-darshan-on-09-10-2025-78217/,ok,2025,10,9,3,Thursday,41,4,282,0,0,0,0,0,0.4338837391175582,-0.900968867902419,-0.9903973200352558,0.1382503109109819,0,0,0,0,0,0,0,,0,0,-7,18,krishna,0,0,0,0,0,0,0,0,0,0,0,0,0,0,0,0,0,post_monsoon,0,0,0,1,0,1,66883.0,75188.0,67388.0,66930.85714285714,69615.21428571429,75188.0
2025-10-10,"74,468","26,878",3.86,,,,Outside line at Krishna Teja Guest house.,20,https://news.tirumala.org/total-pilgrims-who-had-darshan-on-10-10-2025-74468/,ok,2025,10,10,4,Friday,41,4,283,0,0,0,0,0,-0.433883739117558,-0.9009688679024191,-0.9878726596350428,0.1552662498599956,0,0,0,0,0,0,0,,0,0,-8,19,krishna,0,0,0,0,0,0,0,0,0,0,0,0,0,0,0,0,0,post_monsoon,0,0,0,1,0,1,78217.0,66322.0,75358.0,67363.57142857143,70040.39285714286,66322.0
2025-10-11,"84,571","36,711",3.7,,,,Outside line at Silathoranam.,24,https://news.tirumala.org/total-pilgrims-who-had-darshan-on-11-10-2025-84571/,ok,2025,10,11,5,Saturday,41,4,284,1,1,0,0,0,-0.9749279121818236,-0.2225209339563146,-0.9850556718215012,0.172236243027682,0,0,0,0,0,0,0,,0,0,-9,20,krishna,0,0,0,1,0,0,0,0,0,0,0,0,0,0,0,0,0,post_monsoon,0,0,0,1,0,1,74468.0,67091.0,75006.0,68527.28571428571,70205.60714285714,67091.0
2025-10-12,"84,424","27,872",4.06,,,,29,12-15,https://news.tirumala.org/total-pilgrims-who-had-darshan-on-12-10-2025-84424/,ok,2025,10,12,6,Sunday,41,4,285,1,0,1,0,0,-0.7818314824680299,0.6234898018587334,-0.981947190186646,0.1891552687200409,0,0,0,0,0,0,0,,0,0,8,21,krishna,0,0,0,0,0,0,0,0,0,0,0,0,0,0,0,0,0,post_monsoon,0,0,0,1,0,1,84571.0,63239.0,79496.0,71024.42857142857,70292.10714285714,63239.0
2025-10-13,"78,569","27,482",3.93,,,,23,12,https://news.tirumala.org/total-pilgrims-who-had-darshan-on-13-10-2025-78569/,ok,2025,10,13,0,Monday,42,4,286,0,0,0,0,0,0.0,1.0,-0.9785481345802032,0.2060183203251708,0,0,0,0,0,0,0,,0,0,7,22,krishna,0,0,0,0,0,0,0,0,0,0,0,0,0,0,0,0,0,post_monsoon,0,0,0,1,0,1,84424.0,61718.0,81626.0,74050.85714285714,70525.35714285714,61718.0
2025-10-14,"72,473","23,900",4.35,,,,17,12,https://news.tirumala.org/total-pilgrims-who-had-darshan-on-14-10-2025-72473/,ok,2025,10,14,1,Tuesday,42,4,287,0,0,0,0,0,0.7818314824680298,0.6234898018587336,-0.9748595108374124,0.2228204077947995,0,0,0,0,0,0,0,,0,0,6,23,krishna,0,0,0,0,0,0,0,0,0,0,0,0,0,0,0,0,0,post_monsoon,0,0,0,1,0,1,78569.0,68075.0,73275.0,76458.14285714286,71007.60714285714,68075.0
2025-10-15,"75,919","28,218",3.79,,,,18,12,https://news.tirumala.org/total-pilgrims-who-had-darshan-on-15-10-2025-75919/,ok,2025,10,15,2,Wednesday,42,4,288,0,0,0,0,0,0.9749279121818236,-0.2225209339563143,-0.9708824104813836,0.239556559120927,0,0,0,0,0,0,0,,0,0,5,24,krishna,0,0,0,0,0,0,0,0,0,0,0,0,0,0,0,0,0,post_monsoon,0,0,0,1,0,1,72473.0,66883.0,63539.0,77086.42857142857,71324.25,66883.0
2025-10-16,"61,521","25,101",4.66,,,,30,12,https://news.tirumala.org/total-pilgrims-who-had-darshan-on-16-10-2025-61521/,ok,2025,10,16,3,Thursday,42,4,289,0,0,0,0,0,0.4338837391175582,-0.900968867902419,-0.9666180104000972,0.2562218218071163,0,0,0,0,0,0,0,,0,0,4,25,krishna,0,0,0,0,0,0,0,0,0,0,0,0,0,0,0,0,0,post_monsoon,0,0,0,1,0,1,75919.0,78217.0,75188.0,78377.28571428571,71599.46428571429,78217.0
2025-10-17,"66,675","24,681",3.32,,,,20,12,https://news.tirumala.org/total-pilgrims-who-had-darshan-on-17-10-2025-66675/,ok,2025,10,17,4,Friday,42,4,290,0,0,0,0,0,-0.433883739117558,-0.9009688679024191,-0.9620675724981452,0.2728112643340191,0,0,0,0,0,0,0,,0,0,3,26,krishna,1,0,0,0,0,0,0,0,0,0,0,0,0,0,0,0,0,post_monsoon,0,0,0,1,0,1,61521.0,74468.0,66322.0,75992.14285714286,71364.67857142857,74468.0
2025-10-18,"82,136","29,023",3.49,,,,27,12,https://news.tirumala.org/total-pilgrims-who-had-darshan-on-18-10-2025-82136/,ok,2025,10,18,5,Saturday,42,4,291,1,1,0,0,0,-0.9749279121818236,-0.2225209339563146,-0.957232443323312,0.2893199776186952,0,0,0,0,0,0,0,,1,0,2,27,krishna,0,0,0,0,0,0,0,0,0,0,0,0,0,0,0,0,0,post_monsoon,0,0,0,1,0,1,66675.0,84571.0,67091.0,74878.85714285714,71201.32142857143,84571.0
2025-10-19,"84,017","30,097",4.97,,,,30,18,https://news.tirumala.org/total-pilgrims-who-had-darshan-on-19-10-2025-84017/,ok,2025,10,19,6,Sunday,42,4,292,1,0,1,0,0,-0.7818314824680299,0.6234898018587334,-0.9521140536681102,0.3057430764672831,0,0,0,0,0,0,0,,1,0,1,28,krishna,0,0,0,0,0,0,0,0,0,0,0,0,0,0,0,0,0,post_monsoon,0,0,0,1,0,1,82136.0,84424.0,63239.0,74531.0,71204.67857142857,84424.0
2025-10-20,"72,026","23,304",3.86,,,,Out side line at Krishna Teja guest house.,18,https://news.tirumala.org/total-pilgrims-who-had-darshan-on-20-10-2025-72026/,ok,2025,10,20,0,Monday,43,4,293,0,0,0,0,0,0.0,1.0,-0.9467139181463862,0.3220757010206104,1,1,1,1,1,1,1,Diwali (Deepavali),1,0,0,29,krishna,0,0,0,0,0,0,0,0,0,0,0,0,0,0,0,0,0,post_monsoon,0,0,0,1,0,1,84017.0,78569.0,61718.0,74472.85714285714,71797.85714285714,78569.0
2025-10-21,"76,343","18,768",4.34,,,,26,15,https://news.tirumala.org/total-pilgrims-who-had-darshan-on-21-10-2025-76343/,ok,2025,10,21,1,Tuesday,43,4,294,0,0,0,0,0,0.7818314824680298,0.6234898018587336,-0.9410336347451196,0.3383130181923076,0,0,0,0,0,0,0,,0,0,-1,30,krishna,0,0,1,0,0,0,0,0,0,0,0,0,0,0,0,0,0,post_monsoon,0,0,0,1,0,1,72026.0,72473.0,68075.0,73538.14285714286,72203.03571428571,72473.0
2025-10-22,"73,853","22,551",3.47,,,,21,18,https://news.tirumala.org/total-pilgrims-who-had-darshan-on-22-10-2025-73853/,ok,2025,10,22,2,Wednesday,43,4,295,0,0,0,0,0,0.9749279121818236,-0.2225209339563143,-0.9350748843515574,0.3544502230989869,0,0,0,0,0,0,0,,0,0,-2,1,shukla,0,0,0,0,0,0,0,0,0,0,0,0,0,0,0,0,0,post_monsoon,0,0,0,1,0,1,76343.0,75919.0,66883.0,74091.0,72649.67857142857,75919.0
2025-10-23,"60,896","23,077",3.33,,,,31,18,https://news.tirumala.org/total-pilgrims-who-had-darshan-on-23-10-2025-60896/,ok,2025,10,23,3,Thursday,43,4,296,0,0,0,0,0,0.4338837391175582,-0.900968867902419,-0.9288394302558068,0.3704825404820963,0,0,0,0,0,0,0,,0,0,-3,2,shukla,0,0,0,0,0,0,0,0,0,0,0,0,0,0,0,0,0,post_monsoon,0,0,0,1,0,1,73853.0,61521.0,78217.0,73795.85714285714,73193.42857142857,61521.0
2025-10-24,"71,110","25,695",4.89,,,,20,12,https://news.tirumala.org/total-pilgrims-who-had-darshan-on-24-10-2025-71110/,ok,2025,10,24,4,Friday,43,4,297,0,0,0,0,0,-0.433883739117558,-0.9009688679024191,-0.9223291176290545,0.3864052261209853,0,0,0,0,0,0,0,,0,0,-4,3,shukla,0,0,0,0,0,0,0,0,0,0,0,0,0,0,0,0,0,post_monsoon,0,0,0,1,0,1,60896.0,66675.0,74468.0,73706.57142857143,72961.57142857143,66675.0
2025-10-25,"82,010","29,634",3.58,,,,21,12 – 15,https://news.tirumala.org/total-pilgrims-who-had-darshan-on-25-10-2025-82010/,ok,2025,10,25,5,Saturday,43,4,298,1,1,0,0,0,-0.9749279121818236,-0.2225209339563146,-0.9155458729775467,0.4022135682368036,0,0,0,0,0,0,0,,0,0,-5,4,shukla,0,0,0,0,0,0,0,0,0,0,0,0,0,0,0,0,0,post_monsoon,0,0,0,1,0,1,71110.0,82136.0,84571.0,74340.14285714286,72809.85714285714,82136.0
2025-10-26,"80,021","25,894",3.9,,,,08,12,https://news.tirumala.org/total-pilgrims-who-had-darshan-on-26-10-2025-80021/,ok,2025,10,26,6,Sunday,43,4,299,1,0,1,0,0,-0.7818314824680299,0.6234898018587334,-0.9084917035725082,0.4179028888867866,0,0,0,0,0,0,0,,0,0,-6,5,shukla,0,0,0,0,0,0,0,0,0,0,0,0,0,0,0,0,0,post_monsoon,0,0,0,1,0,1,82010.0,84017.0,84424.0,74322.14285714286,73060.0,84017.0
2025-10-27,"70,842","25,125",4.47,,,,04,8,https://news.tirumala.org/total-pilgrims-who-had-darshan-on-27-10-2025-70842/,ok,2025,10,27,0,Monday,44,4,300,0,0,0,0,0,0.0,1.0,-0.9011686968561567,0.4334685453485363,0,0,0,0,0,0,0,,0,0,-7,5,shukla,0,0,0,0,0,0,0,0,0,0,0,0,0,0,0,0,0,post_monsoon,0,0,0,1,0,1,80021.0,72026.0,78569.0,73751.28571428571,73078.75,72026.0
2025-10-28,"64,065","25,250",3.57,,,,08,8 – 10,https://news.tirumala.org/total-pilgrims-who-had-darshan-on-28-10-2025-64065/,ok,2025,10,28,1,Tuesday,44,4,301,0,0,0,0,0,0.7818314824680298,0.6234898018587336,-0.8935790198239952,0.4489059314938798,0,0,0,0,0,0,0,,0,0,-8,6,shukla,0,0,0,0,0,0,0,0,0,0,0,0,0,0,0,0,0,post_monsoon,0,0,0,1,0,1,70842.0,76343.0,72473.0,73582.14285714286,72693.60714285714,76343.0
2025-10-29,"64,048","19,838",4.0,,,,02,8,https://news.tirumala.org/total-pilgrims-who-had-darshan-on-29-10-2025-64048/,ok,2025,10,29,2,Wednesday,44,4,302,0,0,0,0,0,0.9749279121818236,-0.2225209339563143,-0.8857249183835637,0.4642104791518923,0,0,0,0,0,0,0,,0,0,7,7,shukla,0,0,0,0,0,0,0,0,0,0,0,0,0,0,0,0,0,post_monsoon,0,0,0,1,0,1,64065.0,73853.0,75919.0,71828.14285714286,72364.67857142857,73853.0
2025-10-30,"56,078","17,539",3.48,,,,08,8 -10,https://news.tirumala.org/total-pilgrims-who-had-darshan-on-30-10-2025-56078/,ok,2025,10,30,3,Thursday,44,4,303,0,0,0,0,0,0.4338837391175582,-0.900968867902419,-0.8776087166898392,0.4793776594606945,0,0,0,0,0,0,0,,0,0,6,8,shukla,0,0,0,0,0,0,0,0,0,0,0,0,0,0,0,0,0,post_monsoon,0,0,0,1,0,1,64048.0,60896.0,61521.0,70427.42857142857,72382.85714285714,60896.0
2025-10-31,,,,,,,,,,not_found,2025,10,31,4,Friday,44,4,304,0,0,0,0,1,-0.433883739117558,-0.9009688679024191,-0.8692328164574792,0.4944029842076181,0,0,0,0,0,0,0,,0,0,5,9,shukla,0,0,0,0,0,0,0,0,0,0,0,0,0,0,0,0,0,post_monsoon,0,0,0,1,0,1,56078.0,71110.0,66675.0,69739.14285714286,71700.35714285714,71110.0
2025-11-01,,,,,,,,,,not_found,2025,11,1,5,Saturday,44,4,305,1,1,0,1,0,-0.9749279121818236,-0.2225209339563146,-0.8605996962501181,0.5092820071573356,0,1,0,0,1,1,1,Andhra Pradesh Foundation Day,0,0,4,10,shukla,0,0,0,0,0,0,0,0,0,0,0,0,0,0,0,0,0,post_monsoon,0,0,0,1,0,1,,82010.0,82136.0,69510.66666666667,71899.55555555556,82010.0
2025-11-02,,,,,,,,,,not_found,2025,11,2,6,Sunday,44,4,306,1,0,1,0,0,-0.7818314824680299,0.6234898018587334,-0.8517119107469189,0.5240103253675756,0,0,0,0,0,0,0,,0,0,3,11,shukla,1,0,0,0,0,0,0,0,0,0,0,0,0,0,0,0,0,post_monsoon,0,0,0,1,0,1,,80021.0,84017.0,67010.8,72084.5,80021.0
2025-11-03,,,,,,,,,,not_found,2025,11,3,0,Monday,45,4,307,0,0,0,0,0,0.0,1.0,-0.8425720899866032,0.5385835804920232,0,0,0,0,0,0,0,,0,0,2,13,shukla,0,0,0,0,0,0,0,0,0,0,0,0,0,0,0,0,0,post_monsoon,0,0,0,1,0,1,,70842.0,72026.0,63758.25,72438.32,70842.0
2025-11-04,,,,,,,,,,not_found,2025,11,4,1,Tuesday,45,4,308,0,0,0,0,0,0.7818314824680298,0.6234898018587336,-0.8331829385891785,0.5529974600700271,0,0,0,0,0,0,0,,0,0,1,14,shukla,0,0,0,0,0,0,0,0,0,0,0,0,0,0,0,0,0,post_monsoon,0,0,0,1,0,1,,64065.0,76343.0,61397.0,72885.0,64065.0
2025-11-05,,,,,,,,,,not_found,2025,11,5,2,Wednesday,45,4,309,0,0,0,0,0,0.9749279121818236,-0.2225209339563143,-0.8235472349556007,0.5672476988027229,1,1,1,1,1,1,1,Guru Nanak's Birthday,0,0,0,15,shukla,0,1,0,0,0,0,0,0,0,0,0,0,0,0,0,0,0,post_monsoon,0,0,0,1,0,1,,64048.0,73853.0,,73094.13043478261,64048.0
2025-11-06,,,,,,,,,,not_found,2025,11,6,3,Thursday,45,4,310,0,0,0,0,0,0.4338837391175582,-0.900968867902419,-0.8136678304455991,0.5813300798152042,0,0,0,0,0,0,0,,0,0,-1,16,krishna,0,0,0,0,0,0,0,0,0,0,0,0,0,0,0,0,0,post_monsoon,0,0,0,1,0,1,,56078.0,60896.0,,73376.45454545454,56078.0
2025-11-07,,,,,,,,,,not_found,2025,11,7,4,Friday,45,4,311,0,0,0,0,0,-0.433883739117558,-0.9009688679024191,-0.8035476485339116,0.5952404359043674,0,0,0,0,0,0,0,,0,0,-2,17,krishna,0,0,0,0,0,0,0,0,0,0,0,0,0,0,0,0,0,post_monsoon,0,0,0,1,0,1,,,71110.0,,73145.95238095238,
2025-11-08,,,,,,,,,,not_found,2025,11,8,5,Saturday,45,4,312,1,1,0,0,0,-0.9749279121818236,-0.2225209339563146,-0.7931896839451843,0.6089746507720486,0,0,0,0,0,0,0,,0,0,-3,18,krishna,0,0,0,0,0,0,0,0,0,0,0,0,0,0,0,0,0,post_monsoon,0,0,0,1,0,1,,,82010.0,,73079.85,
2025-11-09,,,,,,,,,,not_found,2025,11,9,6,Sunday,45,4,313,1,0,1,0,0,-0.7818314824680299,0.6234898018587334,-0.7825970017677834,0.6225286602431057,0,0,0,0,0,0,0,,0,0,-4,20,krishna,0,0,0,0,0,0,0,0,0,0,0,0,0,0,0,0,0,post_monsoon,0,0,0,1,0,1,,,80021.0,,72475.05263157895,
2025-11-10,,,,,,,,,,not_found,2025,11,10,0,Monday,46,4,314,0,0,0,0,0,0.0,1.0,-0.7717727365467836,0.6358984534680745,0,0,0,0,0,0,0,,0,0,-5,21,krishna,0,0,0,0,0,0,0,0,0,0,0,0,0,0,0,0,0,post_monsoon,0,0,0,1,0,1,,,70842.0,,71811.22222222222,
2025-11-11,"67,367","22,369",4.3,,,,22,12,https://news.tirumala.org/total-pilgrims-who-had-darshan-on-11-11-2025-67367/,ok,2025,11,11,1,Tuesday,46,4,315,0,0,0,0,0,0.7818314824680298,0.6234898018587336,-0.7607200913564104,0.6490800741100398,0,0,0,0,0,0,0,,0,0,-6,22,krishna,0,0,0,0,0,0,0,0,0,0,0,0,0,0,0,0,0,post_monsoon,0,0,0,1,0,1,,,64065.0,,71413.70588235294,
2025-11-12,"72,283","22,583",4.54,,,,10,8,https://news.tirumala.org/total-pilgrims-who-had-darshan-on-12-11-2025-72283/,ok,2025,11,12,2,Wednesday,46,4,316,0,0,0,0,0,0.9749279121818236,-0.2225209339563143,-0.7494423368521954,0.6620696215153815,0,0,0,0,0,0,0,,0,0,-7,23,krishna,0,0,0,0,0,0,0,0,0,0,0,0,0,0,0,0,0,post_monsoon,0,0,0,1,0,1,67367.0,,64048.0,,71113.35294117648,
2025-11-13,"62,129","21,026",4.13,,,,24,12,https://news.tirumala.org/total-pilgrims-who-had-darshan-on-13-11-2025-62129/,ok,2025,11,13,3,Thursday,46,4,317,0,0,0,0,0,0.4338837391175582,-0.900968867902419,-0.7379428103031386,0.6748632518680403,0,0,0,0,0,0,0,,0,0,-8,24,krishna,0,0,0,0,0,0,0,0,0,0,0,0,0,0,0,0,0,post_monsoon,0,0,0,1,0,1,72283.0,,56078.0,,70899.4705882353,
2025-11-14,"66,709","24,053",4.03,,,,12,12,https://news.tirumala.org/total-pilgrims-who-had-darshan-on-14-11-2025-66709/,ok,2025,11,14,4,Friday,46,4,318,0,0,0,0,0,-0.433883739117558,-0.9009688679024191,-0.7262249146041543,0.6874571793269664,0,0,0,0,0,0,0,,0,0,-9,25,krishna,0,0,0,0,0,0,0,0,0,0,0,0,0,0,0,0,0,post_monsoon,0,0,0,1,0,1,62129.0,,,67259.66666666667,70935.23529411765,
2025-11-15,,,,,,,,,,not_found,2025,11,15,5,Saturday,46,4,319,1,1,0,0,0,-0.9749279121818236,-0.2225209339563146,-0.7142921172691032,0.699847677146407,0,0,0,0,0,0,0,,0,0,-10,26,krishna,1,0,0,0,0,0,0,0,0,0,0,0,0,0,0,0,0,post_monsoon,0,0,0,1,0,1,66709.0,,,67122.0,70937.23529411765,
2025-11-16,"75,004","23,900",3.98,,,,22,8,https://news.tirumala.org/total-pilgrims-who-had-darshan-on-16-11-2025-75004/,ok,2025,11,16,6,Sunday,46,4,320,1,0,1,0,0,-0.7818314824680299,0.6234898018587334,-0.7021479494046978,0.7120310787787131,0,0,0,0,0,0,0,,0,0,-11,27,krishna,0,0,0,0,0,0,0,0,0,0,0,0,0,0,0,0,0,post_monsoon,0,0,0,1,0,1,,,,67122.0,70237.3125,
2025-11-17,"71,208","23,135",3.84,,,,12,12,https://news.tirumala.org/total-pilgrims-who-had-darshan-on-17-11-2025-71208/,ok,2025,11,17,0,Monday,47,4,321,0,0,0,0,0,0.0,1.0,-0.6897960046655887,0.7240037789593305,0,0,0,0,0,0,0,,0,0,-12,28,krishna,0,0,0,0,1,0,0,0,0,0,0,0,0,0,0,0,0,post_monsoon,0,0,0,1,0,1,75004.0,,,68698.4,69674.0,
2025-11-18,"66,966","21,535",4.19,,,,17,12,https://news.tirumala.org/total-pilgrims-who-had-darshan-on-18-11-2025-66966/,ok,2025,11,18,1,Tuesday,47,4,322,0,0,0,0,0,0.7818314824680298,0.6234898018587336,-0.6772399381909491,0.7357622347736527,0,0,0,0,0,0,0,,0,0,-13,28,krishna,0,0,0,0,1,0,0,0,0,0,0,0,0,0,0,0,0,post_monsoon,0,0,0,1,0,1,71208.0,67367.0,,69116.66666666667,69622.875,67367.0
2025-11-19,"67,121","22,426",4.75,,,,10,8,https://news.tirumala.org/total-pilgrims-who-had-darshan-on-19-11-2025-67121/,ok,2025,11,19,2,Wednesday,47,4,323,0,0,0,0,0,0.9749279121818236,-0.2225209339563143,-0.6644834655228552,0.7473029667054296,0,0,0,0,0,0,0,,0,0,-14,29,krishna,0,0,0,0,1,0,0,0,0,0,0,0,0,0,0,0,0,post_monsoon,0,0,0,1,0,1,66966.0,72283.0,,69049.83333333333,69036.8125,72283.0
2025-11-20,"66,839","19,220",4.61,,,,9,8,https://news.tirumala.org/total-pilgrims-who-had-darshan-on-20-11-2025-66839/,ok,2025,11,20,3,Thursday,47,4,324,0,0,0,0,0,0.4338837391175582,-0.900968867902419,-0.6515303615068021,0.75862255966641,0,0,0,0,0,0,0,,0,0,-15,30,krishna,0,0,1,0,1,0,0,0,0,0,0,0,0,0,0,0,0,post_monsoon,0,0,0,1,0,1,67121.0,62129.0,,68189.5,68616.0625,62129.0
2025-11-21,"60,098","24,962",3.75,,,,17,12,https://news.tirumala.org/total-pilgrims-who-had-darshan-on-21-11-2025-60098/,ok,2025,11,21,4,Friday,47,4,325,0,0,0,0,0,-0.433883739117558,-0.9009688679024191,-0.6383844591746642,0.7697176640069211,0,0,0,0,0,0,0,,0,0,-16,1,shukla,0,0,0,0,1,0,0,0,0,0,0,0,0,0,0,0,0,post_monsoon,0,0,0,1,0,1,66839.0,66709.0,,68974.5,68987.5,66709.0
2025-11-22,"75,082","33,686",2.87,,,,31,18,https://news.tirumala.org/total-pilgrims-who-had-darshan-on-22-11-2025-75082/,ok,2025,11,22,5,Saturday,47,4,326,1,1,0,0,0,-0.9749279121818236,-0.2225209339563146,-0.6250496486104377,0.7805849965070866,0,0,0,0,0,0,0,,0,0,-17,2,shukla,0,0,0,0,1,0,0,0,0,0,0,0,0,0,0,0,0,post_monsoon,0,0,0,1,0,1,60098.0,,,67872.66666666667,68299.25,
2025-11-23,"78,974","28,995",3.61,,,,25,12,https://news.tirumala.org/total-pilgrims-who-had-darshan-on-23-11-2025-78974/,ok,2025,11,23,6,Sunday,47,4,327,1,0,1,0,0,-0.7818314824680299,0.6234898018587334,-0.6115298757991053,0.7912213413483807,0,0,0,0,0,0,0,,0,0,-18,3,shukla,0,0,0,0,1,0,0,0,0,0,0,0,0,0,0,0,0,post_monsoon,0,0,0,1,0,1,75082.0,75004.0,,68902.57142857143,67866.25,75004.0
2025-11-24,"68,615","27,722",4.23,,,,31,24,https://news.tirumala.org/total-pilgrims-who-had-darshan-on-24-11-2025-78974/,ok,2025,11,24,0,Monday,48,4,328,0,0,0,0,0,0.0,1.0,-0.5978291414589552,0.801623551065242,0,0,0,0,0,0,0,,0,0,-19,4,shukla,0,0,0,0,1,0,0,0,0,0,0,0,0,0,0,0,0,post_monsoon,0,0,0,1,0,1,78974.0,71208.0,,69469.71428571429,67800.8125,71208.0
2025-11-25,"73,677","24,732",3.26,,,,23,12,https://news.tirumala.org/total-pilgrims-who-had-darshan-on-25-11-2025-73677/,ok,2025,11,25,1,Tuesday,48,4,329,0,0,0,0,0,0.7818314824680298,0.6234898018587336,-0.5839514998576998,0.8117885474764613,0,0,0,0,0,0,0,,0,0,-20,5,shukla,0,0,0,0,1,0,0,0,0,0,0,0,0,0,0,0,0,post_monsoon,0,0,0,1,0,1,68615.0,66966.0,67367.0,69099.28571428571,67661.625,66966.0
2025-11-26,"73,670","26,062",4.0,,,,08,8 -10,https://news.tirumala.org/total-pilgrims-who-had-darshan-on-26-11-2025-73670/,ok,2025,11,26,2,Wednesday,48,4,330,0,0,0,0,0,0.9749279121818236,-0.2225209339563143,-0.5699010576127624,0.8217133225960589,0,0,0,0,0,0,0,,0,0,-21,6,shukla,0,0,0,0,1,0,0,0,0,0,0,0,0,0,0,0,0,post_monsoon,0,0,0,1,0,1,73677.0,67121.0,72283.0,70058.0,68262.375,67121.0
2025-11-27,"59,548","25,781",4.54,,,,30,15,https://news.tirumala.org/total-pilgrims-who-had-darshan-on-27-11-2025-59548/,ok,2025,11,27,3,Thursday,48,4,331,0,0,0,0,0,0.4338837391175582,-0.900968867902419,-0.5556819724760489,0.8313949395234058,0,0,0,0,0,0,0,,0,0,-22,7,shukla,0,0,0,0,1,0,0,0,0,0,0,0,0,0,0,0,0,post_monsoon,0,0,0,1,0,1,73670.0,66839.0,62129.0,70993.57142857143,68863.75,66839.0
2025-11-28,"70,044","25,559",3.47,,,,18,10,https://news.tirumala.org/total-pilgrims-who-had-darshan-on-28-11-2025-59548/,ok,2025,11,28,4,Friday,48,4,332,0,0,0,0,0,-0.433883739117558,-0.9009688679024191,-0.5412984521036173,0.8408305333122887,0,0,0,0,0,0,0,,0,0,-23,8,shukla,0,0,0,0,1,0,0,0,0,0,0,0,0,0,0,0,0,post_monsoon,0,0,0,1,0,1,59548.0,60098.0,66709.0,69952.0,69080.625,60098.0
2025-11-29,"79,791","28,911",3.73,,,,14,12-15,https://news.tirumala.org/total-pilgrims-who-had-darshan-on-29-11-2025-79791/,ok,2025,11,29,5,Saturday,48,4,333,1,1,0,0,0,-0.9749279121818236,-0.2225209339563146,-0.5267547528105542,0.8500173118187018,0,0,0,0,0,0,0,,0,0,-24,9,shukla,0,0,0,0,1,0,0,0,0,0,0,0,0,0,0,0,0,post_monsoon,0,0,0,1,0,1,70044.0,75082.0,,71372.85714285714,69137.29411764706,75082.0
2025-11-30,"68,187","25,027",4.47,,,,14,8-10,https://news.tirumala.org/total-pilgrims-who-had-darshan-on-30-11-2025-68187/,ok,2025,11,30,6,Sunday,48,4,334,1,0,1,0,1,-0.7818314824680299,0.6234898018587334,-0.5120551783114646,0.8589525565270845,0,0,0,0,0,0,0,,0,0,-25,10,shukla,0,0,0,0,1,0,0,0,0,0,0,0,0,0,0,0,0,post_monsoon,0,0,0,1,0,1,79791.0,78974.0,75004.0,72045.57142857143,69729.16666666667,78974.0
2025-12-01,"70,345","24,292",3.43,,,,08,8-10,https://news.tirumala.org/total-pilgrims-who-had-darshan-on-01-12-2025-70345/,ok,2025,12,1,0,Monday,49,4,335,0,0,0,1,0,0.0,1.0,-0.4972040784469378,0.8676336233547726,0,0,0,0,0,0,0,,0,0,24,11,shukla,1,0,0,0,1,0,0,0,0,0,0,0,0,0,0,0,0,winter,1,0,0,0,0,1,68187.0,68615.0,71208.0,70504.57142857143,69648.0,68615.0
2025-12-02,"64,684","20,515",3.75,,,,04,4,https://news.tirumala.org/total-pilgrims-who-had-darshan-on-02-12-2025-64684/,ok,2025,12,2,1,Tuesday,49,4,336,0,0,0,0,0,0.7818314824680298,0.6234898018587336,-0.4822058478963526,0.8760579434344281,0,0,0,0,0,0,0,,0,0,23,12,shukla,0,0,0,0,1,0,0,0,0,0,0,0,0,0,0,0,0,winter,1,0,0,0,0,1,70345.0,73677.0,66966.0,70751.71428571429,69682.85,73677.0
2025-12-03,"63,887","22,561",3.79,,,,11,8,https://news.tirumala.org/total-pilgrims-who-had-darshan-on-03-12-2025-63887/,ok,2025,12,3,2,Wednesday,49,4,337,0,0,0,0,0,0.9749279121818236,-0.2225209339563143,-0.4670649248774303,0.8842230238742036,0,0,0,0,0,0,0,,0,0,22,13,shukla,0,0,0,0,1,0,0,0,0,0,0,0,0,0,0,0,0,winter,1,0,0,0,0,1,64684.0,73670.0,67121.0,69467.0,69444.80952380953,73670.0
2025-12-04,"51,082","19,836",3.86,,,,31,12 -15,https://news.tirumala.org/total-pilgrims-who-had-darshan-on-04-12-2025-51082/,ok,2025,12,4,3,Thursday,49,4,338,0,0,0,0,0,0.4338837391175582,-0.900968867902419,-0.451785789832884,0.8921264484954345,0,0,0,0,0,0,0,,0,0,21,14,shukla,0,0,0,0,1,0,0,0,0,0,0,0,0,0,0,0,0,winter,1,0,0,0,0,1,63887.0,59548.0,66839.0,68069.42857142857,69192.18181818182,59548.0
2025-12-05,"67,336","25,063",3.68,,,,15,10-12,https://news.tirumala.org/total-pilgrims-who-had-darshan-on-05-12-2025-67336/,ok,2025,12,5,4,Friday,49,4,339,0,0,0,0,0,-0.433883739117558,-0.9009688679024191,-0.4363729641045924,0.8997658785476209,0,0,0,0,0,0,0,,0,0,20,16,krishna,0,0,0,0,1,0,0,0,0,0,0,0,0,0,0,0,0,winter,1,0,0,0,0,1,51082.0,70044.0,60098.0,66860.0,68404.78260869565,70044.0
2025-12-06,"82,007","39,154",3.13,,,,20,12-15,https://news.tirumala.org/total-pilgrims-who-had-darshan-on-06-12-2025-82007/,ok,2025,12,6,5,Saturday,49,4,340,1,1,0,0,0,-0.9749279121818236,-0.2225209339563146,-0.4208310085956556,0.9071390534005044,0,0,0,0,0,0,0,,0,0,19,17,krishna,0,0,0,0,1,0,0,0,0,0,0,0,0,0,0,0,0,winter,1,0,0,0,0,1,67336.0,79791.0,75082.0,66473.14285714286,68360.25,79791.0
2025-12-07,"75,343","26,505",3.69,,,,12,8,https://news.tirumala.org/total-pilgrims-who-had-darshan-on-07-12-2025-75343/,ok,2025,12,7,6,Sunday,49,4,341,1,0,1,0,0,-0.7818314824680299,0.6234898018587334,-0.4051645224207563,0.9142437912130223,0,0,0,0,0,0,0,,0,0,18,18,krishna,0,0,0,0,1,0,0,0,0,0,0,0,0,0,0,0,0,winter,1,0,0,0,0,1,82007.0,68187.0,78974.0,66789.71428571429,68906.12,68187.0
2025-12-08,"71,142","26,619",4.13,,,,15,10,https://news.tirumala.org/total-pilgrims-who-had-darshan-on-08-12-2025-71142/,ok,2025,12,8,0,Monday,50,4,342,0,0,0,0,0,0.0,1.0,-0.3893781415452015,0.9210779895789526,0,0,0,0,0,0,0,,0,0,17,19,krishna,0,0,0,0,1,0,0,0,0,0,0,0,0,0,0,0,0,winter,1,0,0,0,0,1,75343.0,70345.0,68615.0,67812.0,69153.69230769231,70345.0
2025-12-09,"70,901","23,128",3.96,,,,20,12,https://news.tirumala.org/total-pilgrims-who-had-darshan-on-09-12-2025-70901/,ok,2025,12,9,1,Tuesday,50,4,343,0,0,0,0,0,0.7818314824680298,0.6234898018587336,-0.3734765374130707,0.9276396261490468,0,0,0,0,0,0,0,,0,0,16,20,krishna,0,0,0,0,1,0,0,0,0,0,0,0,0,0,0,0,0,winter,1,0,0,0,0,1,71142.0,64684.0,73677.0,67925.85714285714,69227.33333333333,64684.0
2025-12-10,"68,165","25,087",3.81,,,,21,12,https://news.tirumala.org/total-pilgrims-who-had-darshan-on-10-12-2025-68165/,ok,2025,12,10,2,Wednesday,50,4,344,0,0,0,0,0,0.9749279121818236,-0.2225209339563143,-0.3574644155648614,0.9339267592294762,0,0,0,0,0,0,0,,0,0,15,21,krishna,0,0,0,0,1,0,0,0,0,0,0,0,0,0,0,0,0,winter,1,0,0,0,0,1,70901.0,63887.0,73670.0,68814.0,69358.22222222222,63887.0
2025-12-11,"64,367","25,193",4.71,,,,31,12,https://news.tirumala.org/total-pilgrims-who-had-darshan-on-11-12-2025-64367/,ok,2025,12,11,3,Thursday,50,4,345,0,0,0,0,0,0.4338837391175582,-0.900968867902419,-0.3413465142450361,0.9399375283564132,0,0,0,0,0,0,0,,0,0,14,22,krishna,0,0,0,0,1,0,0,0,0,0,0,0,0,0,0,0,0,winter,1,0,0,0,0,1,68165.0,51082.0,59548.0,69425.14285714286,69205.70370370371,51082.0
2025-12-12,"67,202","25,864",4.04,,,,26,8,https://news.tirumala.org/total-pilgrims-who-had-darshan-on-12-12-2025-67202/,ok,2025,12,12,4,Friday,50,4,346,0,0,0,0,0,-0.433883739117558,-0.9009688679024191,-0.3251276029999093,0.9456701548465688,0,0,0,0,0,0,0,,0,0,13,23,krishna,0,0,0,0,1,0,0,0,0,0,0,0,0,0,0,0,0,winter,1,0,0,0,0,1,64367.0,67336.0,70044.0,71323.0,69288.5925925926,67336.0
2025-12-13,"80,113","31,683",3.71,,,,Out side line at Krishna Teja guest house.,18,https://news.tirumala.org/total-pilgrims-who-had-darshan-on-13-12-2025-80113/,ok,2025,12,13,5,Saturday,50,4,347,1,1,0,0,0,-0.9749279121818236,-0.2225209339563146,-0.3088124812662537,0.9511229423235356,0,0,0,0,0,0,0,,0,0,12,24,krishna,0,0,0,0,1,0,0,0,0,0,0,0,0,0,0,0,0,winter,1,0,0,0,0,1,67202.0,82007.0,79791.0,71303.85714285714,69306.85185185185,82007.0
2025-12-14,"81,348","26,150",4.0,,,,19,12,https://news.tirumala.org/total-pilgrims-who-had-darshan-on-14-12-2025-81348/,ok,2025,12,14,6,Sunday,50,4,348,1,0,1,0,0,-0.7818314824680299,0.6234898018587334,-0.2924059769510773,0.956294277219772,0,0,0,0,0,0,0,,0,0,11,25,krishna,0,0,0,0,1,0,0,0,0,0,0,0,0,0,0,0,0,winter,1,0,0,0,0,1,80113.0,75343.0,68187.0,71033.28571428571,69692.78571428571,75343.0
2025-12-15,"70,251","26,862",4.66,,,,31,15,https://news.tirumala.org/total-pilgrims-who-had-darshan-on-15-12-2025-70251/,ok,2025,12,15,0,Monday,51,4,349,0,0,0,0,0,0.0,1.0,-0.2759129450029604,0.9611826292540836,0,0,0,0,0,0,0,,0,0,10,26,krishna,1,0,0,0,1,0,0,0,0,0,0,0,0,0,0,0,0,winter,1,0,0,0,0,1,81348.0,71142.0,70345.0,71891.14285714286,69919.35714285714,71142.0
2025-12-16,"63,738","19,746",4.79,,,,12,8,https://news.tirumala.org/total-pilgrims-who-had-darshan-on-16-12-2025-63738/,ok,2025,12,16,1,Tuesday,51,4,350,0,0,0,0,0,0.7818314824680298,0.6234898018587336,-0.2593382659754056,0.9657865518844574,0,0,0,0,0,0,0,,0,0,9,27,krishna,0,0,0,0,0,0,1,0,0,0,0,0,0,0,0,0,0,winter,1,0,0,0,0,1,70251.0,70901.0,64684.0,71763.85714285714,69885.17857142857,70901.0
2025-12-17,"61,582","19,757",4.35,,,,31,20,https://news.tirumala.org/total-pilgrims-who-had-darshan-on-17-12-2025-61582/,ok,2025,12,17,2,Wednesday,51,4,351,0,0,0,0,0,0.9749279121818236,-0.2225209339563143,-0.2426868445825954,0.9701046827361176,0,0,0,0,0,0,0,,0,0,8,28,krishna,0,0,0,0,0,0,1,0,0,0,0,0,0,0,0,0,0,winter,1,0,0,0,0,1,63738.0,68165.0,63887.0,70740.57142857143,69769.89285714286,68165.0
2025-12-18,,,,,,,,,,not_found,2025,12,18,3,Thursday,51,4,352,0,0,0,0,0,0.4338837391175582,-0.900968867902419,-0.225963608248019,0.974135744004672,0,0,0,0,0,0,0,,0,0,7,29,krishna,0,0,0,0,0,0,1,0,0,0,0,0,0,0,0,0,0,winter,1,0,0,0,0,1,61582.0,64367.0,51082.0,69800.14285714286,69572.07142857143,64367.0
2025-12-19,"64,729","22,162",4.31,,,,08,12,https://news.tirumala.org/total-pilgrims-who-had-darshan-on-19-12-2025-64729/,ok,2025,12,19,4,Friday,51,4,353,0,0,0,0,0,-0.433883739117558,-0.9009688679024191,-0.2091735056463563,0.9778785428342386,0,0,0,0,0,0,0,,0,0,6,30,krishna,0,0,1,0,0,0,1,0,0,0,0,0,0,0,0,0,0,winter,1,0,0,0,0,1,,67202.0,67336.0,70705.66666666667,69673.29629629629,67202.0
2025-12-20,"78,466","29,722",3.52,,,,14,8,https://news.tirumala.org/total-pilgrims-who-had-darshan-on-20-12-2025-78466/,ok,2025,12,20,5,Saturday,51,4,354,1,1,0,0,0,-0.9749279121818236,-0.2225209339563146,-0.1923215052390948,0.9813319716704276,0,0,0,0,0,0,0,,0,0,5,30,krishna,0,0,1,0,0,0,1,0,0,0,0,0,0,0,0,0,0,winter,1,0,0,0,0,1,64729.0,80113.0,82007.0,70293.5,69844.81481481482,80113.0
2025-12-21,"76,903","24,612",3.64,,,,07,8,https://news.tirumala.org/total-pilgrims-who-had-darshan-on-21-12-2025-76903/,ok,2025,12,21,6,Sunday,51,4,355,1,0,1,0,0,-0.7818314824680299,0.6234898018587334,-0.1754125938042784,0.9844950085880858,0,0,0,0,0,0,0,,0,0,4,1,shukla,0,0,0,0,0,0,1,0,0,0,0,0,0,0,0,0,0,winter,1,0,0,0,0,1,78466.0,81348.0,75343.0,70019.0,69970.14814814815,81348.0
2025-12-22,"60,764","33,077",4.01,,,,Outside line at ATGH,12,https://news.tirumala.org/total-pilgrims-who-had-darshan-on-22-12-2025-60764/,ok,2025,12,22,0,Monday,52,4,356,0,0,0,0,0,0.0,1.0,-0.1584517749608363,0.9873667175937016,0,0,0,0,0,0,0,,0,0,3,2,shukla,0,0,0,0,0,0,1,0,0,0,0,0,0,0,0,0,0,winter,1,0,0,0,0,1,76903.0,70251.0,71142.0,69278.16666666667,69893.44444444444,70251.0
2025-12-23,"61,583","28,936",4.25,,,,Outside line at ATGH,16-18,https://news.tirumala.org/total-pilgrims-who-had-darshan-on-23-12-2025-61583/,ok,2025,12,23,1,Tuesday,52,4,357,0,0,0,0,0,0.7818314824680298,0.6234898018587336,-0.141444067687942,0.989946248902378,0,0,0,0,0,0,0,,0,0,2,3,shukla,0,0,0,0,0,0,1,0,0,0,0,0,0,0,0,0,0,winter,1,0,0,0,0,1,60764.0,63738.0,70901.0,67697.0,69602.66666666667,63738.0
2025-12-24,"73,524","29,989",4.88,,,,Outside line at Silathoranam.,24,https://news.tirumala.org/total-pilgrims-who-had-darshan-on-24-12-2025-73524/,ok,2025,12,24,2,Wednesday,52,4,358,0,0,0,0,0,0.9749279121818236,-0.2225209339563143,-0.1243945048397999,0.9922328391893008,0,0,0,0,0,0,0,,0,0,1,4,shukla,0,0,0,0,0,0,1,0,0,0,0,0,0,0,0,1,0,winter,1,0,0,0,0,1,61583.0,61582.0,68165.0,67337.83333333333,69154.74074074074,61582.0
2025-12-25,"72,355","37,154",4.12,,,,Outside line at Silathoranam.,24,https://news.tirumala.org/total-pilgrims-who-had-darshan-on-25-12-2025-72355/,ok,2025,12,25,3,Thursday,52,4,359,0,0,0,0,0,0.4338837391175582,-0.900968867902419,-0.1073081316563624,0.994225811815616,1,1,1,1,1,1,1,Christmas,0,0,0,5,shukla,0,0,0,0,0,0,1,0,0,0,0,0,0,0,0,1,0,winter,1,0,0,0,0,1,73524.0,,64367.0,69328.16666666667,69149.33333333333,
2025-12-26,"72,487","29,500",4.52,,,,Outside line at Silathoranam.,20,https://news.tirumala.org/total-pilgrims-who-had-darshan-on-26-12-2025-72487/,ok,2025,12,26,4,Friday,52,4,360,0,0,0,0,0,-0.433883739117558,-0.9009688679024191,-0.0901900042703451,0.99592457702866,0,0,0,0,0,0,0,,0,1,-1,6,shukla,0,0,0,0,0,0,1,0,0,0,0,0,0,0,0,1,0,winter,1,0,0,0,0,1,72355.0,64729.0,67202.0,69760.57142857143,69623.66666666667,64729.0
2025-12-27,"91,147","29,400",4.31,,,,16,10-12,https://news.tirumala.org/total-pilgrims-who-had-darshan-on-27-12-2025-91147/,ok,2025,12,27,5,Saturday,52,4,361,1,1,0,0,0,-0.9749279121818236,-0.2225209339563146,-0.0730451882110474,0.9973286321364752,0,0,0,0,0,0,0,,0,0,-2,7,shukla,0,0,0,0,0,0,1,0,0,0,0,0,0,0,0,1,0,winter,1,0,0,0,0,1,72487.0,78466.0,80113.0,70868.85714285714,69714.14814814815,78466.0
2025-12-28,"85,823","23,660",4.8,,,,13,6-8,https://news.tirumala.org/total-pilgrims-who-had-darshan-on-28-12-2025-85823/,ok,2025,12,28,6,Sunday,52,4,362,1,0,1,0,0,-0.7818314824680299,0.6234898018587334,-0.0558787569053731,0.9984375616565666,0,0,0,0,0,0,0,,0,0,-3,8,shukla,0,0,0,0,0,0,1,0,0,0,0,0,0,0,0,1,0,winter,1,0,0,0,0,1,91147.0,76903.0,81348.0,72680.42857142857,70134.74074074074,76903.0
2025-12-29,"59,631","18,609",4.36,,,,,,https://news.tirumala.org/total-pilgrims-who-had-darshan-on-29-12-2025-59631/,ok,2025,12,29,0,Monday,1,4,363,0,0,0,0,0,0.0,1.0,-0.0386957901765268,0.999251037438848,0,0,0,0,0,0,0,,0,0,-4,9,shukla,0,0,0,0,0,0,1,0,0,0,0,0,0,0,0,1,0,winter,1,0,0,0,0,1,85823.0,60764.0,70251.0,73954.71428571429,70787.92592592593,60764.0
2025-12-30,"67,053","16,301",2.25,,,,,,https://news.tirumala.org/total-pilgrims-who-had-darshan-on-30-12-2025-67053/,ok,2025,12,30,1,Tuesday,1,4,364,0,0,0,0,0,0.7818314824680298,0.6234898018587336,-0.0215013727408137,0.999768818762748,0,0,0,0,0,0,0,,0,0,-5,10,shukla,0,0,0,0,0,0,1,0,0,0,0,0,0,0,0,1,0,winter,1,0,0,0,0,1,59631.0,61583.0,63738.0,73792.85714285714,70391.11111111111,61583.0
2025-12-31,"70,256","25,102",4.79,,,,,,https://news.tirumala.org/total-pilgrims-who-had-darshan-on-31-12-2025-70256/,ok,2025,12,31,2,Wednesday,1,4,365,0,0,0,0,1,0.9749279121818236,-0.2225209339563143,-0.0043005927029819,0.9999907524084426,0,0,0,0,0,0,0,,0,0,-6,12,shukla,0,0,0,0,0,0,1,0,0,0,0,0,0,0,0,1,0,winter,1,0,0,0,0,1,67053.0,73524.0,61582.0,74574.28571428571,70478.85185185185,73524.0
2026-01-01,"65,225","31,106",3.63,,,,Outside line at Silathoranam.,20-24,https://news.tirumala.org/total-pilgrims-who-had-darshan-on-01-01-2026-65225/,ok,2026,1,1,3,Thursday,1,1,1,0,0,0,1,0,0.4338837391175582,-0.900968867902419,0.0172015754182605,0.9998520419557736,0,0,0,0,0,0,0,,0,0,-7,13,shukla,0,0,0,0,0,0,1,0,0,0,0,0,0,0,0,1,0,winter,1,0,0,0,0,1,70256.0,72355.0,,74107.42857142857,70714.74074074074,72355.0
2026-01-02,"83,032","27,372",4.1,,,,Outside Adding at Silathoranam.,20,https://news.tirumala.org/total-pilgrims-who-had-darshan-on-02-01-2026-83032highest-on-a-friday/,ok,2026,1,2,4,Friday,1,1,2,0,0,0,0,0,-0.433883739117558,-0.9009688679024191,0.034398060613608,0.9994082116062598,0,0,0,0,0,0,0,,0,0,-8,14,shukla,0,0,0,0,0,0,1,0,0,0,0,0,0,0,0,0,0,winter,1,0,0,0,0,1,65225.0,72487.0,64729.0,73088.85714285714,71238.55555555556,72487.0
2026-01-03,"88,662","24,417",5.05,,,,Outside lines are adding at Silathoranam.,15,https://news.tirumala.org/total-pilgrims-who-had-darshan-on-03-01-2026-88662/,ok,2026,1,3,5,Saturday,1,1,3,1,1,0,0,0,-0.9749279121818236,-0.2225209339563146,0.0515843668694083,0.9986686402879996,0,0,0,0,0,0,0,,0,0,-9,15,shukla,0,1,0,0,0,0,1,0,0,0,0,0,0,0,0,0,0,winter,1,0,0,0,0,1,83032.0,91147.0,78466.0,74595.28571428571,71819.88888888889,91147.0
2026-01-04,"85,179","18,831",4.79,,,,,,https://news.tirumala.org/total-pilgrims-who-had-darshan-on-04-01-2026-85179/,ok,2026,1,4,6,Sunday,1,1,4,1,0,1,0,0,-0.7818314824680299,0.6234898018587334,0.0687554084811394,0.9976335468520452,0,0,0,0,0,0,0,,0,0,-10,16,krishna,0,0,0,0,0,0,1,0,0,0,0,0,0,0,0,0,0,winter,1,0,0,0,0,1,88662.0,85823.0,76903.0,74240.28571428571,72066.37037037036,85823.0
2026-01-05,"82,650","23,331",4.08,,,,,,https://news.tirumala.org/total-pilgrims-who-had-darshan-on-05-01-2026-82650/,ok,2026,1,5,0,Monday,2,1,5,0,0,0,0,0,0.0,1.0,0.0859061042613327,0.9963032375991964,0,0,0,0,0,0,0,,0,0,-11,17,krishna,0,0,0,0,0,0,1,0,0,0,0,0,0,0,0,0,0,winter,1,0,0,0,0,1,85179.0,59631.0,60764.0,74148.28571428571,72430.66666666667,59631.0
2026-01-06,"82,022","20,230",3.48,,,,,,https://news.tirumala.org/total-pilgrims-who-had-darshan-on-06-01-2026-82022/,ok,2026,1,6,1,Tuesday,2,1,6,0,0,0,0,0,0.7818314824680298,0.6234898018587336,0.1030313790431787,0.9946781061893646,0,0,0,0,0,0,0,,0,0,-12,18,krishna,0,0,0,0,0,0,1,0,0,0,0,0,0,0,0,0,0,winter,1,0,0,0,0,1,82650.0,67053.0,61583.0,77436.71428571429,72856.88888888889,67053.0
2026-01-07,"85,752","19,443",4.69,,,,,,https://news.tirumala.org/total-pilgrims-who-had-darshan-on-07-01-2026-85752/,ok,2026,1,7,2,Wednesday,2,1,7,0,0,0,0,0,0.9749279121818236,-0.2225209339563143,0.1201261651823505,0.9927586335250792,0,0,0,0,0,0,0,,0,0,-13,19,krishna,0,0,0,0,0,0,1,0,0,0,0,0,0,0,0,0,0,winter,1,0,0,0,0,1,82022.0,70256.0,73524.0,79575.14285714286,73268.77777777778,70256.0
2026-01-08,"73,580","18,465",3.57,,,,,,https://news.tirumala.org/total-pilgrims-who-had-darshan-on-08-01-2026-73580/,ok,2026,1,8,3,Thursday,2,1,8,0,0,0,0,0,0.4338837391175582,-0.900968867902419,0.1371854040566005,0.9905453876091832,0,0,0,0,0,0,0,,0,0,-14,21,krishna,0,0,0,0,0,0,1,0,0,0,0,0,0,0,0,0,0,winter,1,0,0,0,0,1,85752.0,65225.0,72355.0,81788.85714285714,73920.14814814815,65225.0
2026-01-09,"67,678","18,173",3.82,,,,07,08,https://news.tirumala.org/total-pilgrims-who-had-darshan-on-09-01-2026-67678/,ok,2026,1,9,4,Friday,2,1,9,0,0,0,0,0,-0.433883739117558,-0.9009688679024191,0.1542040475626894,0.988039023376751,0,0,0,0,0,0,0,,0,0,-15,21,krishna,0,0,0,0,0,0,1,0,0,0,0,0,0,0,0,0,0,winter,1,0,0,0,0,1,73580.0,83032.0,72487.0,82982.42857142857,74261.37037037036,83032.0
2026-01-10,"76,820","24,368",3.77,,,,08,08,https://news.tirumala.org/total-pilgrims-who-had-darshan-on-10-01-2026-76820/,ok,2026,1,10,5,Saturday,2,1,10,1,1,0,0,0,-0.9749279121818236,-0.2225209339563146,0.1711770596101998,0.985240282501282,0,0,0,0,0,0,0,,0,0,-16,22,krishna,0,0,0,0,0,0,1,0,0,0,0,0,0,0,0,0,0,winter,1,0,0,0,0,1,67678.0,88662.0,91147.0,80789.0,74279.0,88662.0
2026-01-11,"76,447","21,708",3.42,,,,04,04,https://news.tirumala.org/total-pilgrims-who-had-darshan-on-11-01-2026-76447/,ok,2026,1,11,6,Sunday,2,1,11,1,0,1,0,0,-0.7818314824680299,0.6234898018587334,0.1880994176117975,0.9821499931752292,0,0,0,0,0,0,0,,0,0,15,23,krishna,0,0,0,0,0,0,1,0,0,0,0,0,0,0,0,0,0,winter,1,0,0,0,0,1,76820.0,85179.0,85823.0,79097.28571428571,74157.03703703704,85179.0
2026-01-12,"68,542","22,372",3.98,,,,12,08 -10,https://news.tirumala.org/total-pilgrims-who-had-darshan-on-12-01-2026-68542/,ok,2026,1,12,0,Monday,3,1,12,0,0,0,0,0,0.0,1.0,0.2049661139694953,0.9787690698649216,0,0,0,0,0,0,0,,0,0,14,24,krishna,0,0,0,0,0,0,1,0,0,0,0,0,0,0,0,0,1,winter,1,0,0,0,0,1,76447.0,82650.0,59631.0,77849.85714285714,73975.51851851853,82650.0
2026-01-13,"73,014","19,639",4.27,,,,04,04 -06,https://news.tirumala.org/total-pilgrims-who-had-darshan-on-13-01-2026-73014/,ok,2026,1,13,1,Tuesday,3,1,13,0,0,0,0,0,0.7818314824680298,0.6234898018587336,0.2217721575564818,0.975098513039961,0,0,0,0,0,0,0,,0,0,13,25,krishna,0,0,0,0,0,0,1,0,0,0,0,0,0,0,0,0,1,winter,1,0,0,0,0,1,68542.0,82022.0,67053.0,75834.42857142857,73912.22222222222,82022.0
2026-01-14,"76,289","27,586",3.84,,,,Outside line at Krishna Teja guest house,14 -16,https://news.tirumala.org/total-pilgrims-who-had-darshan-on-14-01-2026-76289/,ok,2026,1,14,2,Wednesday,3,1,14,0,0,0,0,0,0.9749279121818236,-0.2225209339563143,0.2385125751940764,0.9711394088771652,0,0,0,1,0,0,1,,0,0,12,26,krishna,1,0,0,0,0,0,1,0,0,0,0,0,0,0,0,0,1,winter,1,0,0,0,0,1,73014.0,85752.0,70256.0,74547.57142857143,74255.77777777778,85752.0
2026-01-15,"64,064","30,663",3.8,,,,Outside line at Silathoranam.,18,https://news.tirumala.org/total-pilgrims-who-had-darshan-on-15-01-2026-64064/,ok,2026,1,15,3,Thursday,3,1,15,0,0,0,0,0,0.4338837391175582,-0.900968867902419,0.2551824131233728,0.966892928939152,0,0,0,1,0,0,1,,0,0,11,27,krishna,0,0,0,0,0,0,0,0,0,0,0,0,0,0,0,0,1,winter,1,0,0,0,0,1,76289.0,73580.0,65225.0,73195.71428571429,74800.48148148147,73580.0
2026-01-16,"78,733","31,146",3.41,,,,Outside line at Silathoranam.,20-24,https://news.tirumala.org/total-pilgrims-who-had-darshan-on-16-01-2026-78733/,ok,2026,1,16,4,Friday,3,1,16,0,0,0,0,0,-0.433883739117558,-0.9009688679024191,0.2717767384711357,0.9623603298276544,0,0,0,1,0,0,1,,0,0,10,28,krishna,0,0,0,0,0,0,0,0,0,0,0,0,0,0,0,0,1,winter,1,0,0,0,0,1,64064.0,67678.0,83032.0,71836.28571428571,74417.03571428571,67678.0
2026-01-17,"83,576","31,173",4.07,,,,Outside line at Silathoranam.,24,https://news.tirumala.org/total-pilgrims-who-had-darshan-on-17-01-2026-83576/,ok,2026,1,17,5,Saturday,3,1,17,1,1,0,0,0,-0.9749279121818236,-0.2225209339563146,0.2882906407095177,0.957542952811672,0,0,0,0,0,0,0,,0,0,9,29,krishna,0,0,0,0,0,0,0,0,0,0,0,0,0,0,0,0,0,winter,1,0,0,0,0,1,78733.0,76820.0,88662.0,73415.57142857143,74917.17857142857,76820.0
2026-01-18,"84,058","22,512",4.21,,,,31,12,https://news.tirumala.org/total-pilgrims-who-had-darshan-on-18-01-2026-84058/,ok,2026,1,18,6,Sunday,3,1,18,1,0,1,0,0,-0.7818314824680299,0.6234898018587334,0.3047192331091634,0.9524422234305676,0,0,0,0,0,0,0,,0,0,8,30,krishna,0,0,1,0,0,0,0,0,0,0,0,0,0,0,0,0,0,winter,1,0,0,0,0,1,83576.0,76447.0,85179.0,74380.71428571429,75099.67857142857,76447.0
2026-01-19,"79,098","24,083",4.16,,,,20,8,https://news.tirumala.org/total-pilgrims-who-had-darshan-on-19-01-2026-79098/,ok,2026,1,19,0,Monday,4,1,19,0,0,0,0,0,0.0,1.0,0.321057654185271,0.9470596510722284,0,0,0,0,0,0,0,,0,0,7,1,shukla,0,0,0,0,0,0,0,0,0,0,0,0,0,0,0,0,0,winter,1,0,0,0,0,1,84058.0,68542.0,82650.0,75468.0,75355.21428571429,68542.0
2026-01-20,"73,788","23,449",4.65,,,,13,12,https://news.tirumala.org/total-pilgrims-who-had-darshan-on-20-01-2026-73788/,ok,2026,1,20,1,Tuesday,4,1,20,0,0,0,0,0,0.7818314824680298,0.6234898018587336,0.3373010691361842,0.9413968285264122,0,0,0,0,0,0,0,,0,0,6,2,shukla,0,0,0,0,0,0,0,0,0,0,0,0,0,0,0,0,0,winter,1,0,0,0,0,1,79098.0,73014.0,82022.0,76976.0,76010.0,73014.0
2026-01-21,"74,056","27,517",3.98,,,,17,18,https://news.tirumala.org/total-pilgrims-who-had-darshan-on-21-01-2026-74056/,ok,2026,1,21,2,Wednesday,4,1,21,0,0,0,0,0,0.9749279121818236,-0.2225209339563143,0.3534446712740877,0.9354554315134164,0,0,0,0,0,0,0,,0,0,5,3,shukla,0,0,0,0,0,0,0,0,0,0,0,0,0,0,0,0,0,winter,1,0,0,0,0,1,73788.0,76289.0,85752.0,77086.57142857143,76445.89285714286,76289.0
2026-01-22,"64,571","23,634",3.84,,,,31,12,https://news.tirumala.org/total-pilgrims-who-had-darshan-on-22-01-2026-64571/,ok,2026,1,22,3,Thursday,4,1,22,0,0,0,0,0,0.4338837391175582,-0.900968867902419,0.3694836834473831,0.9292372181882051,0,0,0,0,0,0,0,,0,0,4,4,shukla,0,0,0,0,0,0,0,0,0,0,0,0,0,0,0,0,0,winter,1,0,0,0,0,1,74056.0,64064.0,73580.0,76767.57142857143,76464.89285714286,64064.0
2026-01-23,"69,726","27,832",4.12,,,,Outside line at Silathoranam,24,https://news.tirumala.org/total-pilgrims-who-had-darshan-on-23-01-2026-69726/,ok,2026,1,23,4,Friday,4,1,23,0,0,0,0,0,-0.433883739117558,-0.9009688679024191,0.3854133594543256,0.9227440286201428,0,0,0,0,0,0,0,,0,0,3,5,shukla,0,0,0,0,0,0,0,0,0,0,0,0,0,0,0,0,0,winter,1,0,0,0,0,1,64571.0,78733.0,67678.0,76840.0,76186.89285714286,78733.0
2026-01-24,"76,654","34,080",3.81,,,,Out side line at Silathoranam,20,https://news.tirumala.org/total-pilgrims-who-had-darshan-on-24-01-2026-76654/,ok,2026,1,24,5,Saturday,4,1,24,1,1,0,0,0,-0.9749279121818236,-0.2225209339563146,0.4012289854475009,0.9159777842484876,0,0,0,0,0,0,0,,1,0,2,6,shukla,0,0,0,0,0,0,0,0,0,0,0,0,0,0,0,0,0,winter,1,0,0,0,0,1,69726.0,83576.0,76820.0,75553.28571428571,76088.28571428571,83576.0
2026-01-25,"84,014","35,131",3.69,,,,Outside line at Octopus Building ( Near Gogarbam Dam circle).,20,https://news.tirumala.org/total-pilgrims-who-had-darshan-on-25-01-2026-84014/,ok,2026,1,25,6,Sunday,4,1,25,1,0,1,0,0,-0.7818314824680299,0.6234898018587334,0.4169258813287287,0.908940487313808,0,0,0,0,0,0,0,,1,0,1,7,shukla,0,0,0,0,0,0,0,0,0,0,0,0,0,0,0,0,0,winter,1,0,0,0,0,1,76654.0,84058.0,76447.0,74564.42857142857,75570.67857142857,84058.0
2026-01-26,"75,791","22,141",3.77,,,,31,12,https://news.tirumala.org/total-pilgrims-who-had-darshan-on-26-01-2026-75791/,ok,2026,1,26,0,Monday,5,1,26,0,0,0,0,0,0.0,1.0,0.4324994021339788,0.901634220265486,1,1,1,1,1,1,1,Republic Day,1,0,0,8,shukla,0,0,0,0,0,0,0,0,0,0,0,0,0,0,0,0,0,winter,1,0,0,0,0,1,84014.0,79098.0,68542.0,74558.14285714286,75506.07142857143,79098.0
2026-01-27,"77,049","21,469",3.73,,,,18,8,https://news.tirumala.org/total-pilgrims-who-had-darshan-on-27-01-2026-77049/,ok,2026,1,27,1,Tuesday,5,1,27,0,0,0,0,0,0.7818314824680298,0.6234898018587336,0.4479449394078911,0.8940611451454876,0,0,0,0,0,0,0,,0,0,-1,9,shukla,0,0,0,0,0,0,0,0,0,0,0,0,0,0,0,0,0,winter,1,0,0,0,0,1,75791.0,73788.0,73014.0,74085.71428571429,76083.21428571429,73788.0
2026-01-28,"61,315","22,076",4.76,,,,31,8 -10,https://news.tirumala.org/total-pilgrims-who-had-darshan-on-28-01-2026-61315/,ok,2026,1,28,2,Wednesday,5,1,28,0,0,0,0,0,0.9749279121818236,-0.2225209339563143,0.4632579225674917,0.88622350294858,0,0,0,0,0,0,0,,0,0,-2,10,shukla,0,0,0,0,0,0,0,0,0,0,0,0,0,0,0,0,0,winter,1,0,0,0,0,1,77049.0,74056.0,76289.0,74551.57142857143,76440.21428571429,74056.0
2026-01-29,,,,,,,,,,not_found,2026,1,29,3,Thursday,5,1,29,0,0,0,0,0,0.4338837391175582,-0.900968867902419,0.4784338202547012,0.8781236129591848,0,0,0,0,0,0,0,,0,0,-3,11,shukla,1,0,0,0,0,0,0,0,0,0,0,0,0,0,0,0,0,winter,1,0,0,0,0,1,61315.0,64571.0,64064.0,72731.42857142857,76120.89285714286,64571.0
2026-01-30,"69,254","20,954",4.35,,,,12,8 -10,https://news.tirumala.org/total-pilgrims-who-had-darshan-on-30-01-2026-69254/,ok,2026,1,30,4,Friday,5,1,30,0,0,0,0,0,-0.433883739117558,-0.9009688679024191,0.4934681416772373,0.8697638720650646,0,0,0,0,0,0,0,,0,0,-4,12,shukla,0,0,0,0,0,0,0,0,0,0,0,0,0,0,0,0,0,winter,1,0,0,0,0,1,,69726.0,78733.0,74091.5,76524.44444444444,69726.0
2026-01-31,"76,935","25,770",3.2,,,,11,8,https://news.tirumala.org/total-pilgrims-who-had-darshan-on-31-01-2026-76-935/,ok,2026,1,31,5,Saturday,5,1,31,1,1,0,0,1,-0.9749279121818236,-0.2225209339563146,0.5083564379375122,0.8611467540480452,0,0,0,0,0,0,0,,0,0,-5,13,shukla,0,0,0,0,0,0,0,0,0,0,0,0,0,0,0,0,0,winter,1,0,0,0,0,1,69254.0,76654.0,83576.0,74012.83333333333,76014.14814814815,76654.0
2026-02-01,"74,192","22,313",4.57,,,,05,8 -10,https://news.tirumala.org/total-pilgrims-who-had-darshan-on-01-02-2026-74192/,ok,2026,2,1,6,Sunday,5,1,32,1,0,1,1,0,-0.7818314824680299,0.6234898018587334,0.5230943033491326,0.8522748088519838,0,0,0,0,0,0,0,,0,0,-6,15,shukla,0,1,0,0,0,0,0,0,0,0,0,0,0,0,0,0,0,winter,1,0,0,0,1,0,76935.0,84014.0,84058.0,74059.66666666667,75579.81481481482,84014.0
2026-02-02,"69,262","22,728",3.77,,,,11,8 -10,https://news.tirumala.org/total-pilgrims-who-had-darshan-on-02-02-2026-74192/,ok,2026,2,2,0,Monday,6,1,33,0,0,0,0,0,0.0,1.0,0.5376773767406141,0.8431506618282,0,0,0,0,0,0,0,,0,0,-7,16,krishna,0,0,0,0,0,0,0,0,0,0,0,0,0,0,0,0,0,winter,1,0,0,0,1,0,74192.0,75791.0,79098.0,72422.66666666667,75172.88888888889,75791.0
2026-02-03,"69,389","20,247",3.72,,,,04,6,https://news.tirumala.org/total-pilgrims-who-had-darshan-on-03-02-2026-69389/,ok,2026,2,3,1,Tuesday,6,1,34,0,0,0,0,0,0.7818314824680298,0.6234898018587336,0.5521013427459208,0.8337770129585915,0,0,0,0,0,0,0,,0,0,-8,17,krishna,0,0,0,0,0,0,0,0,0,0,0,0,0,0,0,0,0,winter,1,0,0,0,1,0,69262.0,77049.0,73788.0,71334.5,74677.03703703704,77049.0
2026-02-04,"68,586","24,764",3.71,,,,09,8-12,https://news.tirumala.org/total-pilgrims-who-had-darshan-on-04-02-2026-68586/,ok,2026,2,4,2,Wednesday,6,1,35,0,0,0,0,0,0.9749279121818236,-0.2225209339563143,0.5663619330814524,0.8241566360566663,0,0,0,0,0,0,0,,0,0,-9,18,krishna,0,0,0,0,0,0,0,0,0,0,0,0,0,0,0,0,0,winter,1,0,0,0,1,0,69389.0,61315.0,74056.0,70057.83333333333,74209.14814814815,61315.0
2026-02-05,"61,655","21,003",3.89,,,,26,12-18,https://news.tirumala.org/total-pilgrims-who-had-darshan-on-05-02-2026-61655/,ok,2026,2,5,3,Thursday,6,1,36,0,0,0,0,0,0.4338837391175582,-0.900968867902419,0.580454927809098,0.8142923779467267,0,0,0,0,0,0,0,,0,0,-10,19,krishna,0,0,0,0,0,0,0,0,0,0,0,0,0,0,0,0,0,winter,1,0,0,0,1,0,68586.0,,64571.0,71269.66666666667,73573.37037037036,
2026-02-06,"67,085","24,832",3.78,,,,23,12,https://news.tirumala.org/total-pilgrims-who-had-darshan-on-06-02-2026-67085/,ok,2026,2,6,4,Friday,6,1,37,0,0,0,0,0,-0.433883739117558,-0.9009688679024191,0.5943761565849831,0.804187157621448,0,0,0,0,0,0,0,,0,0,-11,20,krishna,0,0,0,0,0,0,0,0,0,0,0,0,0,0,0,0,0,winter,1,0,0,0,1,0,61655.0,69254.0,69726.0,69896.14285714286,73131.70370370371,69254.0
2026-02-07,"81,777","30,209",3.7,,,,31,15-18,https://news.tirumala.org/total-pilgrims-who-had-darshan-on-07-02-2026-81777/,ok,2026,2,7,5,Saturday,6,1,38,1,1,0,0,0,-0.9749279121818236,-0.2225209339563146,0.6081214998935418,0.7938439653781019,0,0,0,0,0,0,0,,0,0,-12,21,krishna,0,0,0,0,0,0,0,0,0,0,0,0,0,0,0,0,0,winter,1,0,0,0,1,0,67085.0,76935.0,76654.0,69586.28571428571,73109.74074074074,76935.0
2026-02-08,"81,894","24,754",3.91,,,,18,12,https://news.tirumala.org/total-pilgrims-who-had-darshan-on-08-02-2026-81894/,ok,2026,2,8,6,Sunday,6,1,39,1,0,1,0,0,-0.7818314824680299,0.6234898018587334,0.6216868902665479,0.7832658619336791,0,0,0,0,0,0,0,,0,0,-13,22,krishna,0,0,0,0,0,0,0,0,0,0,0,0,0,0,0,0,0,winter,1,0,0,0,1,0,81777.0,74192.0,84014.0,70278.0,73293.33333333333,74192.0
2026-02-09,"74,130","24,631",4.03,,,,21,12,https://news.tirumala.org/total-pilgrims-who-had-darshan-on-09-02-2026-74130/,ok,2026,2,9,0,Monday,7,1,40,0,0,0,0,0,0.0,1.0,0.6350683134867438,0.7724559775191742,0,0,0,0,0,0,0,,0,0,-14,23,krishna,0,0,0,0,0,0,0,0,0,0,0,0,0,0,0,0,0,winter,1,0,0,0,1,0,81894.0,69262.0,75791.0,71378.28571428571,73495.07407407407,69262.0
2026-02-10,"73,983","21,900",4.23,,,,15,12,https://news.tirumala.org/total-pilgrims-who-had-darshan-on-10-02-2026-73983/,ok,2026,2,10,1,Tuesday,7,1,41,0,0,0,0,0,0.7818314824680298,0.6234898018587336,0.6482618097757122,0.7614175109532997,0,0,0,0,0,0,0,,0,0,-15,23,krishna,0,0,0,0,0,0,0,0,0,0,0,0,0,0,0,0,0,winter,1,0,0,0,1,0,74130.0,69389.0,77049.0,72073.71428571429,73702.03703703704,69389.0
2026-02-11,"73,652","25,758",4.31,,,,18,12-15,https://news.tirumala.org/total-pilgrims-who-had-darshan-on-11-02-2026-73652/,ok,2026,2,11,2,Wednesday,7,1,42,0,0,0,0,0,0.9749279121818236,-0.2225209339563143,0.6612634749656386,0.7501537286959042,0,0,0,0,0,0,0,,0,0,-16,24,krishna,0,0,0,0,0,0,0,0,0,0,0,0,0,0,0,0,0,winter,1,0,0,0,1,0,73983.0,68586.0,61315.0,72730.0,73737.92592592593,68586.0
2026-02-12,"61,632","24,435",3.28,,,,31,12,https://news.tirumala.org/total-pilgrims-who-had-darshan-on-12-02-2026-61632/,ok,2026,2,12,3,Thursday,7,1,43,0,0,0,0,0,0.4338837391175582,-0.900968867902419,0.6740694616546161,0.7386679638813748,0,0,0,0,0,0,0,,0,0,-17,25,krishna,0,0,0,0,0,0,0,0,0,0,0,0,0,0,0,0,0,winter,1,0,0,0,1,0,73652.0,61655.0,,73453.71428571429,73640.25925925926,61655.0
2026-02-13,"64,222","24,882",4.2,,,,27,12,https://news.tirumala.org/total-pilgrims-who-had-darshan-on-13-02-2026-64222/,ok,2026,2,13,4,Friday,7,1,44,0,0,0,0,0,-0.433883739117558,-0.9009688679024191,0.6866759803451553,0.726963615332308,0,0,0,0,0,0,0,,0,0,-18,26,krishna,1,0,0,0,0,0,0,0,0,0,0,0,0,0,0,0,0,winter,1,0,0,0,1,0,61632.0,67085.0,69254.0,73450.42857142857,73550.18518518518,67085.0
2026-02-14,"82,337","30,825",3.58,,,,Out side line at ATGH.,12,https://news.tirumala.org/total-pilgrims-who-had-darshan-on-14-02-2026-82337/,ok,2026,2,14,5,Saturday,7,1,45,1,1,0,0,0,-0.9749279121818236,-0.2225209339563146,0.6990793005655562,0.7150441465537444,0,0,0,0,0,0,0,,0,0,18,27,krishna,0,0,0,0,0,0,0,0,0,0,0,0,0,0,0,0,0,winter,1,0,0,0,1,0,64222.0,81777.0,76935.0,73041.42857142857,73012.74074074074,81777.0
2026-02-15,"80,502","24,608",3.74,,,,18,8-10,https://news.tirumala.org/total-pilgrims-who-had-darshan-on-15-02-2026-80502/,ok,2026,2,15,6,Sunday,7,1,46,1,0,1,0,0,-0.7818314824680299,0.6234898018587334,0.7112757519738152,0.7029130847082615,0,0,0,0,0,0,0,,0,0,17,28,krishna,0,0,0,0,0,0,0,0,0,0,0,0,0,0,0,0,0,winter,1,0,0,0,1,0,82337.0,81894.0,74192.0,73121.42857142857,72966.85185185185,81894.0
2026-02-16,"73,776","23,291",4.42,,,,13,08,https://news.tirumala.org/total-pilgrims-who-had-darshan-on-16-02-2026-73776/,ok,2026,2,16,0,Monday,8,1,47,0,0,0,0,0,0.0,1.0,0.7232617254437388,0.6905740195722293,0,0,0,0,0,0,0,,0,0,16,29,krishna,0,0,0,0,0,0,0,0,0,0,0,0,0,0,0,0,0,winter,1,0,0,0,1,0,80502.0,74130.0,69262.0,72922.57142857143,72835.14814814815,74130.0
2026-02-17,"70,509","18,058",4.2,,,,04,06,https://news.tirumala.org/total-pilgrims-who-had-darshan-on-17-02-2026-70509/,ok,2026,2,17,1,Tuesday,8,1,48,0,0,0,0,0,0.7818314824680298,0.6234898018587336,0.7350336741329413,0.6780306024735382,0,0,0,0,0,0,0,,0,0,15,30,krishna,0,0,1,0,0,0,0,0,0,0,0,0,0,0,0,0,0,winter,1,0,0,0,1,0,73776.0,73983.0,69389.0,72872.0,72638.03703703704,73983.0
2026-02-18,"63,804","24,142",3.9,,,,14,10-12,https://news.tirumala.org/total-pilgrims-who-had-darshan-on-18-02-2026-63804/,ok,2026,2,18,2,Wednesday,8,1,49,0,0,0,0,0,0.9749279121818236,-0.2225209339563143,0.746588114532413,0.6652865452111116,0,0,0,0,0,0,0,,0,0,14,1,shukla,0,0,0,0,0,0,0,0,0,0,0,0,0,0,0,0,0,winter,1,0,0,0,1,0,70509.0,73652.0,68586.0,72375.71428571429,72516.5925925926,73652.0
2026-02-19,"57,682","27,020",3.65,,,,Outside line at Krishna Teja Guest house.,10-12,https://news.tirumala.org/total-pilgrims-who-had-darshan-on-19-02-2026-57682/,ok,2026,2,19,3,Thursday,8,1,50,0,0,0,0,0,0.4338837391175582,-0.900968867902419,0.7579216274973472,0.6523456189565257,0,0,0,0,0,0,0,,0,0,13,2,shukla,0,0,0,0,0,0,0,0,0,0,0,0,0,0,0,0,0,winter,1,0,0,0,1,0,63804.0,61632.0,61655.0,70968.85714285714,72136.88888888889,61632.0
2026-02-20,"68,156","28,295",3.46,,,,Outside line at Sila thoranam.,18-20,https://news.tirumala.org/total-pilgrims-who-had-darshan-on-20-02-2026-68156/,ok,2026,2,20,4,Friday,8,1,51,0,0,0,0,0,-0.433883739117558,-0.9009688679024191,0.7690308592589181,0.6392116531380588,0,0,0,0,0,0,0,,0,0,12,3,shukla,0,0,0,0,0,0,0,0,0,0,0,0,0,0,0,0,0,winter,1,0,0,0,1,0,57682.0,64222.0,67085.0,70404.57142857143,71881.74074074074,64222.0
2026-02-21,"82,043","32,299",3.74,,,,Outside line at Krishna Teja Guest house.,16,https://news.tirumala.org/total-pilgrims-who-had-darshan-on-21-02-2026-82043/,ok,2026,2,21,5,Saturday,8,1,52,1,1,0,0,0,-0.9749279121818236,-0.2225209339563146,0.7799125224167177,0.6258885343075018,0,0,0,0,0,0,0,,0,0,11,4,shukla,0,0,0,0,0,0,0,0,0,0,0,0,0,0,0,0,0,winter,1,0,0,0,1,0,68156.0,82337.0,81777.0,70966.57142857143,71823.5925925926,82337.0
2026-02-22,"76,506","28,049",4.2,,,,25.,15,https://news.tirumala.org/total-pilgrims-who-had-darshan-on-22-02-2026-76506/,ok,2026,2,22,6,Sunday,8,1,53,1,0,1,0,0,-0.7818314824680299,0.6234898018587334,0.7905633969115482,0.612380204990065,0,0,0,0,0,0,0,,0,0,10,5,shukla,0,0,0,0,0,0,0,0,0,0,0,0,0,0,0,0,0,winter,1,0,0,0,1,0,82043.0,80502.0,81894.0,70924.57142857143,72023.18518518518,80502.0
2026-02-23,"77,803","27,766",4.66,,,,31.,18,https://news.tirumala.org/total-pilgrims-who-had-darshan-on-23-02-2026-77803/,ok,2026,2,23,0,Monday,9,1,54,0,0,0,0,0,0.0,1.0,0.8009803309782905,0.5986906625177214,0,0,0,0,0,0,0,,0,0,9,6,shukla,0,0,0,0,0,0,0,0,0,0,0,0,0,0,0,0,0,winter,1,0,0,0,1,0,76506.0,73776.0,74130.0,70353.71428571429,71745.11111111111,73776.0
2026-02-24,"74,902","22,869",4.05,,,,25.,12,https://news.tirumala.org/total-pilgrims-who-had-darshan-on-24-02-2026-74902/,ok,2026,2,24,1,Tuesday,9,1,55,0,0,0,0,0,0.7818314824680298,0.6234898018587336,0.8111602420785621,0.5848239578463322,0,0,0,0,0,0,0,,0,0,8,7,shukla,0,0,0,0,0,0,0,0,1,0,0,0,0,0,0,0,0,winter,1,0,0,0,1,0,77803.0,70509.0,73983.0,70929.0,71819.62962962964,70509.0
2026-02-25,"73,035","27,090",4.48,,,,"25. No. Pilgrims utilized Med. Services: 2,547",12-15,https://news.tirumala.org/total-pilgrims-who-had-darshan-on-25-02-2026-73035/,ok,2026,2,25,2,Wednesday,9,1,56,0,0,0,0,0,0.9749279121818236,-0.2225209339563143,0.8211001178128892,0.5707841943569036,0,0,0,0,0,0,0,,0,0,7,9,shukla,0,0,0,0,0,0,0,0,0,0,0,0,0,0,0,0,0,winter,1,0,0,0,1,0,74902.0,63804.0,73652.0,71556.57142857143,71740.11111111111,63804.0
2026-02-26,"62,074","27,784",4.21,,,,Outside line at Silathoranam.,15-18,https://news.tirumala.org/total-pilgrims-who-had-darshan-on-26-02-2026-62074/,ok,2026,2,26,3,Thursday,9,1,57,0,0,0,0,0,0.4338837391175582,-0.900968867902419,0.8307970168121247,0.5565755266413303,0,0,0,0,0,0,0,,0,0,6,10,shukla,0,0,0,0,0,0,0,0,0,0,0,0,0,0,0,0,0,winter,1,0,0,0,1,0,73035.0,57682.0,61632.0,72875.28571428571,72174.18518518518,57682.0
2026-02-27,"67,952","27,414",3.97,,,,Outside line at Krishna Teja guest house.,15,https://news.tirumala.org/total-pilgrims-who-had-darshan-on-27-02-2026-67952/,ok,2026,2,27,4,Friday,9,1,58,0,0,0,0,0,-0.433883739117558,-0.9009688679024191,0.8402480696078469,0.5422021592729844,0,0,0,0,0,0,0,,0,0,5,11,shukla,1,0,0,0,0,0,0,0,0,0,0,0,0,0,0,0,0,winter,1,0,0,0,1,0,62074.0,68156.0,64222.0,73502.71428571429,71813.46428571429,68156.0
2026-02-28,"75,428","36,240",3.56,,,,Outside line at Silathoranam.,18-24,https://news.tirumala.org/total-pilgrims-who-had-darshan-on-28-02-2026-75428/,ok,2026,2,28,5,Saturday,9,1,59,1,1,0,0,1,-0.9749279121818236,-0.2225209339563146,0.8494504794814806,0.527668345562516,0,0,0,0,0,0,0,,0,0,4,12,shukla,0,0,0,0,0,0,0,0,0,0,0,0,0,0,0,0,0,winter,1,0,0,0,1,0,67952.0,82043.0,82337.0,73473.57142857143,71766.96428571429,82043.0
2026-03-01,"83,112","30,054",4.49,,,,Outside line at Silathoranam.,12-15,https://news.tirumala.org/total-pilgrims-who-had-darshan-on-01-03-2026-83112/,ok,2026,3,1,6,Sunday,9,1,60,1,0,1,1,0,-0.7818314824680299,0.6234898018587334,0.8584015232918917,0.512978386299228,0,0,0,0,0,0,0,,0,0,3,13,shukla,0,0,0,0,0,0,0,0,0,0,0,0,0,0,0,0,0,summer,0,1,0,0,1,0,75428.0,76506.0,80502.0,72528.57142857143,71713.14285714286,76506.0
2026-03-02,"75,174","17,734",4.29,,,,,,https://news.tirumala.org/total-pilgrims-who-had-darshan-on-02-03-2026-75174/,ok,2026,3,2,0,Monday,10,1,61,0,0,0,0,0,0.0,1.0,0.8670985522812081,0.4981366284784055,0,0,0,0,0,0,0,,0,0,2,14,shukla,0,0,0,0,0,0,0,0,0,0,0,0,0,0,0,0,0,summer,0,1,0,0,1,0,83112.0,77803.0,73776.0,73472.28571428571,72031.71428571429,77803.0
2026-03-03,"27,300","9,985",4.46,,,,04,8-10,https://news.tirumala.org/total-pilgrims-who-had-darshan-on-03-03-2026-27300/,ok,2026,3,3,1,Tuesday,10,1,62,0,0,0,0,0,0.7818314824680298,0.6234898018587336,0.8755389928586302,0.4831474640149687,0,0,0,0,0,0,0,,0,0,1,15,shukla,0,1,0,0,0,0,0,0,0,0,0,0,0,0,0,0,0,summer,0,1,0,0,1,0,75174.0,74902.0,70509.0,73096.71428571429,72242.85714285714,74902.0
2026-03-04,"63,772","24,013",1.47,,,,10,6,https://news.tirumala.org/total-pilgrims-who-had-darshan-on-04-03-2026-63772/,ok,2026,3,4,2,Wednesday,10,1,63,0,0,0,0,0,0.9749279121818236,-0.2225209339563143,0.8837203473619977,0.4680153284438345,1,1,1,1,1,1,1,Holi,0,0,0,16,krishna,0,0,0,0,0,0,0,0,0,0,0,0,0,0,0,0,0,summer,0,1,0,0,1,0,27300.0,73035.0,63804.0,66296.42857142857,70739.67857142857,73035.0
2026-03-05,"59,194","25,295",3.87,,,,31,15-20,https://news.tirumala.org/total-pilgrims-who-had-darshan-on-05-03-2026-63772/,ok,2026,3,5,3,Thursday,10,1,64,0,0,0,0,0,0.4338837391175582,-0.900968867902419,0.8916401947968874,0.452744699607371,0,0,0,0,0,0,0,,0,0,-1,17,krishna,0,0,0,0,0,0,0,0,0,0,0,0,0,0,0,0,0,summer,0,1,0,0,1,0,63772.0,62074.0,57682.0,64973.142857142855,70567.75,62074.0
2026-03-06,"66,855","26,690",3.82,,,,31,18,https://news.tirumala.org/total-pilgrims-who-had-darshan-on-06-03-2026-66855/,ok,2026,3,6,4,Friday,10,1,65,0,0,0,0,0,-0.433883739117558,-0.9009688679024191,0.8992961915530253,0.4373400963303323,0,0,0,0,0,0,0,,0,0,-2,18,krishna,0,0,0,0,0,0,0,0,0,0,0,0,0,0,0,0,0,summer,0,1,0,0,1,0,59194.0,67952.0,68156.0,64561.71428571428,70479.85714285714,67952.0
2026-03-07,"82,838","31,006",3.94,,,,31,8,https://news.tirumala.org/total-pilgrims-who-had-darshan-on-07-03-2026-82838/,ok,2026,3,7,5,Saturday,10,1,66,1,1,0,0,0,-0.9749279121818236,-0.2225209339563146,0.9066860720977984,0.4218060770826634,0,0,0,0,0,0,0,,0,0,-3,19,krishna,0,0,0,0,0,0,0,0,0,0,0,0,0,0,0,0,0,summer,0,1,0,0,1,0,66855.0,75428.0,82043.0,64405.0,70471.64285714286,75428.0
2026-03-08,"77,879","25,520",4.19,,,,31,8 -12,https://news.tirumala.org/total-pilgrims-who-had-darshan-on-08-03-2026-77879/,ok,2026,3,8,6,Sunday,10,1,67,1,0,1,0,0,-0.7818314824680299,0.6234898018587334,0.9138076496466616,0.4061472386305789,0,0,0,0,0,0,0,,0,0,-4,20,krishna,0,0,0,0,0,0,0,0,0,0,0,0,0,0,0,0,0,summer,0,1,0,0,1,0,82838.0,83112.0,76506.0,65463.57142857143,70509.53571428571,83112.0
2026-03-09,"72,526","26,664",4.41,,,,22,12-15,https://news.tirumala.org/total-pilgrims-who-had-darshan-on-09-03-2026-72526/,ok,2026,3,9,0,Monday,11,1,68,0,0,0,0,0,0.0,1.0,0.9206588168102428,0.3903682146763026,0,0,0,0,0,0,0,,0,0,-5,21,krishna,0,0,0,0,0,0,0,0,0,0,0,0,0,0,0,0,0,summer,0,1,0,0,1,0,77879.0,75174.0,77803.0,64716.0,70366.14285714286,75174.0
2026-03-10,"73,572","22,747",4.38,,,,29,,https://news.tirumala.org/total-pilgrims-who-had-darshan-on-10-03-2026-73572/,ok,2026,3,10,1,Tuesday,11,1,69,0,0,0,0,0,0.7818314824680298,0.6234898018587336,0.9272375462179536,0.374473674486883,0,0,0,0,0,0,0,,0,0,-6,22,krishna,0,0,0,0,0,0,0,0,0,0,0,0,0,0,0,0,0,summer,0,1,0,0,1,0,72526.0,27300.0,74902.0,64337.71428571428,70308.85714285714,27300.0
2026-03-11,"66,606","25,899",4.78,,,,25,12-15,https://news.tirumala.org/total-pilgrims-who-had-darshan-on-11-03-2026-66606/,ok,2026,3,11,2,Wednesday,11,1,70,0,0,0,0,0,0.9749279121818236,-0.2225209339563143,0.9335418911179212,0.3584683215124808,0,0,0,0,0,0,0,,0,0,-7,23,krishna,0,0,0,0,0,0,0,0,0,0,0,0,0,0,0,0,0,summer,0,1,0,0,1,0,73572.0,63772.0,73035.0,70948.0,70294.17857142857,63772.0
2026-03-12,"68,754","25,569",3.68,,,,Outside line at Krishna Teja guest house.,18-24,https://news.tirumala.org/total-pilgrims-who-had-darshan-on-12-03-2026-68754/,ok,2026,3,12,3,Thursday,11,1,71,0,0,0,0,0,0.4338837391175582,-0.900968867902419,0.9395699859530622,0.342356891994542,0,0,0,0,0,0,0,,0,0,-8,24,krishna,0,0,0,0,0,0,0,0,0,0,0,0,0,0,0,0,0,summer,0,1,0,0,1,0,66606.0,59194.0,62074.0,71352.85714285714,70042.53571428571,59194.0
2026-03-13,"67,264","29,410",4.28,,,,Outside line at Krishna Teja guest house.,18,https://news.tirumala.org/total-pilgrims-who-had-darshan-on-13-03-2026-67264/,ok,2026,3,13,4,Friday,11,1,72,0,0,0,0,0,-0.433883739117558,-0.9009688679024191,0.945320046913132,0.3261441535642696,0,0,0,0,0,0,0,,0,0,8,24,krishna,0,0,0,0,0,0,0,0,0,0,0,0,0,0,0,0,0,summer,0,1,0,0,1,0,68754.0,66855.0,67952.0,72718.57142857143,70296.89285714286,66855.0
2026-03-14,"85,132","38,855",3.62,,,,Outside line at Silathoranam.,18,https://news.tirumala.org/total-pilgrims-who-had-darshan-on-14-03-2026-85132/,ok,2026,3,14,5,Saturday,11,1,73,1,1,0,0,0,-0.9749279121818236,-0.2225209339563146,0.9507903724625832,0.3098349038318025,0,0,0,0,0,0,0,,0,0,7,25,krishna,0,0,0,0,0,0,0,0,0,0,0,0,0,0,0,0,0,summer,0,1,0,0,1,0,67264.0,82838.0,75428.0,72777.0,70405.53571428571,82838.0
2026-03-15,"82,057","30,990",4.22,,,,Outside line at Krishna Teja Guest house..,18,https://news.tirumala.org/total-pilgrims-who-had-darshan-on-15-03-2026-82057/,ok,2026,3,15,6,Sunday,11,1,74,1,0,1,0,0,-0.7818314824680299,0.6234898018587334,0.9559793438440766,0.2934339689665273,0,0,0,0,0,0,0,,0,0,6,26,krishna,1,0,0,0,0,0,0,0,0,0,0,0,0,0,0,0,0,summer,0,1,0,0,1,0,85132.0,77879.0,83112.0,73104.71428571429,70505.35714285714,77879.0
2026-03-16,"70,606","28,415",4.39,,,,Outside line at Silathoranam.,18,https://news.tirumala.org/total-pilgrims-who-had-darshan-on-16-03-2026-70606/,ok,2026,3,16,0,Monday,12,1,75,0,0,0,0,0,0.0,1.0,0.9608854255574976,0.2769462022689364,0,0,0,0,0,0,0,,0,0,5,27,krishna,0,0,0,0,0,0,0,0,0,0,0,0,0,0,0,0,0,summer,0,1,0,0,1,0,82057.0,72526.0,75174.0,73701.57142857143,70560.89285714286,72526.0
2026-03-17,"70,002","21,738",4.88,,,,22,12,https://news.tirumala.org/total-pilgrims-who-had-darshan-on-17-03-2026-70002/,ok,2026,3,17,1,Tuesday,12,1,76,0,0,0,0,0,0.7818314824680298,0.6234898018587336,0.9655071658143364,0.2603764827344581,0,0,0,0,0,0,0,,0,0,4,28,krishna,0,0,0,0,0,0,0,0,0,0,0,0,0,0,0,0,0,summer,0,1,0,0,1,0,70606.0,73572.0,27300.0,73427.28571428571,70447.67857142857,73572.0
2026-03-18,"72,332","21,852",3.53,,,,17,12,https://news.tirumala.org/total-pilgrims-who-had-darshan-on-18-03-2026-72332/,ok,2026,3,18,2,Wednesday,12,1,77,0,0,0,0,0,0.9749279121818236,-0.2225209339563143,0.969843196967294,0.2437297136096838,0,0,0,0,0,0,0,,0,0,3,29,krishna,0,0,0,0,0,0,0,0,0,0,0,0,0,0,0,0,0,summer,0,1,0,0,1,0,70002.0,66606.0,63772.0,72917.28571428571,70429.57142857143,66606.0
2026-03-19,"57,272","23,842",3.37,,,,Out side line at Silathoranam.,18,https://news.tirumala.org/total-pilgrims-who-had-darshan-on-19-03-2026-57272/,ok,2026,3,19,3,Thursday,12,1,78,0,0,0,0,0,0.4338837391175582,-0.900968867902419,0.9738922359149924,0.2270108209414184,0,1,1,0,1,0,1,Ugadi,0,0,2,30,krishna,0,0,1,0,0,0,0,0,0,0,0,0,0,0,0,0,0,summer,0,1,0,0,1,0,72332.0,68754.0,59194.0,73735.28571428571,70734.14285714286,68754.0
2026-03-20,"69,008","34,001",3.36,,,,Out side line at Silathoranam.,18,https://news.tirumala.org/total-pilgrims-who-had-darshan-on-20-03-2026-69008/,ok,2026,3,20,4,Friday,12,1,79,0,0,0,0,0,-0.433883739117558,-0.9009688679024191,0.977653084481664,0.2102247521189836,0,0,0,0,0,0,0,,0,0,1,2,shukla,0,0,0,0,0,0,0,0,0,0,0,0,0,0,0,0,0,summer,0,1,0,0,1,0,57272.0,67264.0,66855.0,72095.0,70719.5,67264.0
2026-03-21,"77,864","39,348",3.33,,,,Outside line at Bata Gangamma Temple.,24,https://news.tirumala.org/total-pilgrims-who-had-darshan-on-21-03-2026-77864/,ok,2026,3,21,5,Saturday,12,1,80,1,1,0,0,0,-0.9749279121818236,-0.2225209339563146,0.981124629771712,0.1933764744102058,1,1,1,1,1,1,1,Eid al-Fitr,0,0,0,3,shukla,0,0,0,0,0,0,0,0,0,0,0,0,0,0,0,0,0,summer,0,1,0,0,1,0,69008.0,85132.0,82838.0,72344.14285714286,70749.92857142857,85132.0
2026-03-22,"86,091","29,664",4.21,,,,Outside line at Silathoranam.,18,https://news.tirumala.org/total-pilgrims-who-had-darshan-on-22-03-2026-86091/,ok,2026,3,22,6,Sunday,12,1,81,1,0,1,0,0,-0.7818314824680299,0.6234898018587334,0.984305844499033,0.1764709734915216,0,0,0,0,0,0,0,,0,0,-1,4,shukla,0,0,0,0,0,0,0,0,0,0,0,0,0,0,0,0,0,summer,0,1,0,0,1,0,77864.0,82057.0,77879.0,71305.85714285714,70600.67857142857,82057.0
2026-03-23,"81,483","30,777",5.12,,,,Outside line at Kriahna Teja guest house.,12-15,https://news.tirumala.org/total-pilgrims-who-had-darshan-on-23-03-2026-81483/,ok,2026,3,23,0,Monday,13,1,82,0,0,0,0,0,0.0,1.0,0.9871957872910084,0.1595132519726365,0,0,0,0,0,0,0,,0,0,-2,5,shukla,0,0,0,0,0,0,0,0,0,0,0,0,0,0,0,0,0,summer,0,1,0,0,1,0,86091.0,70606.0,72526.0,71882.14285714286,70943.0,70606.0
2026-03-24,"78,381","25,451",4.46,,,,31,12-15,https://news.tirumala.org/total-pilgrims-who-had-darshan-on-24-03-2026-78381/,ok,2026,3,24,1,Tuesday,13,1,83,0,0,0,0,0,0.7818314824680298,0.6234898018587336,0.9897936029670716,0.1425083279161708,0,0,0,0,0,0,0,,0,0,2,6,shukla,0,0,0,0,0,0,0,0,0,0,0,0,0,0,0,0,0,summer,0,1,0,0,1,0,81483.0,70002.0,73572.0,73436.0,71074.42857142857,70002.0
2026-03-25,"73,411","30,474",4.43,,,,30,8,https://news.tirumala.org/total-pilgrims-who-had-darshan-on-25-03-2026-73411/,ok,2026,3,25,2,Wednesday,13,1,84,0,0,0,0,0,0.9749279121818236,-0.2225209339563143,0.992098522791769,0.1254612333527364,0,0,0,0,0,0,0,,0,0,1,7,shukla,0,0,0,0,0,0,0,0,0,0,0,0,0,0,0,0,0,summer,0,1,0,0,1,0,78381.0,72332.0,66606.0,74633.0,71198.67857142857,72332.0
2026-03-26,"65,600","24,292",4.18,,,,Outside line at Krishna Teja Guest house.,12,https://news.tirumala.org/total-pilgrims-who-had-darshan-on-26-03-2026-65600/,ok,2026,3,26,3,Thursday,13,1,85,0,0,0,0,0,0.4338837391175582,-0.900968867902419,0.9941098647022418,0.108377012791876,1,1,1,1,1,1,1,Ram Navami,0,0,0,8,shukla,0,0,0,0,0,0,0,0,0,0,0,0,0,0,0,0,0,summer,0,1,0,0,1,0,73411.0,57272.0,68754.0,74787.14285714286,71212.10714285714,57272.0
2026-03-27,"67,526","25,780",3.45,,,,30,12-15,https://news.tirumala.org/total-pilgrims-who-had-darshan-on-27-03-2026-67526/,ok,2026,3,27,4,Friday,13,1,86,0,0,0,0,0,-0.433883739117558,-0.9009688679024191,0.9958270335100596,0.0912607217293118,0,0,0,0,0,0,0,,0,1,-1,9,shukla,0,0,0,0,0,0,0,0,0,0,0,0,0,0,0,0,0,summer,0,1,0,0,1,0,65600.0,69008.0,67264.0,75976.85714285714,71338.03571428571,69008.0
2026-03-28,"82,040","31,606",3.18,,,,26,8,https://news.tirumala.org/total-pilgrims-who-had-darshan-on-28-03-2026-82040/,ok,2026,3,28,5,Saturday,13,1,87,1,1,0,0,0,-0.9749279121818236,-0.2225209339563146,0.9972495210773452,0.0741174251509443,0,0,0,0,0,0,0,,0,0,-2,10,shukla,0,0,0,0,0,0,0,0,0,0,0,0,0,0,0,0,0,summer,0,1,0,0,1,0,67526.0,77864.0,85132.0,75765.14285714286,71322.82142857143,77864.0
2026-03-29,"80,774","27,447",4.05,,,,10,8,https://news.tirumala.org/total-pilgrims-who-had-darshan-on-29-03-2026-80774/,ok,2026,3,29,6,Sunday,13,1,88,1,0,1,0,0,-0.7818314824680299,0.6234898018587334,0.998376906467142,0.0569521960340397,0,0,0,0,0,0,0,,0,0,2,11,shukla,1,0,0,0,0,0,0,0,0,1,0,0,0,0,0,0,0,summer,0,1,0,0,1,0,82040.0,86091.0,82057.0,76361.71428571429,71558.96428571429,86091.0
2026-03-30,"70,044","27,241",5.08,,,,20,8-12,https://news.tirumala.org/total-pilgrims-who-had-darshan-on-30-03-2026-70044/,ok,2026,3,30,0,Monday,14,1,89,0,0,0,0,0,0.0,1.0,0.9992088560679752,0.0397701138460557,0,0,0,0,0,0,0,,0,1,1,12,shukla,0,0,0,0,0,0,0,0,0,1,0,0,0,0,0,0,0,summer,0,1,0,0,1,0,80774.0,81483.0,70606.0,75602.14285714286,71475.46428571429,81483.0
2026-03-31,"73,519","21,564",4.3,,,,04,8,https://news.tirumala.org/total-pilgrims-who-had-darshan-on-31-03-2026-73519/,ok,2026,3,31,1,Tuesday,14,1,90,0,0,0,0,1,0.7818314824680298,0.6234898018587336,0.9997451236925734,0.0225762630415454,1,1,1,1,1,1,1,Mahavira's Birthday,0,0,0,13,shukla,0,0,0,0,0,0,0,0,0,1,0,0,0,0,0,0,0,summer,0,1,0,0,1,0,70044.0,78381.0,70002.0,73968.0,71292.25,78381.0
2026-04-01,"69,649","24,644",3.85,,,,07,12,https://news.tirumala.org/total-pilgrims-who-had-darshan-on-01-04-2026-69649/,ok,2026,4,1,2,Wednesday,14,2,91,0,0,0,1,0,0.9749279121818236,-0.2225209339563143,0.9999855506507186,0.0053757315575838,0,0,0,0,0,0,0,,0,0,-1,14,shukla,0,0,0,0,0,0,0,0,0,1,0,0,0,0,0,0,0,summer,0,1,0,0,1,0,73519.0,73411.0,72332.0,73273.42857142857,72942.92857142857,73411.0
2026-04-02,"62,642","23,887",4.18,,,,31,12,https://news.tirumala.org/total-pilgrims-who-had-darshan-on-02-04-2026-62642/,ok,2026,4,2,3,Thursday,14,2,92,0,0,0,0,0,0.4338837391175582,-0.900968867902419,0.9999300657962056,-0.0118263906918325,0,0,0,0,0,0,0,,0,0,1,15,shukla,0,1,0,0,0,0,0,0,0,1,0,0,0,0,0,0,0,summer,0,1,0,0,1,0,69649.0,65600.0,57272.0,72736.0,73152.82142857143,65600.0
2026-04-03,"68,445","31,383",3.79,,,,Outside line at Silathoranam.,15,https://news.tirumala.org/total-pilgrims-who-had-darshan-on-03-04-2026-68445/,ok,2026,4,3,4,Friday,14,2,93,0,0,0,0,0,-0.433883739117558,-0.9009688679024191,0.9995786855478958,-0.0290250133219752,1,1,1,1,1,1,1,Good Friday,1,0,0,16,krishna,0,0,0,0,0,0,0,0,0,0,0,0,0,0,0,0,0,summer,0,1,0,0,1,0,62642.0,67526.0,69008.0,72313.42857142857,73275.96428571429,67526.0
2026-04-04,"80,841","33,559",3.45,,,,Outside line at Silathoranam.,18,https://news.tirumala.org/total-pilgrims-who-had-darshan-on-04-04-2026-80841/,ok,2026,4,4,5,Saturday,14,2,94,1,1,0,0,0,-0.9749279121818236,-0.2225209339563146,0.9989315138848576,-0.0462150469837083,0,0,0,0,0,0,0,,1,0,-1,17,krishna,0,0,0,0,0,0,0,0,0,0,0,0,0,0,0,0,0,summer,0,1,0,0,1,0,68445.0,82040.0,77864.0,72444.71428571429,73332.75,82040.0
2026-04-05,"83,271","25,018",3.78,,,,20,12,https://news.tirumala.org/total-pilgrims-who-had-darshan-on-05-04-2026-83271/,ok,2026,4,5,6,Sunday,14,2,95,1,0,1,0,0,-0.7818314824680299,0.6234898018587334,0.9979887423155984,-0.0633914048695103,0,0,0,0,0,0,0,,1,0,-2,18,krishna,0,0,0,0,0,0,0,0,0,0,0,0,0,0,0,0,0,summer,0,1,0,0,1,0,80841.0,80774.0,86091.0,72273.42857142857,73261.42857142857,80774.0
2026-04-06,"77,294","26,796",4.75,,,,07,6,https://news.tirumala.org/total-pilgrims-who-had-darshan-on-06-04-2026-77294/,ok,2026,4,6,0,Monday,15,2,96,0,0,0,0,0,0.0,1.0,0.9967506498213928,-0.0805490042187416,0,0,0,0,0,0,0,,0,0,-3,19,krishna,0,0,0,0,0,0,0,0,0,0,0,0,0,0,0,0,0,summer,0,1,0,0,1,0,83271.0,70044.0,81483.0,72630.14285714286,73454.0,70044.0
2026-04-07,"74,232","23,288",4.38,,,,05,6,https://news.tirumala.org/total-pilgrims-who-had-darshan-on-07-04-2026-74232/,ok,2026,4,7,1,Tuesday,15,2,97,0,0,0,0,0,0.7818314824680298,0.6234898018587336,0.9952176027737294,-0.0976827678217159,0,0,0,0,0,0,0,,0,0,-4,20,krishna,0,0,0,0,0,0,0,0,0,0,0,0,0,0,0,0,0,summer,0,1,0,0,1,0,77294.0,73519.0,78381.0,73665.85714285714,73624.28571428571,73519.0
2026-04-08,"72,017","26,863",4.17,,,,05,6,https://news.tirumala.org/total-pilgrims-who-had-darshan-on-08-04-2026-72017/,ok,2026,4,8,2,Wednesday,15,2,98,0,0,0,0,0,0.9749279121818236,-0.2225209339563143,0.9933900548258936,-0.114787625522127,0,0,0,0,0,0,0,,0,0,-5,21,krishna,0,0,0,0,0,0,0,0,0,0,0,0,0,0,0,0,0,summer,0,1,0,0,1,0,74232.0,69649.0,73411.0,73767.71428571429,73647.85714285714,69649.0
2026-04-09,"64,136","23,255",3.79,,,,21,6,https://news.tirumala.org/total-pilgrims-who-had-darshan-on-09-04-2026-64136/,ok,2026,4,9,3,Thursday,15,2,99,0,0,0,0,0,0.4338837391175582,-0.900968867902419,0.9912685467787256,-0.1318585157173911,0,0,0,0,0,0,0,,0,0,5,22,krishna,0,0,0,0,0,0,0,0,0,0,0,0,0,0,0,0,0,summer,0,1,0,0,1,0,72017.0,62642.0,65600.0,74106.0,73841.10714285714,62642.0
2026-04-10,"65,534","24,560",3.22,,,,08,6,https://news.tirumala.org/total-pilgrims-who-had-darshan-on-10-04-2026-65534/,ok,2026,4,10,4,Friday,15,2,100,0,0,0,0,0,-0.433883739117558,-0.9009688679024191,0.9888537064205885,-0.1488903868564548,0,0,0,0,0,0,0,,0,0,4,23,krishna,0,0,0,0,0,0,0,0,0,0,0,0,0,0,0,0,0,summer,0,1,0,0,1,0,64136.0,68445.0,67526.0,74319.42857142857,73676.17857142857,68445.0
2026-04-11,"81,288","34,892",3.43,,,,27,12-15,https://news.tirumala.org/total-pilgrims-who-had-darshan-on-11-04-2026-81288/,ok,2026,4,11,5,Saturday,15,2,101,1,1,0,0,0,-0.9749279121818236,-0.2225209339563146,0.986146248341595,-0.1658781989346314,0,0,0,0,0,0,0,,0,0,3,24,krishna,0,0,0,0,0,0,0,0,0,0,0,0,0,0,0,0,0,summer,0,1,0,0,1,0,65534.0,80841.0,82040.0,73903.57142857143,73614.39285714286,80841.0
2026-04-12,"77,743","30,276",3.59,,,,20,8,https://news.tirumala.org/total-pilgrims-who-had-darshan-on-12-04-2026-77743/,ok,2026,4,12,6,Sunday,15,2,102,1,0,1,0,0,-0.7818314824680299,0.6234898018587334,0.98314697372215,-0.1828169249850199,0,0,0,0,0,0,0,,0,0,2,25,krishna,0,0,0,0,0,0,0,0,0,0,0,0,0,0,0,0,0,summer,0,1,0,0,1,0,81288.0,83271.0,80774.0,73967.42857142857,73477.10714285714,83271.0
2026-04-13,"72,724","31,786",4.59,,,,Outside line at ATGH.,18,https://news.tirumala.org/total-pilgrims-who-had-darshan-on-13-04-2026-72724/,ok,2026,4,13,0,Monday,16,2,103,0,0,0,0,0,0.0,1.0,0.9798567700958664,-0.1997015525660636,0,0,0,0,0,0,0,,0,1,1,26,krishna,1,0,0,0,0,0,0,0,0,0,0,0,0,0,0,0,0,summer,0,1,0,0,1,0,77743.0,77294.0,70044.0,73177.71428571429,73323.03571428571,77294.0
2026-04-14,"79,426","25,889",3.98,,,,23.,6,https://news.tirumala.org/total-pilgrims-who-had-darshan-on-14-04-2026-79426/,ok,2026,4,14,1,Tuesday,16,2,104,0,0,0,0,0,0.7818314824680298,0.6234898018587336,0.976276611086932,-0.2165270852448143,1,1,1,1,1,1,1,Dr. B. R. Ambedkar's Birthday,0,0,0,27,krishna,0,0,0,0,0,0,0,0,0,0,0,0,0,0,0,0,0,summer,0,1,0,0,1,0,72724.0,74232.0,73519.0,72524.85714285714,73398.67857142857,74232.0
2026-04-15,"77,077","27,241",3.47,,,,18,8,https://news.tirumala.org/total-pilgrims-who-had-darshan-on-15-04-2026-77077/,ok,2026,4,15,2,Wednesday,16,2,105,0,0,0,0,0,0.9749279121818236,-0.2225209339563143,0.9724075561219968,-0.2332885440754551,0,0,0,0,0,0,0,,0,0,-1,28,krishna,0,0,0,0,0,0,0,0,0,0,0,0,0,0,0,0,0,summer,0,1,0,0,1,0,79426.0,72017.0,69649.0,73266.85714285714,73735.25,72017.0
2026-04-16,"63,454","24,882",4.12,,,,31,18,https://news.tirumala.org/total-pilgrims-who-had-darshan-on-16-04-2026-63454/,ok,2026,4,16,3,Thursday,16,2,106,0,0,0,0,0,0.4338837391175582,-0.900968867902419,0.9682507501166718,-0.2499809690726521,0,0,0,0,0,0,0,,0,0,-2,29,krishna,0,0,0,0,0,0,0,0,0,0,0,0,0,0,0,0,0,summer,0,1,0,0,1,0,77077.0,64136.0,62642.0,73989.71428571429,73904.71428571429,64136.0
2026-04-17,"69,049","23,842",3.57,,,,11,6,https://news.tirumala.org/total-pilgrims-who-had-darshan-on-17-04-2026-69049/,ok,2026,4,17,4,Friday,16,2,107,0,0,0,0,0,-0.433883739117558,-0.9009688679024191,0.9638074231367308,-0.2665994206792935,0,0,0,0,0,0,0,,0,0,-3,30,krishna,0,0,1,0,0,0,0,0,0,0,0,0,0,0,0,0,0,summer,0,1,0,0,1,0,63454.0,65534.0,68445.0,73892.28571428571,74125.5,65534.0
2026-04-18,"78,586","29,232",3.27,,,,11,8-10,https://news.tirumala.org/total-pilgrims-who-had-darshan-on-18-04-2026-78586/,ok,2026,4,18,5,Saturday,16,2,108,1,1,0,0,0,-0.9749279121818236,-0.2225209339563146,0.9590788900341132,-0.2831389812281835,0,0,0,0,0,0,0,,0,0,-4,1,shukla,0,0,0,0,0,0,0,0,0,0,0,0,0,0,0,0,0,summer,0,1,0,0,1,0,69049.0,81288.0,80841.0,74394.42857142857,74126.96428571429,81288.0
2026-04-19,"76,406","28,463",3.45,,,,08,6,https://news.tirumala.org/total-pilgrims-who-had-darshan-on-19-04-2026-76406/,ok,2026,4,19,6,Sunday,16,2,109,1,0,1,0,0,-0.7818314824680299,0.6234898018587334,0.9540665500578388,-0.2995947563972602,0,0,0,0,0,0,0,,0,0,-5,2,shukla,0,0,0,0,0,0,0,0,0,0,0,0,0,0,0,0,0,summer,0,1,0,0,1,0,78586.0,77743.0,83271.0,74008.42857142857,74152.75,77743.0
2026-04-20,"80,084","28,929",3.69,,,,12,6,https://news.tirumala.org/total-pilgrims-who-had-darshan-on-20-04-2026-80084/,ok,2026,4,20,0,Monday,17,2,110,0,0,0,0,0,0.0,1.0,0.9487718864399473,-0.3159618766579029,0,0,0,0,0,0,0,,0,0,-6,3,shukla,0,0,0,0,0,0,0,0,0,0,0,0,0,0,0,0,0,summer,0,1,0,0,1,0,76406.0,72724.0,77294.0,73817.42857142857,73806.85714285714,72724.0
2026-04-21,"73,324","22,955",3.89,,,,10,6,https://news.tirumala.org/total-pilgrims-who-had-darshan-on-21-04-2026-73324/,ok,2026,4,21,1,Tuesday,17,2,111,0,0,0,0,0,0.7818314824680298,0.6234898018587336,0.9431964659565866,-0.3322354987159043,0,0,0,0,0,0,0,,0,0,-7,5,shukla,0,0,0,0,0,0,0,0,0,0,0,0,0,0,0,0,0,summer,0,1,0,0,1,0,80084.0,79426.0,74232.0,74868.85714285714,73756.89285714286,79426.0
2026-04-22,"65,354","25,550",4.43,,,,05,8,https://news.tirumala.org/total-pilgrims-who-had-darshan-on-22-04-2026-65354/,ok,2026,4,22,2,Wednesday,17,2,112,0,0,0,0,0,0.9749279121818236,-0.2225209339563143,0.9373419384643772,-0.3484108069446808,0,0,0,0,0,0,0,,0,0,-8,6,shukla,0,0,0,0,0,0,0,0,0,0,0,0,0,0,0,0,0,summer,0,1,0,0,1,0,73324.0,77077.0,72017.0,73997.14285714286,73576.28571428571,77077.0
2026-04-23,"59,602","29,280",3.46,,,,Outside line at Silathoranam.,24,https://news.tirumala.org/total-pilgrims-who-had-darshan-on-23-04-2026-59602/,ok,2026,4,23,3,Thursday,17,2,113,0,0,0,0,0,0.4338837391175582,-0.900968867902419,0.9312100364121948,-0.3644830148102912,0,0,0,0,0,0,0,,0,0,8,7,shukla,0,0,0,0,0,0,0,0,0,0,0,0,0,0,0,0,0,summer,0,1,0,0,1,0,65354.0,63454.0,64136.0,72322.42857142857,73288.53571428571,63454.0
2026-04-24,"69,270","33,180",3.69,,,,Outside line at Silathoranam.,12,https://news.tirumala.org/total-pilgrims-who-had-darshan-on-24-04-2026-69270/,ok,2026,4,24,4,Friday,17,2,114,0,0,0,0,0,-0.433883739117558,-0.9009688679024191,0.9248025743285088,-0.3804473662878516,0,0,0,0,0,0,0,,0,0,7,8,shukla,0,0,0,0,0,0,0,0,0,0,0,0,0,0,0,0,0,summer,0,1,0,0,1,0,59602.0,69049.0,65534.0,71772.14285714286,73074.32142857143,69049.0
2026-04-25,"80,350","36,597",3.27,,,,Outside line at Silathoranam.,18,https://news.tirumala.org/total-pilgrims-who-had-darshan-on-25-04-2026-80350/,ok,2026,4,25,5,Saturday,17,2,115,1,1,0,0,0,-0.9749279121818236,-0.2225209339563146,0.9181214482844364,-0.3962991372689181,0,0,0,0,0,0,0,,0,0,6,9,shukla,0,0,0,0,0,0,0,0,0,0,0,0,0,0,0,0,0,summer,0,1,0,0,1,0,69270.0,78586.0,81288.0,71803.71428571429,73136.60714285714,78586.0
2026-04-26,"79,878","33,037",3.94,,,,30,12,https://news.tirumala.org/total-pilgrims-who-had-darshan-on-26-04-2026-79878/,ok,2026,4,26,6,Sunday,17,2,116,1,0,1,0,0,-0.7818314824680299,0.6234898018587334,0.9111686353326632,-0.4120336369594263,0,0,0,0,0,0,0,,0,0,5,10,shukla,0,0,0,0,0,0,0,0,0,0,0,0,0,0,0,0,0,summer,0,1,0,0,1,0,80350.0,76406.0,77743.0,72055.71428571429,73076.25,76406.0
2026-04-27,"74,286","33,186",4.44,,,,Outside line at ATGH,12,https://news.tirumala.org/total-pilgrims-who-had-darshan-on-27-04-2026-74286/,ok,2026,4,27,0,Monday,18,2,117,0,0,0,0,0,0.0,1.0,0.9039461929224012,-0.4276462092677746,0,0,0,0,0,0,0,,0,0,4,11,shukla,1,0,0,0,0,0,0,0,0,0,0,0,0,0,0,0,0,summer,0,1,0,0,1,0,79878.0,80084.0,72724.0,72551.71428571429,73044.25,80084.0
2026-04-28,"68,980","26,511",4.09,,,,31,14 -16,https://news.tirumala.org/total-pilgrims-who-had-darshan-on-28-04-2026-68980/,ok,2026,4,28,1,Tuesday,18,2,118,0,0,0,0,0,0.7818314824680298,0.6234898018587336,0.8964562582905575,-0.4431322341826345,0,0,0,0,0,0,0,,0,0,3,12,shukla,0,0,0,0,0,0,0,0,0,0,0,0,0,0,0,0,0,summer,0,1,0,0,1,0,74286.0,73324.0,79426.0,71723.42857142857,73195.75,73324.0
2026-04-29,"72,362","29,166",4.05,,,,31,12,https://news.tirumala.org/total-pilgrims-who-had-darshan-on-29-04-2026-72362/,ok,2026,4,29,2,Wednesday,18,2,119,0,0,0,0,0,0.9749279121818236,-0.2225209339563143,0.8887010478292915,-0.4584871291400876,0,0,0,0,0,0,0,,0,0,2,13,shukla,0,0,0,0,0,0,0,0,0,0,0,0,0,0,0,0,0,summer,0,1,0,0,1,0,68980.0,65354.0,77077.0,71102.85714285714,73033.64285714286,65354.0
2026-04-30,"59,186","27,244",4.06,,,,Outside line at Bata Gangamma Temple.,24,https://news.tirumala.org/total-pilgrims-who-had-darshan-on-30-04-2026-59186/,ok,2026,4,30,3,Thursday,18,2,120,0,0,0,0,1,0.4338837391175582,-0.900968867902419,0.8806828564301475,-0.47370635037968,0,0,0,0,0,0,0,,0,0,1,14,shukla,0,0,0,0,0,0,0,0,0,0,0,0,0,0,0,0,0,summer,0,1,0,0,1,0,72362.0,59602.0,63454.0,72104.0,73130.53571428571,59602.0
2026-05-01,"71,008","36,144",3.52,,,,Outside line at Bata Gangamma Temple.,24,https://news.tirumala.org/total-pilgrims-who-had-darshan-on-01-05-2026-71008/,ok,2026,5,1,4,Friday,18,2,121,0,0,0,1,0,-0.433883739117558,-0.9009688679024191,0.8724040568049612,-0.4887853942889926,1,1,1,1,1,1,1,Buddha Purnima,1,0,0,15,shukla,0,1,0,0,0,0,0,0,0,0,0,0,0,1,0,0,0,summer,0,1,0,0,0,0,59186.0,69270.0,69049.0,72044.57142857143,73007.10714285714,69270.0
2026-05-02,"91,005","36,257",3.37,,,,Outside line at ATGH.,16,https://news.tirumala.org/total-pilgrims-who-had-darshan-on-02-05-2026-91005/,ok,2026,5,2,5,Saturday,18,2,122,1,1,0,0,0,-0.9749279121818236,-0.2225209339563146,0.8638670987837349,-0.503719798736334,0,0,0,0,0,0,0,,1,0,-1,16,krishna,0,0,0,0,0,0,0,0,0,0,0,0,0,1,0,0,0,summer,0,1,0,0,0,0,71008.0,80350.0,78586.0,72292.85714285714,73098.64285714286,80350.0
2026-05-03,"83,091","27,670",5.06,,,,10,8,https://news.tirumala.org/total-pilgrims-who-had-darshan-on-03-05-2026-83091/,ok,2026,5,3,6,Sunday,18,2,123,1,0,1,0,0,-0.7818314824680299,0.6234898018587334,0.8550745085896932,-0.518505144391157,0,0,0,0,0,0,0,,1,0,-2,17,krishna,0,0,0,0,0,0,0,0,0,0,0,0,0,1,0,0,0,summer,0,1,0,0,0,0,91005.0,79878.0,76406.0,73815.0,73461.64285714286,79878.0
2026-05-04,"70,996","28,809",3.74,,,,10,8,https://news.tirumala.org/total-pilgrims-who-had-darshan-on-04-05-2026-70996/,ok,2026,5,4,0,Monday,19,2,124,0,0,0,0,0,0.0,1.0,0.8460288880917339,-0.533137056031809,0,0,0,0,0,0,0,,0,0,-3,18,krishna,0,0,0,0,0,0,0,0,0,0,0,0,0,1,0,0,0,summer,0,1,0,0,0,0,83091.0,74286.0,80084.0,74274.0,73455.21428571429,74286.0
2026-05-05,"76,240","28,257",3.44,,,,10,8,https://news.tirumala.org/total-pilgrims-who-had-darshan-on-05-05-2026-76240/,ok,2026,5,5,1,Tuesday,19,2,125,0,0,0,0,0,0.7818314824680298,0.6234898018587336,0.8367329140344921,-0.5476112038402312,0,0,0,0,0,0,0,,0,0,-4,19,krishna,0,0,0,0,0,0,0,0,0,0,0,0,0,1,0,0,0,summer,0,1,0,0,0,0,70996.0,68980.0,73324.0,73804.0,73230.28571428571,68980.0
2026-05-06,"71,029","31,184",3.07,,,,11,6,https://news.tirumala.org/total-pilgrims-who-had-darshan-on-06-05-2026-71029/,ok,2026,5,6,2,Wednesday,19,2,126,0,0,0,0,0,0.9749279121818236,-0.2225209339563143,0.8271893372462497,-0.5619233046832195,0,0,0,0,0,0,0,,0,0,-5,19,krishna,0,0,0,0,0,0,0,0,0,0,0,0,0,1,0,0,0,summer,0,1,0,0,0,0,76240.0,72362.0,65354.0,74841.14285714286,73302.0,72362.0
2026-05-07,"70,001","30,085",3.77,,,,25,8,https://news.tirumala.org/total-pilgrims-who-had-darshan-on-07-05-2026-70001/,ok,2026,5,7,3,Thursday,19,2,127,0,0,0,0,0,0.4338837391175582,-0.900968867902419,0.8174009818249189,-0.5760691233798758,0,0,0,0,0,0,0,,0,0,-6,20,krishna,0,0,0,0,0,0,0,0,0,0,0,0,0,1,0,0,0,summer,0,1,0,0,0,0,71029.0,59186.0,59602.0,74650.71428571429,73266.71428571429,59186.0
2026-05-08,"67,222","33,188",3.9,,,,Outside line at Krishna Teja Guest house.,18,https://news.tirumala.org/total-pilgrims-who-had-darshan-on-08-05-2026-67222/,ok,2026,5,8,4,Friday,19,2,128,0,0,0,0,0,-0.433883739117558,-0.9009688679024191,0.8073707443023492,-0.5900444739548627,0,0,0,0,0,0,0,,0,0,-7,21,krishna,0,0,0,0,0,0,0,0,0,0,0,0,0,1,0,0,0,summer,0,1,0,0,0,0,70001.0,71008.0,69270.0,76195.71428571429,73476.17857142857,71008.0
2026-05-09,"81,512","38,988",3.23,,,,Outside line at Krishna Teja Guest house.,18,https://news.tirumala.org/total-pilgrims-who-had-darshan-on-09-05-2026-81512/,ok,2026,5,9,5,Saturday,19,2,129,1,1,0,0,0,-0.9749279121818236,-0.2225209339563146,0.7971015927871943,-0.6038452208771035,0,0,0,0,0,0,0,,0,0,-8,22,krishna,0,0,0,0,0,0,0,0,0,0,0,0,0,1,0,0,0,summer,0,1,0,0,0,0,67222.0,91005.0,80350.0,75654.85714285714,73536.46428571429,91005.0
2026-05-10,"85,942","29,238",3.94,,,,07,6-8,https://news.tirumala.org/total-pilgrims-who-had-darshan-on-10-05-2026-85942/,ok,2026,5,10,6,Sunday,19,2,130,1,0,1,0,0,-0.7818314824680299,0.6234898018587334,0.7865965660866021,-0.6174672802835514,0,0,0,0,0,0,0,,0,0,-9,23,krishna,0,0,0,0,0,0,0,0,0,0,0,0,0,1,0,0,0,summer,0,1,0,0,0,0,81512.0,83091.0,79878.0,74298.71428571429,73544.46428571429,83091.0
2026-05-11,"78,985","33,761",3.55,,,,22.,8,https://news.tirumala.org/total-pilgrims-who-had-darshan-on-11-05-2026-78985/,ok,2026,5,11,0,Monday,20,2,131,0,0,0,0,0,0.0,1.0,0.7758587728069828,-0.6309066211876704,0,0,0,0,0,0,0,,0,0,-10,24,krishna,0,0,0,0,0,0,0,0,0,0,0,0,0,1,0,0,0,summer,0,1,0,0,0,0,85942.0,70996.0,74286.0,74706.0,73837.28571428571,70996.0
2026-05-12,"80,389","32,213",3.5,,,,24,14,https://news.tirumala.org/total-pilgrims-who-had-darshan-on-12-05-2026-80389/,ok,2026,5,12,1,Tuesday,20,2,132,0,0,0,0,0,0.7818314824680298,0.6234898018587336,0.7648913904341225,-0.6441592666722685,0,0,0,0,0,0,0,,0,0,-11,25,krishna,0,0,0,0,0,0,0,0,0,0,0,0,0,1,0,0,0,summer,0,1,0,0,0,0,78985.0,76240.0,68980.0,75847.28571428571,74060.89285714286,76240.0
2026-05-13,"78,024","36,826",3.85,,,,Outside line at ATGH.,15,https://news.tirumala.org/total-pilgrims-who-had-darshan-on-13-05-2026-78024/,ok,2026,5,13,2,Wednesday,20,2,133,0,0,0,0,0,0.9749279121818236,-0.2225209339563143,0.753697664392914,-0.6572212950663319,0,0,0,0,0,0,0,,0,0,-12,26,krishna,1,0,0,0,0,0,0,0,0,0,0,0,0,1,0,0,0,summer,0,1,0,0,0,0,80389.0,71029.0,72362.0,76440.0,74095.28571428571,71029.0
2026-05-14,"67,722","36,705",3.45,,,,Outside line at Silathoranam.,24,https://news.tirumala.org/total-pilgrims-who-had-darshan-on-14-05-2026-67722/,ok,2026,5,14,3,Thursday,20,2,134,0,0,0,0,0,0.4338837391175582,-0.900968867902419,0.742280907086982,-0.6700888411055113,0,0,0,0,0,0,0,,0,0,-13,27,krishna,0,0,0,0,0,0,0,0,0,0,0,0,0,1,0,0,0,summer,0,1,0,0,0,0,78024.0,70001.0,59186.0,77439.28571428571,74129.10714285714,70001.0
2026-05-15,"75,688","38,264",3.54,,,,Outside line at Silathoranam.,24,https://news.tirumala.org/total-pilgrims-who-had-darshan-on-15-05-2026-75688/,ok,2026,5,15,4,Friday,20,2,135,0,0,0,0,0,-0.433883739117558,-0.9009688679024191,0.7306444969184916,-0.6827580970759147,0,0,0,0,0,0,0,,0,0,12,28,krishna,0,0,0,0,0,0,0,0,0,0,0,0,0,1,0,0,0,summer,0,1,0,0,0,0,67722.0,67222.0,71008.0,77113.71428571429,74281.53571428571,67222.0
2026-05-16,"90,011","39,083",3.76,,,,Outside line at Silathoranam.,16 – 18,https://news.tirumala.org/total-pilgrims-who-had-darshan-on-16-05-2026-90011/,ok,2026,5,16,5,Saturday,20,2,136,1,1,0,0,0,-0.9749279121818236,-0.2225209339563146,0.7187918772884232,-0.6952253139408722,0,0,0,0,0,0,0,,0,0,11,30,krishna,0,0,1,0,0,0,0,0,0,0,0,0,0,1,0,0,0,summer,0,1,0,0,0,0,75688.0,81512.0,91005.0,78323.14285714286,74518.64285714286,81512.0
2026-05-17,"91,020","35,193",3.54,,,,31.,18,https://news.tirumala.org/total-pilgrims-who-had-darshan-on-17-05-2026-91020/,ok,2026,5,17,6,Sunday,20,2,137,1,0,1,0,0,-0.7818314824680299,0.6234898018587334,0.7067265555776158,-0.7074868024503348,0,0,0,0,0,0,0,,0,0,10,1,shukla,0,0,0,0,0,0,0,0,0,0,0,0,0,1,0,0,0,summer,0,1,0,0,0,0,90011.0,85942.0,83091.0,79537.28571428571,74926.67857142857,85942.0
2026-05-18,"80,455","43,309",4.41,,,,Outside line at Silathoranam.,18,https://news.tirumala.org/total-pilgrims-who-had-darshan-on-18-05-2026-80455/,ok,2026,5,18,0,Monday,21,2,138,0,0,0,0,0,0.0,1.0,0.6944521021088763,-0.719538934232584,0,0,0,0,0,0,0,,0,0,9,2,shukla,0,0,0,0,0,0,0,0,0,0,0,0,0,1,0,0,0,summer,0,1,0,0,0,0,91020.0,78985.0,70996.0,80262.71428571429,75448.60714285714,78985.0
2026-05-19,"84,315","43,032",3.74,,,,Outside line at Silathoranam.,24,https://news.tirumala.org/total-pilgrims-who-had-darshan-on-19-05-2026-84315/,ok,2026,5,19,1,Tuesday,21,2,139,0,0,0,0,0,0.7818314824680298,0.6234898018587336,0.6819721490904629,-0.7313781428679254,0,0,0,0,0,0,0,,0,0,8,3,shukla,0,0,0,0,0,0,0,0,0,0,0,0,0,1,0,0,0,summer,0,1,0,0,0,0,80455.0,80389.0,76240.0,80472.71428571429,75461.85714285714,80389.0
2026-05-20,"86,315","44,107",3.94,,,,"Outside line at Octopus building,(Near Gogarbam Dam Circle).",24 – 30,https://news.tirumala.org/total-pilgrims-who-had-darshan-on-20-05-2026-86315/,ok,2026,5,20,2,Wednesday,21,2,140,0,0,0,0,0,0.9749279121818236,-0.2225209339563143,0.6692903895412567,-0.7430009249440493,0,0,0,0,0,0,0,,0,0,7,4,shukla,0,0,0,0,0,0,0,0,0,0,0,0,0,1,0,0,0,summer,0,1,0,0,0,0,84315.0,78024.0,71029.0,81033.57142857143,75854.39285714286,78024.0
2026-05-21,"79,603","45,125",4.35,,,,Outside line at Srvari Seva Sadhan.,18 – 24,https://news.tirumala.org/total-pilgrims-who-had-darshan-on-21-05-2026-79603/,ok,2026,5,21,3,Thursday,21,2,141,0,0,0,0,0,0.4338837391175582,-0.900968867902419,0.6564105761979381,-0.7544038410927472,0,0,0,0,0,0,0,,0,0,6,5,shukla,0,0,0,0,0,0,0,0,0,0,0,0,0,1,0,0,0,summer,0,1,0,0,0,0,86315.0,67722.0,70001.0,82218.0,76603.0,67722.0
2026-05-22,"87,689","44,476",4.29,,,,Outside line at Silathoranam.,15 – 18,https://news.tirumala.org/total-pilgrims-who-had-darshan-on-22-05-2026-87689/,ok,2026,5,22,4,Friday,21,2,142,0,0,0,0,0,-0.433883739117558,-0.9009688679024191,0.6433365204044917,-0.765583517007675,0,0,0,0,0,0,0,,0,0,5,6,shukla,0,0,0,0,0,0,0,0,0,0,0,0,0,1,0,0,0,summer,0,1,0,0,0,0,79603.0,75688.0,67222.0,83915.28571428571,77317.32142857143,75688.0
2026-05-23,"97,561","57,780",3.76,,,,Outside line at Bata Gangamma Temple.,24-30,https://news.tirumala.org/total-pilgrims-who-had-darshan-on-23-05-2026-97561/,ok,2026,5,23,5,Saturday,21,2,143,1,1,0,0,0,-0.9749279121818236,-0.2225209339563146,0.6300720909843687,-0.7765366444428655,0,0,0,0,0,0,0,,0,0,4,8,shukla,0,0,0,0,0,0,0,0,0,0,0,0,0,1,0,0,0,summer,0,1,0,0,0,0,87689.0,90011.0,81512.0,85629.71428571429,77975.14285714286,90011.0
2026-05-24,"98,058","49,234",4.09,4.2,,,Outside line at Silathoranam.,18-24,https://news.tirumala.org/total-pilgrims-who-had-darshan-on-24-05-2026-98058/,ok,2026,5,24,6,Sunday,21,2,144,1,0,1,0,0,-0.7818314824680299,0.6234898018587334,0.6166212130956382,-0.7872599821916922,0,0,0,0,0,0,0,,0,0,3,9,shukla,0,0,0,0,0,0,0,0,0,0,0,0,0,1,0,0,0,summer,0,1,0,0,0,0,97561.0,91020.0,85942.0,86708.28571428571,78589.82142857143,91020.0
2026-05-25,"89,399","49,985",4.92,3.88,,"3,751",Outside line at Silathoranam.,18-24,https://news.tirumala.org/total-pilgrims-who-had-darshan-on-25-05-2026-89399/,ok,2026,5,25,0,Monday,22,2,145,0,0,0,0,0,0.0,1.0,0.6029878670694714,-0.7977503570459932,0,0,0,0,0,0,0,,0,0,2,10,shukla,0,0,0,0,0,0,0,0,0,0,0,0,0,1,0,0,0,summer,0,1,0,0,0,0,98058.0,80455.0,78985.0,87713.71428571429,79239.10714285714,80455.0
2026-05-26,"89,403","44,234",4.0,4.14,2.55,"3,631",Outside line at Silathoranam.,24,https://news.tirumala.org/total-pilgrims-who-had-darshan-on-26-05-2026-89403/,ok,2026,5,26,1,Tuesday,22,2,146,0,0,0,0,0,0.7818314824680298,0.6234898018587336,0.5891760872322963,-0.8080046647350754,0,0,0,0,0,0,0,,0,0,1,11,shukla,1,0,0,0,0,0,0,0,0,0,0,0,0,1,0,0,0,summer,0,1,0,0,0,0,89399.0,84315.0,80389.0,88991.42857142857,79778.85714285714,84315.0
2026-05-27,"87,691","49,958",4.99,4.22,2.52,"3,603",Outside line at Krishna Teja Guest house.,12,https://news.tirumala.org/total-pilgrims-who-had-darshan-on-27-05-2026-89403/,ok,2026,5,27,2,Wednesday,22,2,147,0,0,0,0,0,0.9749279121818236,-0.2225209339563143,0.5751899607119775,-0.8180198708443174,1,1,1,1,1,1,1,Eid al-Adha,0,0,0,11,shukla,1,0,0,0,0,0,0,0,0,0,0,0,0,1,0,0,0,summer,0,1,0,0,0,0,89403.0,86315.0,78024.0,89718.28571428571,80508.25,86315.0
2026-05-28,"74,569","46,292",3.8,4.15,2.7,"3,592",Outside line at Silathoranam.,15-20,https://news.tirumala.org/total-pilgrims-who-had-darshan-on-28-05-2026-74569/,ok,2026,5,28,3,Thursday,22,2,148,0,0,0,0,0,0.4338837391175582,-0.900968867902419,0.5610336262283677,-0.8277930117131022,0,0,0,0,0,0,0,,0,0,-1,12,shukla,0,0,0,0,0,0,0,0,0,0,0,0,0,1,0,0,0,summer,0,1,0,0,0,0,87691.0,79603.0,67722.0,89914.85714285714,81055.71428571429,79603.0
2026-05-29,"78,389","45,283",4.15,4.07,2.94,"3,556",Outside line at Silathoranam.,24,https://news.tirumala.org/total-pilgrims-who-had-darshan-on-29-05-2026-78389/,ok,2026,5,29,4,Friday,22,2,149,0,0,0,0,0,-0.433883739117558,-0.9009688679024191,0.5467112728685939,-0.8373211953118121,0,0,0,0,0,0,0,,0,0,-2,13,shukla,0,0,0,0,0,0,0,0,0,0,0,0,0,1,0,0,0,summer,0,1,0,0,0,0,74569.0,87689.0,75688.0,89195.71428571429,81605.10714285714,87689.0
2026-05-30,"92,010","52,346",3.76,4.43,2.85,"3,631",Outside line at Silathoranam.,15-18,https://news.tirumala.org/total-pilgrims-who-had-darshan-on-30-05-2026-92010/,ok,2026,5,30,5,Saturday,22,2,150,1,1,0,0,0,-0.9749279121818236,-0.2225209339563146,0.5322271388474397,-0.8466016020976267,0,0,0,0,0,0,0,,0,0,-3,14,shukla,0,0,0,0,0,0,0,0,0,0,0,0,0,1,0,0,0,summer,0,1,0,0,0,0,78389.0,97561.0,90011.0,87867.14285714286,81868.71428571429,97561.0
2026-05-31,"90,826","42,747",3.85,3.99,2.73,"3,284",21,12,https://news.tirumala.org/total-pilgrims-who-had-darshan-on-31-05-2026-90826/,ok,2026,5,31,6,Sunday,22,2,151,1,0,1,0,1,-0.7818314824680299,0.6234898018587334,0.5175855102531889,-0.8556314858488706,0,0,0,0,0,0,0,,0,0,-4,15,shukla,0,1,0,0,0,0,0,0,0,0,0,0,0,1,0,0,0,summer,0,1,0,0,0,0,92010.0,98058.0,91020.0,87074.14285714286,81904.60714285714,98058.0
2026-06-01,"83,382","34,083",3.87,3.97,2.13,"2,943",16,8-10,https://news.tirumala.org/total-pilgrims-who-had-darshan-on-01-06-2026-83382/,ok,2026,6,1,0,Monday,23,2,152,0,0,0,1,0,0.0,1.0,0.5027907197793043,-0.8644081744776648,0,0,0,0,0,0,0,,0,0,-5,16,krishna,0,0,0,0,0,0,0,0,0,0,0,0,0,1,0,0,0,monsoon,0,0,1,0,0,0,90826.0,89399.0,80455.0,86041.0,82180.85714285714,89399.0
2026-06-02,"83,858","35,941",4.38,4.0,2.17,"3,331",22,12,https://news.tirumala.org/total-pilgrims-who-had-darshan-on-02-06-2026-83858/,ok,2026,6,2,1,Tuesday,23,2,153,0,0,0,0,0,0.7818314824680298,0.6234898018587336,0.4878471454423119,-0.8729290708206411,0,0,1,0,0,0,1,,0,0,-6,17,krishna,0,0,0,0,0,0,0,0,0,0,0,0,0,1,0,0,0,monsoon,0,0,1,0,0,0,83382.0,89403.0,84315.0,85181.42857142857,82623.21428571429,89403.0
2026-06-03,"84,220","40,542",4.16,3.99,2.17,"3,342",31,15,https://news.tirumala.org/total-pilgrims-who-had-darshan-on-03-06-2026-84220/,ok,2026,6,3,2,Wednesday,23,2,154,0,0,0,0,0,0.9749279121818236,-0.2225209339563143,0.4727592092862775,-0.881191653407483,0,0,0,0,0,0,0,,0,0,-7,18,krishna,0,0,0,0,0,0,0,0,0,0,0,0,0,1,0,0,0,monsoon,0,0,1,0,0,0,83858.0,87691.0,86315.0,84389.28571428571,82895.28571428571,87691.0
2026-06-04,"75,691","39,050",4.16,4.08,2.53,"3,290",31,18-24,https://news.tirumala.org/total-pilgrims-who-had-darshan-on-04-06-2026-75691/,ok,2026,6,4,3,Thursday,23,2,155,0,0,0,0,0,0.4338837391175582,-0.900968867902419,0.4575313760742512,-0.8891934772070711,0,0,0,0,0,0,0,,0,0,-8,19,krishna,0,0,0,0,0,0,0,0,0,0,0,0,0,1,0,0,0,monsoon,0,0,1,0,0,0,84220.0,74569.0,79603.0,83893.42857142857,83366.39285714286,74569.0
2026-06-05,"84,468","40,203",3.48,4.22,,"3,862",Outside line at Silathoranam.,15,https://news.tirumala.org/total-pilgrims-who-had-darshan-on-05-06-2026-84468/,ok,2026,6,5,4,Friday,23,2,156,0,0,0,0,0,-0.433883739117558,-0.9009688679024191,0.442168151967072,-0.8969321743510065,0,0,0,0,0,0,0,,0,0,-9,20,krishna,0,0,0,0,0,0,0,0,0,0,0,0,0,1,0,0,0,monsoon,0,0,1,0,0,0,75691.0,78389.0,87689.0,84053.71428571429,83569.60714285714,78389.0
2026-06-06,"90,107","52,236",4.23,4.35,2.95,"4,108",Outside line at Silathoranam.,20,https://news.tirumala.org/total-pilgrims-who-had-darshan-on-06-06-2026-90107/,ok,2026,6,6,5,Saturday,23,2,157,1,1,0,0,0,-0.9749279121818236,-0.2225209339563146,0.4266740831899246,-0.9044054548343,0,0,0,0,0,0,0,,0,0,-10,21,krishna,0,0,0,0,0,0,0,0,0,0,0,0,0,1,0,0,0,monsoon,0,0,1,0,0,0,84468.0,92010.0,97561.0,84922.14285714286,84185.53571428571,92010.0
2026-06-07,"93,230","41,754",3.83,4.22,3.12,"4,005",Outside line at Silathoranam.,20-24,https://news.tirumala.org/total-pilgrims-who-had-darshan-on-07-06-2026-93230/,ok,2026,6,7,6,Sunday,23,2,158,1,0,1,0,0,-0.7818314824680299,0.6234898018587334,0.4110537546870351,-0.911611107193024,0,0,0,0,0,0,0,,0,0,-11,22,krishna,0,0,0,0,0,0,0,0,0,0,0,0,0,1,0,0,0,monsoon,0,0,1,0,0,0,90107.0,90826.0,98058.0,84650.28571428571,84492.5,90826.0
2026-06-08,"95,152","40,601",4.44,4.21,2.83,"3,830",Outside line at Silathoranam.,15-18,https://news.tirumala.org/total-pilgrims-who-had-darshan-on-08-06-2026-95152/,ok,2026,6,8,0,Monday,24,2,159,0,0,0,0,0,0.0,1.0,0.3953117887649151,-0.9185469991587164,0,0,0,0,0,0,0,,0,0,-12,23,krishna,0,0,0,0,0,0,0,0,0,0,0,0,0,1,0,0,0,monsoon,0,0,1,0,0,0,93230.0,83382.0,89399.0,84993.71428571429,84752.78571428571,83382.0
2026-06-09,"83,812","38,345",4.31,4.02,2.7,"3,732",Outside line at Silathoranam.,15-18,https://news.tirumala.org/total-pilgrims-who-had-darshan-on-09-06-2026-83812/,ok,2026,6,9,1,Tuesday,24,2,160,0,0,0,0,0,0.7818314824680298,0.6234898018587336,0.3794528437245443,-0.925211078289358,0,0,0,0,0,0,0,,0,0,-13,24,krishna,0,0,0,0,0,0,0,0,0,0,0,0,0,1,0,0,0,monsoon,0,0,1,0,0,0,95152.0,83858.0,89403.0,86675.14285714286,85330.17857142857,83858.0
2026-06-10,"86,124","41,520",3.51,3.97,2.76,"3,972",Outside line at Silathoranam.,18,https://news.tirumala.org/total-pilgrims-who-had-darshan-on-10-06-2026-86124/,ok,2026,6,10,2,Wednesday,24,2,161,0,0,0,0,0,0.9749279121818236,-0.2225209339563143,0.3634816124829063,-0.9316013725767188,0,0,0,0,0,0,0,,0,0,-14,25,krishna,0,0,0,0,0,0,0,0,0,0,0,0,0,1,0,0,0,monsoon,0,0,1,0,0,0,83812.0,84220.0,87691.0,86668.57142857143,85452.42857142857,84220.0
2026-06-11,"75,428","42,566",4.5,4.34,2.98,"4,122",Out side line at Octopus Building (Near Gogarbam Dam Circle).,18,https://news.tirumala.org/total-pilgrims-who-had-darshan-on-11-06-2026-75428/,ok,2026,6,11,3,Thursday,24,2,162,0,0,0,0,0,0.4338837391175582,-0.900968867902419,0.3474028211842774,-0.9377159910299092,0,0,0,0,0,0,0,,0,0,-15,26,krishna,1,0,0,0,0,0,0,0,0,0,0,0,0,1,0,0,0,monsoon,0,0,1,0,0,0,86124.0,75691.0,74569.0,86940.57142857143,85741.71428571429,75691.0
2026-06-12,"74,636","43,084",4.64,4.21,3.18,"4,253",Out side line at Octopus Building (Near Gogarbam Dam Circle).,24,https://news.tirumala.org/total-pilgrims-who-had-darshan-on-12-06-2026-74636/,ok,2026,6,12,4,Friday,24,2,163,0,0,0,0,0,-0.433883739117558,-0.9009688679024191,0.3312212278016865,-0.9435531242349544,0,0,0,0,0,0,0,,0,0,14,27,krishna,0,0,0,0,0,0,0,0,0,0,0,0,0,0,0,0,0,monsoon,0,0,1,0,0,0,75428.0,84468.0,78389.0,86903.0,86016.92857142857,84468.0
2026-06-13,"92,830","48,987",3.6,4.64,3.37,"4,069",Out side line at Octopus Building (Near Gogarbam Dam Circle).,24-30,https://news.tirumala.org/total-pilgrims-who-had-darshan-on-13-06-2026-92830/,ok,2026,6,13,5,Saturday,24,2,164,1,1,0,0,0,-0.9749279121818236,-0.2225209339563146,0.3149416207289519,-0.9491110448902284,0,0,0,0,0,0,0,,0,0,13,28,krishna,0,0,0,0,0,0,0,0,0,0,0,0,0,0,0,0,0,monsoon,0,0,1,0,0,0,74636.0,90107.0,92010.0,85498.42857142857,85979.35714285714,90107.0
2026-06-14,"91,478","32,376",5.04,4.15,2.6,,30.,12-15,https://news.tirumala.org/total-pilgrims-who-had-darshan-on-14-06-2026-91478/,ok,2026,6,14,6,Sunday,24,2,165,1,0,1,0,0,-0.7818314824680299,0.6234898018587334,0.2985688173637202,-0.9543881083175908,0,0,0,0,0,0,0,,0,0,12,29,krishna,0,0,0,0,0,0,0,0,0,0,0,0,0,0,0,0,0,monsoon,0,0,1,0,0,0,92830.0,93230.0,90826.0,85887.42857142857,86080.03571428571,93230.0
2026-06-15,,,,,,,,,,not_found,2026,6,15,0,Monday,25,2,166,0,0,0,0,0,0.0,1.0,0.2821076626819194,-0.9593827529490744,0,0,0,0,0,0,0,,0,0,11,30,krishna,0,0,1,0,0,0,0,0,0,0,0,0,0,0,0,0,0,monsoon,0,0,1,0,0,0,91478.0,95152.0,83382.0,85637.14285714286,86096.39285714286,95152.0
2026-06-16,"86,601","31,111",4.72,4.32,2.16,"3,305",25,12.15,https://news.tirumala.org/total-pilgrims-who-had-darshan-on-16-06-2026-86601/,ok,2026,6,16,1,Tuesday,25,2,167,0,0,0,0,0,0.7818314824680298,0.6234898018587336,0.2655630278040559,-0.9640935007889756,0,0,0,0,0,0,0,,0,0,10,2,shukla,0,0,0,0,0,0,0,0,0,0,0,0,0,0,0,0,0,monsoon,0,0,1,0,0,0,,83812.0,83858.0,84051.33333333333,86305.33333333333,83812.0
2026-06-17,"82,438","39,948",4.24,4.16,2.14,"3,052",31,10,https://news.tirumala.org/total-pilgrims-who-had-darshan-on-17-06-2026-82438/,ok,2026,6,17,2,Wednesday,25,2,168,0,0,0,0,0,0.9749279121818236,-0.2225209339563143,0.2489398085537665,-0.9685189578512204,0,0,0,0,0,0,0,,0,0,9,3,shukla,0,0,0,0,0,0,0,0,0,0,0,0,0,0,0,0,0,monsoon,0,0,1,0,0,0,86601.0,86124.0,84220.0,84516.16666666667,86390.0,86124.0
2026-06-18,"72,703","37,581",4.02,4.34,2.42,"3,402",Out side line at Silathoranam.,24,https://news.tirumala.org/total-pilgrims-who-had-darshan-on-18-06-2026-72703/,ok,2026,6,18,3,Thursday,25,2,169,0,0,0,0,0,0.4338837391175582,-0.900968867902419,0.2322429240090701,-0.9726578145718654,0,0,0,0,0,0,0,,0,0,8,4,shukla,0,0,0,0,0,0,0,0,0,0,0,0,0,0,0,0,0,monsoon,0,0,1,0,0,0,82438.0,75428.0,75691.0,83901.83333333333,86246.4074074074,75428.0
2026-06-19,"74,128","36,053",3.58,3.98,2.75,"3,745",Outside line at Silathoranam.,24,https://news.tirumala.org/total-pilgrims-who-had-darshan-on-19-06-2026-74128/,ok,2026,6,19,4,Friday,25,2,170,0,0,0,0,0,-0.433883739117558,-0.9009688679024191,0.2154773150467301,-0.976508846196619,0,0,0,0,0,0,0,,0,0,7,5,shukla,0,0,0,0,0,0,0,0,0,0,0,0,0,0,0,0,0,monsoon,0,0,1,0,0,0,72703.0,74636.0,84468.0,83447.66666666667,85990.85185185185,74636.0
2026-06-20,"93,303","41,688",4.49,4.58,2.8,"3,617",Outside line at Silathoranam.,15 -18,https://news.tirumala.org/total-pilgrims-who-had-darshan-on-20-06-2026-93303/,ok,2026,6,20,5,Saturday,25,2,171,1,1,0,0,0,-0.9749279121818236,-0.2225209339563146,0.1986479428801711,-0.9800709131432666,0,0,0,0,0,0,0,,0,0,6,6,shukla,0,0,0,0,0,0,0,0,0,0,0,0,0,0,0,0,0,monsoon,0,0,1,0,0,0,74128.0,92830.0,90107.0,83363.0,85488.5925925926,92830.0
2026-06-21,"90,072","33,459",4.08,4.34,2.8,"3,295",Outside line at Silathoranam.,15,https://news.tirumala.org/total-pilgrims-who-had-darshan-on-21-06-2026-90072/,ok,2026,6,21,6,Sunday,25,2,172,1,0,1,0,0,-0.7818314824680299,0.6234898018587334,0.1817597875913753,-0.9833429613388902,0,0,0,0,0,0,0,,0,0,5,7,shukla,0,0,0,0,0,0,0,0,0,0,0,0,0,0,0,0,0,monsoon,0,0,1,0,0,0,93303.0,91478.0,93230.0,83441.83333333333,85330.88888888889,91478.0
2026-06-22,"86,021","33,356",4.49,4.08,2.16,"2,703",27,8- 10,https://news.tirumala.org/total-pilgrims-who-had-darshan-on-22-06-2026-86021/,ok,2026,6,22,0,Monday,26,2,173,0,0,0,0,0,0.0,1.0,0.1648178466571979,-0.9863240225317866,0,0,0,0,0,0,0,,0,0,4,8,shukla,0,0,0,0,0,0,0,0,0,0,0,0,0,0,0,0,0,monsoon,0,0,1,0,0,0,90072.0,,95152.0,83207.5,85035.11111111111,
2026-06-23,"84,235","29,745",5.18,4.2,2.2,"2,940",21,8- 10,https://news.tirumala.org/total-pilgrims-who-had-darshan-on-23-06-2026-84235/,ok,2026,6,23,1,Tuesday,26,2,174,0,0,0,0,0,0.7818314824680298,0.6234898018587336,0.1478271334705304,-0.9890132145779884,0,0,0,0,0,0,0,,0,0,3,9,shukla,0,0,0,0,0,0,0,0,0,0,0,0,0,0,0,0,0,monsoon,0,0,1,0,0,0,86021.0,86601.0,83812.0,83609.42857142857,84910.0,86601.0
2026-06-24,"70,139","34,940",4.63,3.44,2.05,"2,561",31,12,https://news.tirumala.org/total-pilgrims-who-had-darshan-on-24-06-2026-70139/,ok,2026,6,24,2,Wednesday,26,2,175,0,0,0,0,0,0.9749279121818236,-0.2225209339563143,0.1307926758567592,-0.9914097417023038,0,0,0,0,0,0,0,,0,0,2,10,shukla,0,0,0,0,0,0,0,0,0,0,0,0,0,0,0,0,0,monsoon,0,0,1,0,0,0,84235.0,82438.0,86124.0,83271.42857142857,84718.5925925926,82438.0
2026-06-25,"62,925","36,297",3.77,4.23,2.4,"2,910",Outside line at Bata Gangamma Temple.,24,https://news.tirumala.org/total-pilgrims-who-had-darshan-on-25-06-2026-62925/,ok,2026,6,25,3,Thursday,26,2,176,0,0,0,0,0,0.4338837391175582,-0.900968867902419,0.1137195145859496,-0.9935128947338008,0,0,0,0,0,0,0,,0,0,1,11,shukla,1,0,0,0,0,0,0,0,0,0,0,0,0,0,0,0,0,monsoon,0,0,1,0,0,0,70139.0,72703.0,75428.0,81514.42857142857,84068.51851851853,72703.0
2026-06-26,"81,340","44,874",3.76,4.42,3.31,"3,916",Out side line at Octopus Building (Near Gogarbam Dam circle ).,18 – 24,https://news.tirumala.org/total-pilgrims-who-had-darshan-on-26-06-2026-81340/,ok,2026,6,26,4,Friday,26,2,177,0,0,0,0,0,-0.433883739117558,-0.9009688679024191,0.0966127018812031,-0.9953220513156602,1,1,1,1,1,1,1,Ashura,1,0,0,12,shukla,0,0,0,0,0,0,0,0,0,0,0,0,0,0,0,0,0,monsoon,0,0,1,0,0,0,62925.0,74128.0,74636.0,80117.57142857143,83637.25925925926,74128.0
2026-06-27,"85,582","44,155",3.76,4.66,3.43,"3,583",Outside line at Bata Gangamma Temple.,30,https://news.tirumala.org/total-pilgrims-who-had-darshan-on-27-06-2026-85582/,ok,2026,6,27,5,Saturday,26,2,178,1,1,0,0,0,-0.9749279121818236,-0.2225209339563146,0.0794772999236209,-0.9968366760893436,0,0,0,0,0,0,0,,1,0,-1,13,shukla,0,0,0,0,0,0,0,0,0,0,0,0,0,0,0,0,0,monsoon,0,0,1,0,0,0,81340.0,93303.0,92830.0,81147.85714285714,83746.55555555556,93303.0
2026-06-28,"91,793","31,221",4.9,4.38,3.13,"3,515",Out side line at Sila thoranam.,18 – 24,https://news.tirumala.org/total-pilgrims-who-had-darshan-on-28-06-2026-91793/,ok,2026,6,28,6,Sunday,26,2,179,1,0,1,0,0,-0.7818314824680299,0.6234898018587334,0.062318379354325,-0.998056320853012,0,0,0,0,0,0,0,,1,0,-2,14,shukla,0,0,0,0,0,0,0,0,0,0,0,0,0,0,0,0,0,monsoon,0,0,1,0,0,0,85582.0,90072.0,91478.0,80044.85714285714,83508.48148148147,90072.0
2026-06-29,"95,498","30,231",5.63,4.34,2.58,"3,172",21.,10-12,https://news.tirumala.org/total-pilgrims-who-had-darshan-on-29-06-2026-95498/,ok,2026,6,29,0,Monday,27,2,180,0,0,0,0,0,0.0,1.0,0.0451410177739719,-0.998980624694158,0,0,0,0,0,0,0,,0,0,-3,15,shukla,0,1,0,0,0,0,0,0,0,0,0,0,0,0,0,0,0,monsoon,0,0,1,0,0,0,91793.0,86021.0,,80290.71428571429,83544.29629629629,86021.0
2026-06-30,"80,167","28,270",4.96,4.1,1.97,"2,716",15.,8,https://news.tirumala.org/total-pilgrims-who-had-darshan-on-30-06-2026-80167/,ok,2026,6,30,1,Tuesday,27,2,181,0,0,0,0,1,0.7818314824680298,0.6234898018587336,0.0279502982402103,-0.999609314096404,0,0,0,0,0,0,0,,0,0,-4,16,krishna,0,0,0,0,0,0,0,0,0,0,0,0,0,0,0,0,0,monsoon,0,0,1,0,0,0,95498.0,84235.0,86601.0,81644.57142857143,83993.03703703704,84235.0
2026-07-01,"78,067","31,158",4.39,4.16,1.93,"2,601",27.,10-15,https://news.tirumala.org/total-pilgrims-who-had-darshan-on-01-07-2026-78067/,ok,2026,7,1,2,Wednesday,27,3,182,0,0,0,1,0,0.9749279121818236,-0.2225209339563143,0.0107513077635219,-0.9999422030204416,0,0,0,0,0,0,0,,0,0,-5,16,krishna,0,0,0,0,0,0,0,0,0,0,0,0,0,0,0,0,0,monsoon,0,0,1,0,0,0,80167.0,70139.0,82438.0,81063.42857142857,83856.33333333333,70139.0
2026-07-02,"66,304","31,811",4.51,4.05,1.93,"3,392",Outside line at Krishna Teja Guest house.,12,https://news.tirumala.org/total-pilgrims-who-had-darshan-on-02-07-2026-66304/,ok,2026,7,2,3,Thursday,27,3,183,0,0,0,0,0,0.4338837391175582,-0.900968867902419,-0.0064508641981051,-0.9999791929590824,0,0,0,0,0,0,0,,0,0,-6,17,krishna,0,0,0,0,0,0,0,0,0,0,0,0,0,0,0,0,0,monsoon,0,0,1,0,0,0,78067.0,62925.0,72703.0,82196.0,83628.44444444444,62925.0
2026-07-03,"71,668","32,975",4.16,4.0,2.49,"3,332",Outside line at Silathoranam.,12 – 15,https://news.tirumala.org/total-pilgrims-who-had-darshan-on-03-07-2026-71668/,ok,2026,7,3,4,Friday,27,3,184,0,0,0,0,0,-0.433883739117558,-0.9009688679024191,-0.0236511272452315,-0.9997202729664084,0,0,0,0,0,0,0,,0,0,-7,18,krishna,0,0,0,0,0,0,0,0,0,0,0,0,0,0,0,0,0,monsoon,0,0,1,0,0,0,66304.0,81340.0,74128.0,82678.71428571429,83280.77777777778,81340.0
2026-07-04,"90,546","36,303",3.93,4.61,2.54,"3,162",Outside line at Silathoranam.,18 – 24,https://news.tirumala.org/total-pilgrims-who-had-darshan-on-04-07-2026-90546/,ok,2026,7,4,5,Saturday,27,3,185,1,1,0,0,0,-0.9749279121818236,-0.2225209339563146,-0.0408443915432961,-0.9991655196610107,0,0,0,0,0,0,0,,0,0,-8,19,krishna,0,0,0,0,0,0,0,0,0,0,0,0,0,0,0,0,0,monsoon,0,0,1,0,0,0,71668.0,85582.0,93303.0,81297.0,82806.70370370371,85582.0
2026-07-05,"88,412","31,273",5.05,4.24,2.55,"3,001",24,8,https://news.tirumala.org/total-pilgrims-who-had-darshan-on-05-07-2026-88412/,ok,2026,7,5,6,Sunday,27,3,186,1,0,1,0,0,-0.7818314824680299,0.6234898018587334,-0.0580255693287803,-0.9983150972033183,0,0,0,0,0,0,0,,0,0,-9,20,krishna,0,0,0,0,0,0,0,0,0,0,0,0,0,0,0,0,0,monsoon,0,0,1,0,0,0,90546.0,91793.0,90072.0,82006.14285714286,82822.96296296296,91793.0
2026-07-06,"81,692","35,361",4.72,4.17,2.05,"2,793",29,12,https://news.tirumala.org/total-pilgrims-who-had-darshan-on-06-07-2026-81692/,ok,2026,7,6,0,Monday,28,3,187,0,0,0,0,0,0.0,1.0,-0.0751895764147585,-0.9971692572470178,0,0,0,0,0,0,0,,0,0,-10,21,krishna,0,0,0,0,0,0,0,0,0,0,0,0,0,0,0,0,0,monsoon,0,0,1,0,0,0,88412.0,95498.0,86021.0,81523.14285714286,82644.51851851853,95498.0
2026-07-07,"80,706","34,838",4.86,4.04,2.42,"3,125",Outside line at Silathoranam.,24,https://news.tirumala.org/total-pilgrims-who-had-darshan-on-07-07-2026-80706/,ok,2026,7,7,1,Tuesday,28,3,188,0,0,0,0,0,0.7818314824680298,0.6234898018587336,-0.0923313336953912,-0.9957283388645872,0,0,0,0,0,0,0,,0,0,-11,22,krishna,0,0,0,0,0,0,0,0,0,0,0,0,0,0,0,0,0,monsoon,0,0,1,0,0,0,81692.0,80167.0,84235.0,79550.85714285714,82146.0,80167.0
2026-07-08,"82,172","36,978",5.15,4.25,2.57,"3,234",Outside line at Silathoranam.,18,https://news.tirumala.org/total-pilgrims-who-had-darshan-on-08-07-2026-82172/,ok,2026,7,8,2,Wednesday,28,3,189,0,0,0,0,0,0.9749279121818236,-0.2225209339563143,-0.1094457686489155,-0.993992768446958,0,0,0,0,0,0,0,,0,0,-12,23,krishna,0,0,0,0,0,0,0,0,0,0,0,0,0,0,0,0,0,monsoon,0,0,1,0,0,0,80706.0,78067.0,70139.0,79627.85714285714,82030.96296296296,78067.0
2026-07-09,"70,141","33,821",4.23,4.05,2.62,"3,586",Outside line at Silathoranam.,24,https://news.tirumala.org/total-pilgrims-who-had-darshan-on-09-07-2026-70141/,ok,2026,7,9,3,Thursday,28,3,190,0,0,0,0,0,0.4338837391175582,-0.900968867902419,-0.1265278168386831,-0.9919630595773395,0,0,0,0,0,0,0,,0,0,-13,24,krishna,0,0,0,0,0,0,0,0,0,0,0,0,0,0,0,0,0,monsoon,0,0,1,0,0,0,82172.0,66304.0,62925.0,80214.28571428571,81884.5925925926,66304.0
2026-07-10,"73,265","39,690",4.26,4.09,2.98,"3,899",Outside line at Pachikalva Gangamma Temple.,24 -30,https://news.tirumala.org/total-pilgrims-who-had-darshan-on-10-07-2026-73265/,ok,2026,7,10,4,Friday,28,3,191,0,0,0,0,0,-0.433883739117558,-0.9009688679024191,-0.1435724234118113,-0.9896398128792412,0,0,0,0,0,0,0,,0,0,-14,25,krishna,0,0,0,0,0,0,0,0,0,0,0,0,0,0,0,0,0,monsoon,0,0,1,0,0,0,70141.0,71668.0,81340.0,80762.42857142857,81688.77777777778,71668.0
2026-07-11,"92,017","47,949",3.93,4.63,3.23,"4,032",Outside line at Sevasadhan.,24,https://news.tirumala.org/total-pilgrims-who-had-darshan-on-11-07-2026-92017/,ok,2026,7,11,5,Saturday,28,3,192,1,1,0,0,0,-0.9749279121818236,-0.2225209339563146,-0.1605745445949937,-0.9870237158387384,0,0,0,0,0,0,0,,0,0,-15,27,krishna,0,0,0,0,0,0,0,0,0,0,0,0,0,0,0,0,0,monsoon,0,0,1,0,0,0,73265.0,90546.0,85582.0,80990.57142857143,81638.0,90546.0
2026-07-12,"90,130","38,075",4.13,4.24,3.11,"4,104",Outside line at Silathoranam.,20- 24,https://news.tirumala.org/total-pilgrims-who-had-darshan-on-12-07-2026-90130/,ok,2026,7,12,6,Sunday,28,3,193,1,0,1,0,0,-0.7818314824680299,0.6234898018587334,-0.1775291491870349,-0.984115542601034,0,0,0,0,0,0,0,,0,0,-16,28,krishna,0,0,0,0,0,0,0,0,0,0,0,0,0,0,0,0,0,monsoon,0,0,1,0,0,0,92017.0,88412.0,91793.0,81200.71428571429,81607.88888888889,88412.0
2026-07-13,"75,836","34,076",5.03,4.19,2.73,"3,980",Outside line at Krishna Teja Guest House.,24,https://news.tirumala.org/total-pilgrims-who-had-darshan-on-13-07-2026-75836/,ok,2026,7,13,0,Monday,29,3,194,0,0,0,0,0,0.0,1.0,-0.1944312200476619,-0.9809161537413774,0,0,0,0,0,0,0,,0,0,-17,29,krishna,0,0,0,0,0,0,0,0,0,0,0,0,0,0,0,0,0,monsoon,0,0,1,0,0,0,90130.0,81692.0,95498.0,81446.14285714286,81557.96296296296,81692.0
2026-07-14,"75,485","30,939",4.36,3.7,2.99,"3,928",Outside line at Silathoranam.,15- 18,https://news.tirumala.org/total-pilgrims-who-had-darshan-on-14-07-2026-75485/,ok,2026,7,14,1,Tuesday,29,3,195,0,0,0,0,0,0.7818314824680298,0.6234898018587336,-0.2112757555821793,-0.9774264960104057,0,0,0,0,0,0,0,,0,0,-18,30,krishna,0,0,1,0,0,0,0,0,0,0,0,0,0,0,0,0,0,monsoon,0,0,1,0,0,0,75836.0,80706.0,80167.0,80609.57142857143,81353.60714285714,80706.0
2026-07-15,"82,255","32,683",3.76,4.43,2.64,"3,496",Outside line at Silathoranam.,20-24,https://news.tirumala.org/total-pilgrims-who-had-darshan-on-15-07-2026-82255/,ok,2026,7,15,2,Wednesday,29,3,196,0,0,0,0,0,0.9749279121818236,-0.2225209339563143,-0.2280577712215198,-0.9736476020539838,0,0,0,0,0,0,0,,0,0,-19,1,shukla,0,0,0,0,0,0,0,0,0,0,0,0,0,0,0,0,0,monsoon,0,0,1,0,0,0,75485.0,82172.0,78067.0,79863.71428571429,80956.60714285714,82172.0
2026-07-16,"63,556","35,900",5.31,4.12,2.55,"4,051",Outside line at Octopus Building (Near Gogarbham Dam Circle).,24 – 30,https://news.tirumala.org/total-pilgrims-who-had-darshan-on-16-07-2026-63556/,ok,2026,7,16,3,Thursday,29,3,197,0,0,0,0,0,0.4338837391175582,-0.900968867902419,-0.2447723008972595,-0.9695805901076308,0,0,0,0,0,0,0,,0,0,-20,2,shukla,0,0,0,0,0,0,0,0,0,0,0,0,0,0,0,0,0,monsoon,0,0,1,0,0,0,82255.0,70141.0,66304.0,79875.57142857143,80950.07142857143,70141.0
2026-07-17,"74,096","36,562",3.66,4.0,2.98,"3,890",Outside line at Silathoranam.,24,https://news.tirumala.org/total-pilgrims-who-had-darshan-on-17-07-2026-74096/,ok,2026,7,17,4,Friday,29,3,198,0,0,0,0,0,-0.433883739117558,-0.9009688679024191,-0.2614143985111562,-0.965226663665613,0,0,0,0,0,0,0,,0,0,-21,3,shukla,0,0,0,0,0,0,0,0,0,0,0,0,0,0,0,0,0,monsoon,0,0,1,0,0,0,63556.0,73265.0,71668.0,78934.85714285714,80623.39285714286,73265.0
2026-07-18,"90,045","38,573",4.06,4.73,3.1,"3,616",Outside line at Silathoranam.,24,https://news.tirumala.org/total-pilgrims-who-had-darshan-on-18-07-2026-90045-2/,ok,2026,7,18,5,Saturday,29,3,199,1,1,0,0,0,-0.9749279121818236,-0.2225209339563146,-0.2779791393987801,-0.9605871111248128,0,0,0,0,0,0,0,,0,0,-22,5,shukla,0,0,0,0,0,0,0,0,0,0,0,0,0,0,0,0,0,monsoon,0,0,1,0,0,0,74096.0,92017.0,90546.0,79053.57142857143,80622.25,92017.0
2026-07-19,"90,956","33,046",4.05,4.44,2.94,"3,708",31,18,https://news.tirumala.org/total-pilgrims-who-had-darshan-on-19-07-2026-90956/,ok,2026,7,19,6,Sunday,29,3,200,1,0,1,0,0,-0.7818314824680299,0.6234898018587334,-0.2944616217868012,-0.9556633054034704,0,0,0,0,0,0,0,,0,0,-23,6,shukla,0,0,0,0,0,0,0,0,0,0,0,0,0,0,0,0,0,monsoon,0,0,1,0,0,0,90045.0,90130.0,88412.0,78771.85714285714,80505.89285714286,90130.0
2026-07-24,"78,721","38,018",4.98,4.37,2.87,"3,682",Outside line at Silathoranam.,20 – 24,https://news.tirumala.org/total-pilgrims-who-had-darshan-on-24-07-2026-78721/,ok,2026,7,24,4,Friday,30,3,205,0,0,0,0,0,-0.433883739117558,-0.9009688679024191,-0.3754703786876202,-0.9268343944460494,0,0,0,0,0,0,0,,0,0,-28,10,shukla,0,0,0,0,0,0,0,0,0,0,0,0,0,0,0,0,0,monsoon,0,0,1,0,0,0,70216.0,74096.0,73265.0,80786.57142857143,80790.64285714286,74096.0
2026-07-25,"84,488","37,061",3.78,4.28,2.74,"3,789",Outside line at Silathoranam.,20 – 24,https://news.tirumala.org/total-pilgrims-who-had-darshan-on-25-07-2026-84488/,ok,2026,7,25,5,Saturday,30,3,206,1,1,0,0,0,-0.9749279121818236,-0.2225209339563146,-0.3913578365610259,-0.9202385798054076,0,0,0,0,0,0,0,,0,0,-29,11,shukla,1,0,0,0,0,0,0,0,0,0,0,0,0,0,0,0,0,monsoon,0,0,1,0,0,0,78721.0,90045.0,92017.0,81447.28571428571,80697.10714285714,90045.0
2026-07-26,"90,012","28,345",4.99,4.5,2.71,"3,254",23,8,https://news.tirumala.org/total-pilgrims-who-had-darshan-on-26-07-2026-90012/,ok,2026,7,26,6,Sunday,30,3,207,1,0,1,0,0,-0.7818314824680299,0.6234898018587334,-0.4071294853542516,-0.9133704517637858,0,0,0,0,0,0,0,,0,0,-30,12,shukla,0,0,0,0,0,0,0,0,0,0,0,0,0,0,0,0,0,monsoon,0,0,1,0,0,0,84488.0,90956.0,90130.0,80653.42857142857,80658.03571428571,90956.0
2026-07-27,"80,003","32,918",4.59,4.12,2.12,"2,613",27,12-15,https://news.tirumala.org/total-pilgrims-who-had-darshan-on-27-07-2026-80003/,ok,2026,7,27,0,Monday,31,3,208,0,0,0,0,0,0.0,1.0,-0.4227806579826773,-0.9062320427107696,0,0,0,0,0,0,0,,0,0,-31,13,shukla,0,0,0,0,0,0,0,0,0,0,0,0,0,0,0,0,0,monsoon,0,0,1,0,0,0,90012.0,80214.0,75836.0,80518.57142857143,80594.42857142857,80214.0
2026-07-28,"78,709","31,312",4.76,3.97,2.26,"2,939",31,18,https://news.tirumala.org/total-pilgrims-who-had-darshan-on-28-07-2026-78709/,ok,2026,7,28,1,Tuesday,31,3,209,0,0,0,0,0,0.7818314824680298,0.6234898018587336,-0.4383067230125192,-0.898825465016444,0,0,0,0,0,0,0,,0,0,-32,14,shukla,0,0,0,0,0,0,0,0,0,0,0,0,0,0,0,0,0,monsoon,0,0,1,0,0,0,80003.0,82105.0,75485.0,80488.42857142857,80041.03571428571,82105.0
2026-07-29,"74,471","31,319",4.68,4.09,2.59,"2,946",Outside line at Silathoranam.,12,https://news.tirumala.org/total-pilgrims-who-had-darshan-on-29-07-2026-74471/,ok,2026,7,29,2,Wednesday,31,3,210,0,0,0,0,0,0.9749279121818236,-0.2225209339563143,-0.4537030860313442,-0.8911529104063088,0,0,0,0,0,0,0,,0,0,-33,15,shukla,0,1,0,0,0,0,0,0,0,0,0,0,0,0,0,0,0,monsoon,0,0,1,0,0,0,78709.0,77874.0,82255.0,80003.28571428571,79988.96428571429,77874.0
2026-07-30,"67,063","25,565",4.81,4.27,2.53,"3,166",Outside line at Krishna Teja Guest house.,18-20,https://news.tirumala.org/total-pilgrims-who-had-darshan-on-30-07-2026-67063/,ok,2026,7,30,3,Thursday,31,3,211,0,0,0,0,0,0.4338837391175582,-0.900968867902419,-0.4689651910076318,-0.8832166493127127,0,0,0,0,0,0,0,,0,0,-34,16,krishna,0,0,0,0,0,0,0,0,0,0,0,0,0,0,0,0,0,monsoon,0,0,1,0,0,0,74471.0,70216.0,63556.0,79517.14285714286,79860.53571428571,70216.0
2026-07-31,"71,393","27,846",4.46,4.33,2.58,"3,285",31,12-15,https://news.tirumala.org/total-pilgrims-who-had-darshan-on-31-07-2026-71393/,ok,2026,7,31,4,Friday,31,3,212,0,0,0,0,1,-0.433883739117558,-0.9009688679024191,-0.4840885216389758,-0.8750190302029955,0,0,0,0,0,0,0,,0,0,-35,17,krishna,0,0,0,0,0,0,0,0,0,0,0,0,0,0,0,0,0,monsoon,0,0,1,0,0,0,67063.0,78721.0,74096.0,79066.71428571429,79887.64285714286,78721.0
2026-08-01,"86,231","32,017",3.74,4.73,2.47,,31,10,https://news.tirumala.org/total-pilgrims-who-had-darshan-on-01-08-2026-86231/,ok,2026,8,1,5,Saturday,31,3,213,1,1,0,1,0,-0.9749279121818236,-0.2225209339563146,-0.4990686026885319,-0.8665624788845385,0,0,0,0,0,0,0,,0,0,-36,18,krishna,0,0,0,0,0,0,0,0,0,0,0,0,0,0,0,0,0,monsoon,0,0,1,0,0,0,71393.0,84488.0,90045.0,78019.85714285714,79877.82142857143,84488.0
2026-08-02,"84,645","29,700",4.5,3.95,2.28,,17,12-15,https://news.tirumala.org/total-pilgrims-who-had-darshan-on-02-08-2026-84645/,ok,2026,8,2,6,Sunday,31,3,214,1,0,1,0,0,-0.7818314824680299,0.6234898018587334,-0.5139010013093103,-0.8578494977869301,0,0,0,0,0,0,0,,0,0,-37,19,krishna,0,0,0,0,0,0,0,0,0,0,0,0,0,0,0,0,0,monsoon,0,0,1,0,0,0,86231.0,90012.0,90956.0,78268.85714285714,79723.71428571429,90012.0
2026-08-03,"78,561","33,361",4.31,3.85,2.06,,30,15,https://news.tirumala.org/total-pilgrims-who-had-darshan-on-03-08-2026-78561/,ok,2026,8,3,0,Monday,32,3,215,0,0,0,0,0,0.0,1.0,-0.5285813283559292,-0.8488826652214553,0,0,0,0,0,0,0,,0,0,-38,20,krishna,0,0,0,0,0,0,0,0,0,0,0,0,0,0,0,0,0,monsoon,0,0,1,0,0,0,84645.0,80003.0,80214.0,77502.14285714286,79589.17857142857,80003.0
2026-08-04,,,,,,,,,,not_found,2026,8,4,1,Tuesday,32,3,216,0,0,0,0,0,0.7818314824680298,0.6234898018587336,-0.5431052396834317,-0.8396646346181327,0,0,0,0,0,0,0,,0,0,-39,21,krishna,0,0,0,0,0,0,0,0,0,0,0,0,0,0,0,0,0,monsoon,0,0,1,0,0,0,78561.0,78709.0,82105.0,77296.14285714286,79477.35714285714,78709.0
2026-08-05,,,,,,,,,,not_found,2026,8,5,2,Wednesday,32,3,217,0,0,0,0,0,0.9749279121818236,-0.2225209339563143,-0.5574684374327892,-0.8301981337405212,0,0,0,0,0,0,0,,0,0,-40,22,krishna,0,0,0,0,0,0,0,0,0,0,0,0,0,0,0,0,0,monsoon,0,0,1,0,0,0,,74471.0,77874.0,77060.66666666667,79431.85185185185,74471.0
